NAME,DISTURBANCE_ID,TM,TYPE,DATA_SRC,SURFACE_CODE,CYC_TYPE,lat,lon,POSITION_METHOD,POSITION_UNCERTAINTY,DVORAK_DATA_T_NO,DVORAK_MODEL_T_NO,DVORAK_PATTERN_T_NO,DVORAK_FINAL_T_NO,DVORAK_CI_NO,CENTRAL_PRES,CENTRAL_PRES_UNCERTAINTY,CENTRAL_PRES_METHOD,PRES_WIND_RELATION_USED,ENV_PRES,ENV_PRES_UNCERTAINTY,MN_RADIUS_OUTER_ISOBAR,MN_RAD_OUT_ISOBAR_UNCERTAINTY,MN_RADIUS_GF_WIND,MN_RADIUS_GF_SECNE,MN_RADIUS_GF_SECSE,MN_RADIUS_GF_SECSW,MN_RADIUS_GF_SECNW,MN_RADIUS_SF_WIND,MN_RADIUS_SF_SECNE,MN_RADIUS_SF_SECSE,MN_RADIUS_SF_SECSW,MN_RADIUS_SF_SECNW,MN_RADIUS_HF_WIND,MN_RADIUS_HF_SECNE,MN_RADIUS_HF_SECSE,MN_RADIUS_HF_SECSW,MN_RADIUS_HF_SECNW,MN_RADIUS_MAX_WIND,MN_RADIUS_MAX_WIND_UNCERTAINTY,MN_RADIUS_GF_WIND_UNCERTAINTY,MN_RADIUS_SF_WIND_UNCERTAINTY,MN_RADIUS_HF_WIND_UNCERTAINTY,MN_RADIUS_MAX_WIND_METHOD,MN_RADIUS_GF_WIND_METHOD,MN_RADIUS_SF_WIND_METHOD,MN_RADIUS_HF_WIND_METHOD,WIND_SPD_PER,MAX_WIND_SPD,MAX_WIND_SPD_UNCERTAINTY,MAX_WIND_SPD_METHOD,MAX_WIND_GUST_PER,MAX_WIND_GUST,MAX_WIND_GUST_METHOD,MN_EYE_RAD,MN_EYE_RAD_UNCERTAINTY,MN_EYE_RAD_METHOD,MAX_REP_WIND_SPD,MAX_REP_WIND_DIR,MAX_REP_WIND_METHOD,MAX_REP_WIND_LON,MAX_REP_WIND_LAT,MAX_REP_WAV_HT,MAX_REP_WAV_METHOD,MAX_REP_WAV_LON,MAX_REP_WAV_LAT,MAX_REP_SWL_HT,MAX_REP_SWL_DIR,MAX_REP_SWL_PER,MAX_REP_SWL_METHOD,MAX_REP_SWL_LON,MAX_REP_SWL_LAT,MAX_REP_TIDE_ANOM,MAX_REP_TIDE_ANOM_UNCERTAINTY,MAX_REP_TIDE_ANOM_METHOD,MAX_REP_TIDE_ANOM_LON,MAX_REP_TIDE_ANOM_LAT,COMMENT,datetime,wind_ms,wind_kmh,data_tier
Olwyn ,AU201415_16U,2015-03-08 14:00,T, 2, 1, 20,-14.0,112.5, 10, 111, , , , , ,1008.0, , 6, 8, 1010, , 111, , , , , , , , , , , , , , , , , , , , , , , , , , ,7.7, 0, 20, , 23.2, 1, , , , , , , , , , , , , , , , , , , , , , , ,,2015-03-08 14:00:00,7.7,27.720000000000002,A
Olwyn ,AU201415_16U,2015-03-08 18:00,T, 2, 1, 20,-13.91,112.79, 3, 111, , , , , ,1008.0, , 6, 8, 1010, , 111, , , , , , , , , , , , , , , , , , , , , , , , , , ,7.7, 0, 20, , 23.2, 1, , , , , , , , , , , , , , , , , , , , , , , ,,2015-03-08 18:00:00,7.7,27.720000000000002,A
Olwyn ,AU201415_16U,2015-03-09 00:00,T, 2, 1, 20,-13.79,113.21, 3, 111, , , , , ,1008.0, , 6, 8, 1012, , 556, , , , , , , , , , , , , , , , , , , , , , , , , , ,10.3, 0, 20, , 23.2, 1, , , , , , , , , , , , , , , , , , , , , , , ,,2015-03-09 00:00:00,10.3,37.080000000000005,A
Olwyn ,AU201415_16U,2015-03-09 06:00,T, 2, 1, 20,-13.71,113.71, 3, 111, , , , , ,1008.0, , 6, 8, 1012, , 444, , , , , , , , , , , , , , , , , , , , , , , , , , ,10.3, 0, 20, , 23.2, 1, , , , , , , , , , , , , , , , , , , , , , , ,,2015-03-09 06:00:00,10.3,37.080000000000005,A
Olwyn ,AU201415_16U,2015-03-09 12:00,T, 2, 1, 20,-13.72,114.34, 3, 111, , , , , ,1008.0, , 6, 8, 1012, , 333, , , , , , , , , , , , , , , , , , , , , , , , , , ,10.3, 0, 20, , 23.2, 1, , , , , , , , , , , , , , , , , , , , , , , ,,2015-03-09 12:00:00,10.3,37.080000000000005,A
Olwyn ,AU201415_16U,2015-03-09 18:00,T, 2, 1, 20,-13.74,114.97, 3, 111, , , , 1, 1,1008.0, , 6, 8, 1012, , 333, , , , , , , , , , , , , , , , , , , , , , , , , , ,10.3, 0, 13, , 23.2, 1, , , , , , , , , , , , , , , , , , , , , , , ,,2015-03-09 18:00:00,10.3,37.080000000000005,A
Olwyn ,AU201415_16U,2015-03-10 00:00,T, 2, 1, 20,-13.76,115.6, 3, 111, , , , 1.5, 1.5,1005.0, , 6, 8, 1010, , 278, , , , , , , , , , , , , , , , , , , , , , , , , , ,12.9, 0, 13, , 23.2, 1, , , , , , , , , , , , , , , , , , , , , , , ,,2015-03-10 00:00:00,12.9,46.440000000000005,A
Olwyn ,AU201415_16U,2015-03-10 06:00,T, 2, 1, 20,-14.2,115.8, 3, 111, , , 0, 1.5, 1.5,1005.0, , 6, 8, 1010, , 278, , , , , , , , , , , , , , , , , , , , , , , , , , ,12.9, 0, 13, , 23.2, 1, , , , , , , , , , , , , , , , , , , , , , , ,,2015-03-10 06:00:00,12.9,46.440000000000005,A
Olwyn ,AU201415_16U,2015-03-10 12:00,T, 2, 1, 20,-14.6,115.95, 3, 111, 2, 2, 2, 2, 2,1005.0, , 6, 8, 1010, , 278, , , , , , , , , , , , , , , , , , , , , , , , , , ,12.9, 0, 13, , 23.2, 1, , , , , , , , , , , , , , , , , , , , , , , ,,2015-03-10 12:00:00,12.9,46.440000000000005,A
Olwyn ,AU201415_16U,2015-03-10 18:00,T, 2, 1, 20,-15.0,116.09, 3, 83, 2, 2, 2, 2, 2,1005.0, , 6, 8, 1010, , 278, , , , , , , , , , , , , , , , , , , , , , , , , , ,12.9, 0, 20, , 23.2, 1, , , , , , , , , , , , , , , , , , , , , , , ,,2015-03-10 18:00:00,12.9,46.440000000000005,A
Olwyn ,AU201415_16U,2015-03-11 00:00,T, 2, 1, 21,-15.57,116.15, 3, 46, 2.5, 2.5, 2.5, 2.5, 2.5,997.0, , 6, 8, 1010, , 444, , , 167, , , , , , , , , , , , , , 56, , , , , 7, , , , ,20.6, 0, 11, , 28.3, 1, , , , , , , , , , , , , , , , , , , , , , , ,,2015-03-11 00:00:00,20.6,74.16000000000001,A
Olwyn ,AU201415_16U,2015-03-11 06:00,T, 2, 1, 30,-16.49,116.03, 3, 37, 3, 3, 3, 3, 3,995.0, , 6, 8, 1010, , 444, , , 167, 167, 111, 111, , , , , , , , , , , 56, , , , , 7, , , , ,20.6, 0, 20, , 28.3, 1, , , , , , , , , , , , , , , , , , , , , , , ,,2015-03-11 06:00:00,20.6,74.16000000000001,A
Olwyn ,AU201415_16U,2015-03-11 12:00,T, 2, 1, 30,-17.11,115.99, 3, 37, 3.5, 2.5, 3, 3.5, 3.5,992.0, , 6, 8, 1008, , 278, , , 111, 222, 222, 111, , , , , , , , , , , 56, , , , , 7, , , , ,23.2, 0, 11, , 33.4, 1, , , , , , , , , , , , , , , , , , , , , , , ,,2015-03-11 12:00:00,23.2,83.52,A
Olwyn ,AU201415_16U,2015-03-11 18:00,T, 2, 1, 30,-17.7,115.32, 3, 37, 3.5, 3, 3.5, 3.5, 3.5,990.0, , 6, 8, 1008, , 278, , , 111, 222, 222, 111, , 74, 74, 74, 74, , , , , , 37, , , , , 9, , , , ,25.7, 0, 20, , 36, 1, , , , , , , , , , , , , , , , , , , , , , , ,,2015-03-11 18:00:00,25.7,92.52,A
Olwyn ,AU201415_16U,2015-03-12 00:00,T, 2, 1, 30,-18.54,115.0, 3, 28, 3.5, 3.5, 3.5, 3.5, 3.5,984.0, , 6, 8, 1008, , 370, , , 167, 315, 222, 167, , 74, 74, 74, 74, , , , , , 37, , , , , 9, , , , ,28.3, 0, 20, , 38.6, 1, , , , , , , , , , , , , , , , , , , , , , , ,,2015-03-12 00:00:00,28.3,101.88000000000001,A
Olwyn ,AU201415_16U,2015-03-12 06:00,T, 2, 1, 30,-19.91,114.64, 4, 19, 4, 4.5, 4, 4, 4,980.0, , 6, 8, 1008, , 370, , , 167, 222, 222, 167, , 120, 120, 120, 120, , , , , , 37, , , , , 5, , , , ,30.9, 0, 20, , 43.7, 1, 27.8, , 1, , , , , , , , , , , , , , , , , , , , ,,2015-03-12 06:00:00,30.9,111.24,A
Olwyn ,AU201415_16U,2015-03-12 12:00,T, 2, 1, 40,-20.9,114.1, 6, 19, 4.5, 4, 4, 4.5, 4.5,970.0, , 6, 8, 1008, , 389, , , 167, 185, 167, 167, , 130, 130, 130, 130, 56, , , , , 37, , , , , 5, , , , ,33.4, 0, 20, , 46.3, 1, 37, , 3, , , , , , , , , , , , , , , , , , , , ,Clear eye on satellite image; very elongated as the eastern eye wall is over the NW Cape. Surface obs from Ningaloo to locate the system; wind from NE at 16-17UTC.,2015-03-12 12:00:00,33.4,120.24,A
Olwyn ,AU201415_16U,2015-03-12 18:00,T, 2, 1, 40,-22.21,113.74, 4, 19, 4.5, 4.5, 4, 4.5, 4.5,955.0, , 3, 8, 1008, , 389, , , 167, 111, 167, 167, , 111, 111, 111, 111, 56, , , , , 28, , , , , 8, , , , ,38.6, 0, 7, , 54, 1, 18.5, , 1, , , , , , , , , , , , , , , , , , , , ,Observations from Learmonth AWS determined mean wind and central pressure. Learmonth; located 18 nm to the east of the centre recorded a max mean wind of 75 knots at 1821 UTC/12 and a minimum pressure of 969 hPa at 1752UTC/12.,2015-03-12 18:00:00,38.6,138.96,A
Olwyn ,AU201415_16U,2015-03-13 00:00,T, 2, 3, 40,-23.69,113.57, 3, 37, 5, 5, 4.5, 4.5, 4.5,955.0, , 6, 8, 1008, , 370, , , 93, 93, 148, 148, , 56, 56, 56, 56, 37, , , , , 28, , , , , 9, , , , ,38.6, 0, 6, , 54, 1, , , , , , , , , , , , , , , , , , , , , , , ,,2015-03-13 00:00:00,38.6,138.96,A
Olwyn ,AU201415_16U,2015-03-13 03:00,T, 2, 4, 40,-24.3,113.4, 3, 37, , , , 4.5, 4.5,971.0, , 6, 8, 1008, , 370, , , 74, 93, 130, 130, , 56, 56, 56, 56, 37, , , , , 28, , , , , 9, , , , ,36.0, 0, 6, , 51.4, 1, , , , , , , , , , , , , , , , , , , , , , , ,,2015-03-13 03:00:00,36.0,129.6,A
Olwyn ,AU201415_16U,2015-03-13 06:00,T, 2, 1, 40,-24.92,113.31, 3, 19, 4.5, 4, 4, 4.5, 4.5,971.0, , 6, 8, 1008, , 370, , , 74, 93, 111, 111, , 56, 56, 56, 56, 37, , , , , 37, , , , , 5, , , , ,36.0, 0, 6, , 51.4, 1, , , , , , , , , , , , , , , , , , , , , , , ,,2015-03-13 06:00:00,36.0,129.6,A
Olwyn ,AU201415_16U,2015-03-13 12:00,T, 2, 3, 30,-26.19,113.89, 3, 56, 4.5, 3.5, 3.5, 3.5, 4,980.0, , 6, 8, 1010, , 444, , , 74, 74, 93, 93, , 56, 56, 56, 56, , , , , , 37, , , , , 5, , , , ,28.3, 0, 6, , 41.2, 1, , , , , , , , , , , , , , , , , , , , , , , ,,2015-03-13 12:00:00,28.3,101.88000000000001,A
Olwyn ,AU201415_16U,2015-03-13 18:00,T, 2, 2, 30,-27.58,114.68, 3, 56, , , 0, , ,990.0, , 6, 8, 1010, , 444, , , 56, 56, 56, 56, , , , , , , , , , , 46, , , , , 11, , , , ,20.6, 0, 6, , 28.3, 1, , , , , , , , , , , , , , , , , , , , , , , ,,2015-03-13 18:00:00,20.6,74.16000000000001,A
Olwyn ,AU201415_16U,2015-03-14 00:00,T, 2, 2, 50,-28.97,115.47, 3, 56, , , , , ,995.0, , 6, 8, 1008, , 278, , , , , , , , , , , , , , , , , , , , , , , , , , ,15.4, 0, 6, , 23.2, 1, , , , , , , , , , , , , , , , , , , , , , , ,,2015-03-14 00:00:00,15.4,55.440000000000005,A
Olwyn ,AU201415_16U,2015-03-14 06:00,T, 2, 2, 50,-31.1,116.8, 3, 56, , , , , ,1000.0, , 6, 8, 1008, , 278, , , , , , , , , , , , , , , , , , , , , , , , , , ,15.4, 0, 6, , 23.2, 1, , , , , , , , , , , , , , , , , , , , , , , ,,2015-03-14 06:00:00,15.4,55.440000000000005,A
Olwyn ,AU201415_16U,2015-03-14 09:00,T, 2, 2, 50,-32.1,117.5, 3, 56, , , , , ,1000.0, , 6, 8, 1008, , 278, , , , , , , , , , , , , , , , , , , , , , , , , , ,12.9, 0, 6, , 23.2, 1, , , , , , , , , , , , , , , , , , , , , , , ,,2015-03-14 09:00:00,12.9,46.440000000000005,A
Olwyn ,AU201415_16U,2015-03-14 12:00,T, 2, 2, 50,-32.91,118.57, 2, 56, , , , , ,1004.0, , 6, 8, 1008, , 222, , , , , , , , , , , , , , , , , , , , , , , , , , ,10.3, 0, 6, , 23.2, 1, , , , , , , , , , , , , , , , , , , , , , , ,,2015-03-14 12:00:00,10.3,37.080000000000005,A
Olwyn ,AU201415_16U,2015-03-14 16:00,T, 2, 2, 50,-34.0,120.0, 2, 56, , , , , ,1007.0, , 6, 8, 1008, , 222, , , , , , , , , , , , , , , , , , , , , , , , , , ,7.7, 0, 6, , 23.2, 1, , , , , , , , , , , , , , , , , , , , , , , ,,2015-03-14 16:00:00,7.7,27.720000000000002,A
Quang ,AU201415_21U,2015-04-27 00:00,T, 2, 1, 20,-12.0,115.0, 11, 111, , , , , ,1006.0, , , 8, 1008, , 222, , , , , , , , , , , , , , , , , , , , , , , , , , 10,10.3, , 20, 3, 23.2, 1, , , , , , , , , , , , , , , , , , , , , , , ,,2015-04-27 00:00:00,10.3,37.080000000000005,A
Quang ,AU201415_21U,2015-04-27 06:00,T, 2, 1, 20,-12.0,114.5, 3, 111, , , , , ,1006.0, , , 8, 1008, , 222, , , , , , , , , , , , , , , , , , , , , , , , , , 10,10.3, , 20, 3, 23.2, 1, , , , , , , , , , , , , , , , , , , , , , , ,,2015-04-27 06:00:00,10.3,37.080000000000005,A
Quang ,AU201415_21U,2015-04-27 12:00,T, 2, 1, 20,-12.82,114.17, 3, 56, 1, , , 1, 1,1006.0, , , 8, 1008, , 222, , , , , , , , , , , , , , , , , , , , , , , , , , 10,10.3, , 20, 3, 23.2, 1, , , , , , , , , , , , , , , , , , , , , , , ,,2015-04-27 12:00:00,10.3,37.080000000000005,A
Quang ,AU201415_21U,2015-04-27 18:00,T, 2, 1, 20,-13.56,113.71, 3, 56, 1, , , 1, 1,1006.0, , , 8, 1010, , 278, , , , , , , , , , , , , , , , , , , , , , , , , , 10,10.3, , 20, 3, 23.2, 1, , , , , , , , , , , , , , , , , , , , , , , ,,2015-04-27 18:00:00,10.3,37.080000000000005,A
Quang ,AU201415_21U,2015-04-28 00:00,T, 2, 1, 20,-14.0,112.0, 3, 56, 2, , , 2, 2,1006.0, , , 8, 1010, , 333, , , , , , , , , , , , , , , , , , , , , , , , , , 10,12.9, , 20, 3, 23.2, 1, , , , , , , , , , , , , , , , , , , , , , , ,,2015-04-28 00:00:00,12.9,46.440000000000005,A
Quang ,AU201415_21U,2015-04-28 06:00,T, 2, 1, 20,-14.2,111.5, 3, 56, 2, 2, 2, 2, 2,1005.0, , , 8, 1010, , 333, , , , , , , , , , , , , , , , , , , , , , , , , , 10,12.9, , 20, 3, 23.2, 1, , , , , , , , , , , , , , , , , , , , , , , ,,2015-04-28 06:00:00,12.9,46.440000000000005,A
Quang ,AU201415_21U,2015-04-28 12:00,T, 2, 1, 20,-14.51,110.79, 3, 37, 2.5, 2.5, 2.5, 2.5, 2.5,1003.0, , , 8, 1010, , 333, , , , , , , , , , , , , , , , , , , , , , , , , , 10,15.4, , 20, 3, 23.2, 1, , , , , , , , , , , , , , , , , , , , , , , ,,2015-04-28 12:00:00,15.4,55.440000000000005,A
Quang ,AU201415_21U,2015-04-28 18:00,T, 2, 1, 30,-14.81,110.09, 3, 19, 3, 3, 3, 3, 3,1000.0, , , 8, 1010, , 333, , 130, 130, 130, 130, 130, , , , , , , , , , , 37, , , , , 7, 10, , , 10,18.0, , 20, 3, 25.7, 1, , , , , , , , , , , , , , , , , , , , , , , ,Eye measurement is taken from a 37 GHz AMSR2 image at 1746UTC,2015-04-28 18:00:00,18.0,64.8,A
Quang ,AU201415_21U,2015-04-29 00:00,T, 2, 1, 30,-15.2,109.6, 3, 28, 3, 3, 3, 3, 3,997.0, , , 8, 1010, , 444, , 130, 130, 130, 130, 130, , , , , , , , , , , 37, , , , , 7, , , , 10,20.6, , 20, 3, 28.3, 1, , , , , , , , , , , , , , , , , , , , , , , ,,2015-04-29 00:00:00,20.6,74.16000000000001,A
Quang ,AU201415_21U,2015-04-29 06:00,T, 2, 1, 30,-15.35,109.29, 3, 19, 3.5, 3, 3.5, 3.5, 3.5,990.0, , , 8, 1010, , 444, , 130, 130, 130, 130, 130, 56, 56, 56, 56, 56, , , , , , 28, , , , , 9, , , , 10,25.7, , 20, 3, 36, 1, , , , , , , , , , , , , , , , , , , , , , , ,,2015-04-29 06:00:00,25.7,92.52,A
Quang ,AU201415_21U,2015-04-29 12:00,T, 2, 1, 30,-15.81,109.18, 11, 19, 4.5, 4, 4, 4, 4,987.0, , , 8, 1010, , 444, , 167, 167, 167, 167, 167, 56, 56, 56, 56, 56, , , , , , 19, , , , , 8, 10, , , 10,28.3, , 20, 3, 38.6, 1, 9.3, , 1, , , , , , , , , , , , , , , , , , , , ,,2015-04-29 12:00:00,28.3,101.88000000000001,A
Quang ,AU201415_21U,2015-04-29 18:00,T, 2, 1, 40,-16.29,109.1, 4, 19, 6, 4.5, 5, 5, 5,972.0, , , 8, 1010, , 444, , , 130, 222, 222, 130, 74, 74, 74, 74, 74, 37, 37, 37, 37, 37, 19, , , , , 8, , , , 10,38.6, , 20, 3, 54, 1, 9.3, , 1, , , , , , , , , , , , , , , , , , , , ,,2015-04-29 18:00:00,38.6,138.96,A
Quang ,AU201415_21U,2015-04-30 00:00,T, 2, 1, 40,-17.0,109.35, 4, 28, 6.5, 4.5, 5, 5.5, 5.5,959.0, , , 8, 1010, , 444, , , 130, 222, 222, 130, 74, 74, 74, 74, 74, 37, 37, 37, 37, 37, 15, , , , , 4, , , , 10,46.3, , 20, 3, 64.3, 1, 13, , 1, , , , , , , , , , , , , , , , , , , , ,,2015-04-30 00:00:00,46.3,166.68,A
Quang ,AU201415_21U,2015-04-30 06:00,T, 2, 1, 40,-17.8,109.95, 4, 28, 6, 4.5, 5, 6, 6,950.0, , , 8, 1010, , 370, , , 130, 222, 222, 130, 74, 74, 74, 74, 74, 37, 37, 37, 37, 37, 28, , , , , 3, , , , 10,51.4, , 20, 3, 72, 1, 11.1, , 1, , , , , , , , , , , , , , , , , , , , ,,2015-04-30 06:00:00,51.4,185.04,A
Quang ,AU201415_21U,2015-04-30 12:00,T, 2, 1, 40,-18.92,110.83, 3, 19, 5, 5, 5, 5, 6,952.0, , , 8, 1008, , 370, , , 111, 222, 222, 111, 83, 83, 83, 83, 83, 37, 37, 37, 37, 37, 28, , , , , 8, 10, , , 10,48.9, , 20, 3, 69.5, 1, , , , , , , , , , , , , , , , , , , , , , , ,,2015-04-30 12:00:00,48.9,176.04,A
Quang ,AU201415_21U,2015-04-30 18:00,T, 2, 1, 40,-19.83,111.83, 3, 28, 5, 4.5, 4.5, 5, 5.5,965.0, , , 8, 1008, , 370, , , 111, 222, 222, 111, 83, 83, 83, 83, 83, 37, 37, 37, 37, 37, 37, , , , , 7, , , , 10,41.2, , 20, 3, 56.6, 1, , , , , , , , , , , , , , , , , , , , , , , ,Has a cooling eye in Dvorak EIR but cannot take a measurement of it,2015-04-30 18:00:00,41.2,148.32000000000002,A
Quang ,AU201415_21U,2015-05-01 00:00,T, 2, 1, 40,-20.59,112.99, 3, 37, 4, 4.5, 4, 4, 4.5,977.0, , , 8, 1008, , 278, , , 111, 222, 222, 111, 74, 74, 74, 74, 74, 37, 37, 37, 37, 37, 46, , , , , 3, 2, , , 10,33.4, , 20, 3, 46.3, 1, , , , , , , , , , , , , , , , , , , , , , , ,,2015-05-01 00:00:00,33.4,120.24,A
Quang ,AU201415_21U,2015-05-01 03:00,T, 2, 1, 40,-21.2,113.6, 3, 37, , , , , ,985.0, , , 8, 1008, , 278, , , 56, 167, 167, 111, , , 111, , , , , , , , 65, , , , , 20, , , , 10,28.3, , 7, 3, 38.6, 1, , , , , , , , , , , , , , , , , , , , , , , ,Observation from a ship in the area recorded wind gusts equivalent to a surface gust of around 80 knots,2015-05-01 03:00:00,28.3,101.88000000000001,A
Quang ,AU201415_21U,2015-05-01 06:00,T, 2, 1, 40,-21.7,114.2, 3, 28, , , , , ,996.0, , , 8, 1008, , 278, , , 56, 111, 56, 56, , , , , , , , , , , 93, , , , , 3, , , , 10,20.6, , 20, 3, 28.3, 1, , , , , , , , , , , , , , , , , , , , , , , ,,2015-05-01 06:00:00,20.6,74.16000000000001,A
Quang ,AU201415_21U,2015-05-01 09:00,T, 2, 3, 20,-22.1,114.5, 3, 28, , , , , ,1001.0, , , 8, 1008, , 222, , , , , , , , , , , , , , , , , , , , , , , , , , 10,15.4, , 6, 3, 23.2, 1, , , , , , , , , , , , , , , , , , , , , , , ,,2015-05-01 09:00:00,15.4,55.440000000000005,A
Quang ,AU201415_21U,2015-05-01 12:00,T, 2, 2, 20,-22.3,114.7, 3, 28, , , , , ,1000.0, , , 8, 1010, , 167, , , , , , , , , , , , , , , , , , , , , , , , , , 10,10.3, , 6, 3, 23.2, 1, , , , , , , , , , , , , , , , , , , , , , , ,,2015-05-01 12:00:00,10.3,37.080000000000005,A
Stan ,AU201516_08U,2016-01-27 00:00,T, 2, 1, 20,-13.0,118.5, 3, 111, 1, 0, 0, 1, 1,1005.0, , 5, 8, 1010, , 370, , , , , , , , , , , , , , , , , , , , , , , , , , ,10.3, 0, 20, , 23.2, 1, 0, , , , , , , , , , , , , , , , , , , , , , ,Intensity was not based solely on Dvorak analyses but on a combination of objective and subjective intensity estimates available,2016-01-27 00:00:00,10.3,37.080000000000005,A
Stan ,AU201516_08U,2016-01-27 06:00,T, 2, 1, 20,-13.3,118.5, 3, 74, 1, 0, 0, 1, 1,1005.0, , 5, 8, 1008, , 370, , , , , , , , , , , , , , , , , , , , , , , , , , ,10.3, 0, 20, , 23.2, 1, 0, , , , , , , , , , , , , , , , , , , , , , ,,2016-01-27 06:00:00,10.3,37.080000000000005,A
Stan ,AU201516_08U,2016-01-27 12:00,T, 2, 1, 20,-14.0,118.4, 3, 74, 1, 0, 0, 1, 1,1005.0, , 5, 8, 1008, , 370, , , , , , , , , , , , , , , , , , , , , , , , , , ,10.3, 0, 20, , 23.2, 1, 0, , , , , , , , , , , , , , , , , , , , , , ,,2016-01-27 12:00:00,10.3,37.080000000000005,A
Stan ,AU201516_08U,2016-01-27 18:00,T, 2, 1, 20,-14.51,118.42, 3, 74, 1.5, 0, 0, 1.5, 1.5,1003.0, , 5, 8, 1008, , 370, , , , , , , , , , , , , , , , , , , , , , , , , , ,12.9, 0, 20, , 23.2, 1, 0, , , , , , , , , , , , , , , , , , , , , , ,,2016-01-27 18:00:00,12.9,46.440000000000005,A
Stan ,AU201516_08U,2016-01-28 00:00,T, 2, 1, 20,-15.4,118.2, 3, 74, 2, 2, 2, 2, 2,1003.0, , 5, 8, 1008, , 333, , , , , , , , , , , , , , , , , , , , , , , , , , ,12.9, 0, 20, , 23.2, 1, 0, , , , , , , , , , , , , , , , , , , , , , ,,2016-01-28 00:00:00,12.9,46.440000000000005,A
Stan ,AU201516_08U,2016-01-28 06:00,T, 2, 1, 20,-16.33,117.62, 3, 74, 2, 2, 2, 2, 2,1000.0, , 5, 8, 1006, , 333, , , , , , , , , , , , , , , , , , , , , , , , , , ,12.9, 0, 20, , 23.2, 1, 0, , , , , , , , , , , , , , , , , , , , , , ,,2016-01-28 06:00:00,12.9,46.440000000000005,A
Stan ,AU201516_08U,2016-01-28 12:00,T, 2, 1, 20,-16.54,117.78, 3, 74, 2, 2, 2, 2, 2,998.0, , 5, 8, 1006, , 333, , , , , , , , , , , , , , , , , , , , , , , , , , ,12.9, 0, 20, , 23.2, 1, 0, , , , , , , , , , , , , , , , , , , , , , ,,2016-01-28 12:00:00,12.9,46.440000000000005,A
Stan ,AU201516_08U,2016-01-28 18:00,T, 2, 1, 20,-16.8,117.92, 3, 56, 2.5, 2, 2, 2.5, 2.5,998.0, , 5, 8, 1006, , 333, , , , , , , , , , , , , , , , , , , , , , , , , , ,15.4, 0, 20, , 23.2, 1, 0, , , , , , , , , , , , , , , , , , , , , , ,,2016-01-28 18:00:00,15.4,55.440000000000005,A
Stan ,AU201516_08U,2016-01-29 00:00,T, 2, 1, 20,-17.21,118.03, 3, 56, 3, 3, 3, 3, 3,996.0, , 5, 8, 1008, , 333, , , , , , , , , , , , , , , , , , , , , , , , , , ,15.4, 0, 20, , 23.2, 1, 0, , , , , , , , , , , , , , , , , , , , , , ,,2016-01-29 00:00:00,15.4,55.440000000000005,A
Stan ,AU201516_08U,2016-01-29 06:00,T, 2, 1, 30,-17.55,118.13, 3, 56, 3, 3, 3, 3, 3,990.0, , 5, 8, 1008, , 333, , 111, 111, 111, 111, 111, , , , , , , , , , , 37, , , , , 7, 2, , , ,18.0, 0, 20, , 25.7, 1, 0, , , , , , , , , , , , , , , , , , , , , , ,,2016-01-29 06:00:00,18.0,64.8,A
Stan ,AU201516_08U,2016-01-29 12:00,T, 2, 1, 30,-17.74,118.22, 3, 56, 3.5, 3.5, 3.5, 3.5, 3.5,990.0, , 5, 8, 1008, , 333, , 111, 111, 111, 111, 111, , , , , , , , , , , 37, , , , , 7, 2, , , ,20.6, 0, 20, , 28.3, 1, 0, , , , , , , , , , , , , , , , , , , , , , ,,2016-01-29 12:00:00,20.6,74.16000000000001,A
Stan ,AU201516_08U,2016-01-29 18:00,T, 2, 1, 30,-17.91,118.33, 3, 56, 0, 3, 3, 3, 3.5,987.0, , 5, 8, 1008, , 333, , 111, 111, 111, 111, 111, , , , , , , , , , , 28, , , , , 7, 2, , , ,23.2, 0, 20, , 33.4, 1, 0, , , , , , , , , , , , , , , , , , , , , , ,,2016-01-29 18:00:00,23.2,83.52,A
Stan ,AU201516_08U,2016-01-30 00:00,T, 2, 1, 30,-18.0,118.6, 6, 56, 0, 4, 4, 4, 4,984.0, , 5, 8, 1004, , 222, , 111, 111, 111, 111, 111, 74, 74, 74, 74, 74, , , , , , 28, , , , , 3, 2, , , ,25.7, 0, 20, , 36, 1, 0, , , , , , , , , , , , , , , , , , , , , , ,,2016-01-30 00:00:00,25.7,92.52,A
Stan ,AU201516_08U,2016-01-30 06:00,T, 2, 1, 30,-18.7,118.9, 6, 37, 4, 4, 4, 4, 4,980.0, , 5, 8, 1004, , 222, , , 167, 74, 74, 167, 56, 56, 56, 56, 56, , , , , , 28, , , , , 3, 2, , , ,28.3, 0, 20, , 38.6, 1, 0, , , , , , , , , , , , , , , , , , , , , , ,,2016-01-30 06:00:00,28.3,101.88000000000001,A
Stan ,AU201516_08U,2016-01-30 12:00,T, 2, 1, 30,-19.2,119.3, 6, 37, 5, 3.5, 4, 4, 4,980.0, , 5, 8, 1000, , 167, , , 111, 74, 56, 111, 56, 56, 56, 56, 56, , , , , , 37, , , , , 3, 2, , , ,25.7, 0, 20, , 36, 1, 0, , , , , , , , , , , , , , , , , , , , , , ,,2016-01-30 12:00:00,25.7,92.52,A
Stan ,AU201516_08U,2016-01-30 18:00,T, 2, 3, 30,-19.9,119.8, 6, 37, 3.5, 2.5, 3, 3, 4,980.0, , 5, 8, 1000, , 167, , , 93, 74, 56, 111, 56, 56, 56, 56, 56, , , , , , 56, , , , , 3, 2, , , ,25.7, 0, 20, , 36, 1, 0, , , , , , , , , , , , , , , , , , , , , , ,,2016-01-30 18:00:00,25.7,92.52,A
Stan ,AU201516_08U,2016-01-31 00:00,T, 2, 2, 21,-21.3,120.0, 6, 37, 0, 0, 0, 0, 0,987.0, , 5, 8, 1000, , 111, , , , , , 222, , , , , , , , , , , 56, , , , , 3, 2, , , ,20.6, 0, 20, , 28.3, 1, 0, , , , , , , , , , , , , , , , , , , , , , ,,2016-01-31 00:00:00,20.6,74.16000000000001,A
Stan ,AU201516_08U,2016-01-31 06:00,T, 2, 2, 20,-22.5,120.2, 3, 37, 0, 0, 0, 0, 0,993.0, , 5, 8, 1000, , 111, , , , , , , , , , , , , , , , , , , , , , , , , , ,15.4, 0, 20, , 23.2, 1, 0, , , , , , , , , , , , , , , , , , , , , , ,,2016-01-31 06:00:00,15.4,55.440000000000005,A
Stan ,AU201516_08U,2016-01-31 12:00,T, 2, 2, 20,-24.33,122.13, 3, 74, 0, 0, 0, 0, 0,999.0, , 5, 8, 998, , 111, , , , , , , , , , , , , , , , , , , , , , , , , , ,10.3, 0, 20, , 23.2, 1, 0, , , , , , , , , , , , , , , , , , , , , , ,,2016-01-31 12:00:00,10.3,37.080000000000005,A
Stan ,AU201516_08U,2016-01-31 18:00,T, 2, 2, 20,-26.17,124.07, 3, 74, 0, 0, 0, 0, 0,998.0, , 5, 8, 998, , 111, , , , , , , , , , , , , , , , , , , , , , , , , , ,10.3, 0, 20, , 23.2, 1, 0, , , , , , , , , , , , , , , , , , , , , , ,,2016-01-31 18:00:00,10.3,37.080000000000005,A
Stan ,AU201516_08U,2016-02-01 00:00,T, 2, 2, 20,-28.0,126.0, 3, 74, 0, 0, 0, 0, 0,997.0, , 5, 8, 998, , 111, , , , , , , , , , , , , , , , , , , , , , , , , , ,10.3, 0, 20, , 23.2, 1, 0, , , , , , , , , , , , , , , , , , , , , , ,,2016-02-01 00:00:00,10.3,37.080000000000005,A
noname ,AU201617_14U,2017-01-25 00:00,L, 2, 2, 20,-15.68,128.06, 6, 37, , , , , ,1003.0, , 7, , 1008, , 111, , , , , , , , , , , , , , , , , , , , , , , , , , 10,5.1, , 6, 3, 23.2, 1, , , , , , , , , , , , , , , , , , , , , , , ,,2017-01-25 00:00:00,5.1,18.36,A
noname ,AU201617_14U,2017-01-25 06:00,L, 2, 2, 20,-15.71,127.56, 6, 37, , , , , ,1000.0, , 7, , 1004, , 222, , , , , , , , , , , , , , , , , , , , , , , , , , 10,5.1, , 6, 3, 23.2, 1, , , , , , , , , , , , , , , , , , , , , , , ,,2017-01-25 06:00:00,5.1,18.36,A
noname ,AU201617_14U,2017-01-25 12:00,L, 2, 2, 20,-15.71,126.5, 6, 56, , , , , ,1000.0, , 7, , 1006, , 222, , , , , , , , , , , , , , , , , , , , , , , , , , 10,5.1, , 6, 3, 23.2, 1, , , , , , , , , , , , , , , , , , , , , , , ,,2017-01-25 12:00:00,5.1,18.36,A
noname ,AU201617_14U,2017-01-25 18:00,L, 2, 2, 20,-15.7,126.0, 3, 37, , , , , ,998.0, , 7, , 1004, , 222, , , , , , , , , , , , , , , , , , , , , , , , , , 10,7.7, , 6, 3, 23.2, 1, , , , , , , , , , , , , , , , , , , , , , , ,,2017-01-25 18:00:00,7.7,27.720000000000002,A
noname ,AU201617_14U,2017-01-26 00:00,L, 2, 4, 20,-15.58,124.28, 3, 37, , , , , ,998.0, , 7, , 1006, , 222, , , , , , , , , , , , , , , , , , , , , , , , , , 10,10.3, , 6, 3, 23.2, 1, , , , , , , , , , , , , , , , , , , , , , , ,,2017-01-26 00:00:00,10.3,37.080000000000005,A
noname ,AU201617_14U,2017-01-26 06:00,L, 2, 1, 20,-16.36,123.46, 3, 37, , , , , ,998.0, , 7, , 1002, , 222, , , , , , , , , , , , , , , , , , , , , , , , , , 10,10.3, , 6, 3, 23.2, 1, , , , , , , , , , , , , , , , , , , , , , , ,,2017-01-26 06:00:00,10.3,37.080000000000005,A
noname ,AU201617_14U,2017-01-26 12:00,L, 2, 1, 20,-16.7,121.8, 6, 56, , , , , ,998.0, , 5, 8, 1004, , 333, , , , , , , , , , , , , , , , , , , , , , , , , , 10,12.9, , 11, 3, 23.2, 1, , , , , , , , , , , , , , , , , , , , , , , ,Position inferred from poor radar image and surface chart,2017-01-26 12:00:00,12.9,46.440000000000005,A
noname ,AU201617_14U,2017-01-26 18:00,L, 2, 1, 20,-17.5,120.7, 6, 56, 1.5, , , 1.5, 1.5,998.0, , 5, 8, 1004, , 444, , , , , , , , , , , , , , , , , , , , , , , , , , 10,12.9, , 20, 3, 23.2, 1, , , , , , , , , , , , , , , , , , , , , , , ,,2017-01-26 18:00:00,12.9,46.440000000000005,A
noname ,AU201617_14U,2017-01-27 00:00,L, 2, 1, 20,-18.1,119.8, 3, 56, 2, , , 2, 2,998.0, , 5, 8, 1004, , 333, , , , , , , , , , , , , , , , , , , , , , , , , , 10,15.4, , 11, 3, 23.2, 1, , , , , , , , , , , , , , , , , , , , , , , ,Location based on satellite image and surface observations,2017-01-27 00:00:00,15.4,55.440000000000005,A
noname ,AU201617_14U,2017-01-27 06:00,L, 2, 1, 21,-18.6,118.3, 3, 56, 2, , , 2, 2,994.0, , 5, 8, 1002, , 333, , , , 130, , , , , , , , , , , , , 93, , , , , 7, 7, , , 10,18.0, , 20, 3, 25.7, 1, , , , , , , , , , , , , , , , , , , , , , , ,,2017-01-27 06:00:00,18.0,64.8,A
noname ,AU201617_14U,2017-01-27 12:00,L, 2, 1, 21,-19.0,117.5, 6, 56, 2, , , 2, 2,989.0, , 5, 8, 1002, , 333, , , , 185, 130, , , , , , , , , , , , 74, , , , , 7, 7, , , 10,20.6, , 20, 3, 28.3, 1, , , , , , , , , , , , , , , , , , , , , , , ,radar signature poor; combining wiht surface observations,2017-01-27 12:00:00,20.6,74.16000000000001,A
noname ,AU201617_14U,2017-01-27 18:00,L, 2, 1, 21,-19.4,116.5, 3, 56, 2, 2, 2, 2, 2,989.0, , 5, 8, 1002, , 444, , , , 148, 130, , , , , , , , , , , , 74, , , , , 7, 7, , , 10,23.2, , 20, 3, 33.4, 1, , , , , , , , , , , , , , , , , , , , , , , ,,2017-01-27 18:00:00,23.2,83.52,A
noname ,AU201617_14U,2017-01-28 00:00,L, 2, 1, 21,-20.1,114.8, 3, 56, 2.5, 3, 2.5, 2.5, 2.5,989.0, , 5, 8, 1004, , 444, , , , 167, 130, , , , , , , , , , , , 74, , , , , 7, 7, , , 10,23.2, , 20, 3, 33.4, 1, , , , , , , , , , , , , , , , , , , , , , , ,,2017-01-28 00:00:00,23.2,83.52,A
noname ,AU201617_14U,2017-01-28 06:00,L, 2, 1, 21,-20.3,113.0, 3, 56, 2.5, 2.5, 2.5, 2.5, 2.5,986.0, , 5, 8, 1002, , 444, , , , 167, 130, , , , , , , , , , , , 74, , , , , 7, 7, , , 10,23.2, , 20, 3, 33.4, 1, , , , , , , , , , , , , , , , , , , , , , , ,,2017-01-28 06:00:00,23.2,83.52,A
noname ,AU201617_14U,2017-01-28 12:00,L, 2, 1, 21,-20.11,111.95, 3, 37, 2, 2.5, 2.5, 2, 2.5,986.0, , 5, 8, 1004, , 333, , , , , 130, , , , , , , , , , , , 74, , , , , 7, 7, , , 10,23.2, , 20, 3, 33.4, 1, , , , , , , , , , , , , , , , , , , , , , , ,,2017-01-28 12:00:00,23.2,83.52,A
noname ,AU201617_14U,2017-01-28 18:00,L, 2, 1, 21,-19.85,110.75, 3, 28, 2, 1.5, 1.5, 2, 2.5,986.0, , 5, 8, 1002, , 222, , , , , 167, , , , , , , , , , , , 74, , , , , 7, 7, , , 10,23.2, , 20, 3, 33.4, 1, , , , , , , , , , , , , , , , , , , , , , , ,,2017-01-28 18:00:00,23.2,83.52,A
noname ,AU201617_14U,2017-01-29 00:00,L, 2, 1, 21,-19.6,110.1, 3, 19, 2.5, 1.5, 2, 2.5, 2.5,988.0, , 5, 8, 1002, , 222, , , , , 167, 167, , , , , , , , , , , 74, , , , , 7, 7, , , 10,20.6, , 20, 3, 28.3, 1, , , , , , , , , , , , , , , , , , , , , , , ,low level centre is exposed,2017-01-29 00:00:00,20.6,74.16000000000001,A
noname ,AU201617_14U,2017-01-29 06:00,L, 2, 1, 21,-19.3,109.6, 3, 19, 2, 1, 1.5, 2, 2.5,992.0, , 5, 8, 1002, , 333, , , , , 167, 167, , , , , , , , , , , 93, , , , , 7, 7, , , 10,18.0, , 20, 3, 25.7, 1, , , , , , , , , , , , , , , , , , , , , , , ,,2017-01-29 06:00:00,18.0,64.8,A
noname ,AU201617_14U,2017-01-29 12:00,L, 2, 1, 20,-19.1,108.8, 3, 28, 2, 1, 1.5, 2, 2,998.0, , 5, 8, 1004, , 222, , , , , , , , , , , , , , , , , , , , , , , , , , 10,15.4, , 11, 3, 23.2, 1, , , , , , , , , , , , , , , , , , , , , , , ,,2017-01-29 12:00:00,15.4,55.440000000000005,A
noname ,AU201617_14U,2017-01-29 18:00,L, 2, 1, 20,-19.4,108.28, 3, 56, , , , , ,1001.0, , 5, 8, 1008, , 222, , , , , , , , , , , , , , , , , , , , , , , , , , 10,15.4, , 20, 3, 23.2, 1, , , , , , , , , , , , , , , , , , , , , , , ,,2017-01-29 18:00:00,15.4,55.440000000000005,A
noname ,AU201617_14U,2017-01-30 00:00,L, 2, 1, 20,-19.8,107.4, 3, 19, , , , , ,1002.0, , 5, 8, 1008, , 333, , , , , , , , , , , , , , , , , , , , , , , , , , 10,15.4, , 20, 3, 23.2, 1, , , , , , , , , , , , , , , , , , , , , , , ,,2017-01-30 00:00:00,15.4,55.440000000000005,A
noname ,AU201617_14U,2017-01-30 06:00,L, 2, 1, 20,-20.2,106.3, 11, 9, , , , , ,1002.0, , 5, 8, 1006, , 333, , , , , , , , , , , , , , , , , , , , , , , , , , 10,15.4, , 20, 3, 23.2, 1, , , , , , , , , , , , , , , , , , , , , , , ,,2017-01-30 06:00:00,15.4,55.440000000000005,A
Unnamed ,AU201617_22U,2017-03-19 12:00,T, 2, 1, 10,-13.2,122.0, 3, 83, , , , , ,1007.0, , 5, 8, , , , , , , , , , , , , , , , , , , , , , , , , , , , , 10,10.3, , 20, 3, 23.2, 1, , , , , , , , , , , , , , , , , , , , , , , ,,2017-03-19 12:00:00,10.3,37.080000000000005,A
Unnamed ,AU201617_22U,2017-03-19 18:00,T, 2, 1, 10,-13.18,120.77, 3, 83, , , , , ,1007.0, , 5, 8, , , , , , , , , , , , , , , , , , , , , , , , , , , , , 10,10.3, , 20, 3, 23.2, 1, , , , , , , , , , , , , , , , , , , , , , , ,,2017-03-19 18:00:00,10.3,37.080000000000005,A
Unnamed ,AU201617_22U,2017-03-20 00:00,T, 2, 1, 10,-13.5,119.0, 3, 111, , , , 1, 1,1007.0, , 5, 8, , , , , , , , , , , , , , , , , , , , , , , , , , , , , 10,10.3, , 13, 3, 23.2, 1, , , , , , , , , , , , , , , , , , , , , , , ,,2017-03-20 00:00:00,10.3,37.080000000000005,A
Unnamed ,AU201617_22U,2017-03-20 06:00,T, 2, 1, 20,-13.58,118.6, 3, 111, , , , 1.5, 1.5,1005.0, , 5, 8, 1006, , 222, , , , , , , , , , , , , , , , , , , , , , , , , , 10,12.9, , 13, 3, 23.2, 1, , , , , , , , , , , , , , , , , , , , , , , ,,2017-03-20 06:00:00,12.9,46.440000000000005,A
Unnamed ,AU201617_22U,2017-03-20 12:00,T, 2, 1, 20,-14.09,118.2, 3, 111, , , , 2.5, 2.5,1005.0, , 5, 8, 1008, , 278, , , , , , , , , , , , , , , , , , , , , , , , , , 10,15.4, , 13, 3, 23.2, 1, , , , , , , , , , , , , , , , , , , , , , , ,,2017-03-20 12:00:00,15.4,55.440000000000005,A
Unnamed ,AU201617_22U,2017-03-20 18:00,T, 2, 1, 20,-14.72,117.8, 3, 111, , , , 2.5, 2.5,1005.0, , 5, 8, 1008, , 278, , , , , , , , , , , , , , , , , , , , , , , , , , 10,15.4, , 13, 3, 23.2, 1, , , , , , , , , , , , , , , , , , , , , , , ,,2017-03-20 18:00:00,15.4,55.440000000000005,A
Unnamed ,AU201617_22U,2017-03-21 00:00,T, 2, 1, 20,-15.36,117.7, 3, 111, 2.5, 2, 2, 2.5, 2.5,1005.0, , 5, 8, 1008, , 167, , , , , , , , , , , , , , , , , , , , , , , , , , 10,15.4, , 13, 3, 23.2, 1, , , , , , , , , , , , , , , , , , , , , , , ,,2017-03-21 00:00:00,15.4,55.440000000000005,A
Unnamed ,AU201617_22U,2017-03-21 06:00,T, 2, 1, 20,-16.18,117.68, 3, 111, , 2, 2, 2, 2.5,1004.0, , 5, 8, 1006, , 222, , , , , , , , , , , , , , , , , , , , , , , , , , 10,15.4, , 13, 3, 23.2, 1, , , , , , , , , , , , , , , , , , , , , , , ,,2017-03-21 06:00:00,15.4,55.440000000000005,A
Unnamed ,AU201617_22U,2017-03-21 12:00,T, 2, 1, 20,-17.05,117.44, 3, 111, 2, 2.5, 2, 2, 2.5,1003.0, , 5, 8, 1006, , 222, , , , , , , , , , , , , , , , , , , , , , , , , , 10,15.4, , 11, 3, 23.2, 1, , , , , , , , , , , , , , , , , , , , , , , ,,2017-03-21 12:00:00,15.4,55.440000000000005,A
Unnamed ,AU201617_22U,2017-03-21 18:00,T, 2, 1, 20,-17.4,117.1, 11, 111, 2.5, 3, 2.5, 2.5, 2.5,1003.0, , 5, 8, 1006, , 222, , , , , , , , , , , , , , , , , , , , , , , , , , 10,15.4, , 20, 3, 23.2, 1, , , , , , , , , , , , , , , , , , , , , , , ,,2017-03-21 18:00:00,15.4,55.440000000000005,A
Unnamed ,AU201617_22U,2017-03-22 00:00,T, 2, 1, 20,-17.44,117.0, 3, 111, , 3, 2.5, 2.5, 2.5,1002.0, , 5, 8, 1008, , 333, , , , , , , , , , , , , , , , , , , , , , , , , , 10,12.9, , 11, 3, 23.2, 1, , , , , , , , , , , , , , , , , , , , , , , ,Position supplemented with an 0149 ASCAT B pass; also showed strongest winds in 25 kn range,2017-03-22 00:00:00,12.9,46.440000000000005,A
Unnamed ,AU201617_22U,2017-03-22 06:00,T, 2, 1, 20,-17.55,116.8, 3, 111, 2.5, 2, 2, 2.5, 2.5,1002.0, , 5, 8, 1006, , 333, , , , , , , , , , , , , , , , , , , , , , , , , , 10,12.9, , 20, 3, 23.2, 1, , , , , , , , , , , , , , , , , , , , , , , ,,2017-03-22 06:00:00,12.9,46.440000000000005,A
Unnamed ,AU201617_22U,2017-03-22 12:00,T, 2, 1, 20,-18.1,117.3, 3, 111, , 2, 2, 2, 2.5,1002.0, , 5, 8, 1006, , 333, , , , , , , , , , , , , , , , , , , , , , , , , , 10,15.4, , 11, 3, 23.2, 1, , , , , , , , , , , , , , , , , , , , , , , ,Position confirmed on ASCAT A and B pass,2017-03-22 12:00:00,15.4,55.440000000000005,A
Unnamed ,AU201617_22U,2017-03-22 18:00,T, 2, 1, 20,-18.7,117.95, 6, 46, 2.5, 3, 2.5, 2.5, 2.5,1002.0, , 5, 8, 1008, , 333, , , , , , , , , , , , , , , , , , , , , , , , , , 10,15.4, , 20, 3, 23.2, 1, , , , , , , , , , , , , , , , , , , , , , , ,,2017-03-22 18:00:00,15.4,55.440000000000005,A
Unnamed ,AU201617_22U,2017-03-23 00:00,T, 2, 1, 30,-19.5,118.3, 6, 9, , 3, 2.5, 2.5, 2.5,998.0, , 5, 8, 1008, , 333, , , 19, 28, 28, 19, , , , , , , , , , , 13, , , , , 5, 5, , , 10,18.0, , 20, 3, 25.7, 1, 5.6, , 3, , , , , , , , , , , , , , , , , , , , ,Subsequently Dvorak re-analysis ceased and intensity was determined using surface based observations,2017-03-23 00:00:00,18.0,64.8,A
Unnamed ,AU201617_22U,2017-03-23 03:00,T, 2, 1, 30,-20.0,118.4, 6, 9, , , , , ,985.0, , 3, 8, 1008, , 333, , , 19, 37, 28, 19, , 9, 9, 9, 9, , , , , , 9, , , , , 4, 2, , , 10,25.7, , 10, 3, 36, 1, 5.6, , 3, , , , , , , , , , , , , , , , , , , , ,,2017-03-23 03:00:00,25.7,92.52,A
Unnamed ,AU201617_22U,2017-03-23 05:00,T, 2, 3, 30,-20.3,118.5, 6, 9, , , , , ,985.0, , 3, 8, 1006, , 333, , , 19, 28, 28, 19, , 9, 9, 9, 9, , , , , , 9, , , , , 4, 2, , , 10,25.7, , 10, 3, 36, 1, 7.4, , 3, , , , , , , , , , , , , , , , , , , , ,Landfall,2017-03-23 05:00:00,25.7,92.52,A
Unnamed ,AU201617_22U,2017-03-23 06:00,T, 2, 2, 30,-20.5,118.4, 6, 9, , , , , ,989.0, , 5, 8, 1006, , 333, , , 19, 28, 28, 19, , , , , , , , , , , 9, , , , , 5, 2, , , 10,23.2, , 10, 3, 33.4, 1, , , , , , , , , , , , , , , , , , , , , , , ,,2017-03-23 06:00:00,23.2,83.52,A
Unnamed ,AU201617_22U,2017-03-23 09:00,T, 2, 2, 30,-20.8,118.7, 6, 9, , , , , ,992.0, , 5, 8, 1006, , 333, , , 19, 28, 19, 19, , , , , , , , , , , 13, , , , , 5, 2, , , 10,20.6, , 20, 3, 28.3, 1, , , , , , , , , , , , , , , , , , , , , , , ,,2017-03-23 09:00:00,20.6,74.16000000000001,A
Unnamed ,AU201617_22U,2017-03-23 12:00,T, 2, 2, 20,-21.4,119.2, 6, 19, , , , , ,998.0, , 5, 8, 1004, , 222, , , , , , , , , , , , , , , , , , , , , , , , , , 10,15.4, , 20, 3, 23.2, 1, , , , , , , , , , , , , , , , , , , , , , , ,,2017-03-23 12:00:00,15.4,55.440000000000005,A
Unnamed ,AU201617_22U,2017-03-23 18:00,T, 2, 2, 20,-22.5,119.2, 6, 19, , , , , ,1000.0, , 5, 8, 1004, , 167, , , , , , , , , , , , , , , , , , , , , , , , , , 10,10.3, , 20, 3, 23.2, 1, , , , , , , , , , , , , , , , , , , , , , , ,,2017-03-23 18:00:00,10.3,37.080000000000005,A
Hilda ,AU201718_06U,2017-12-26 00:00,T, 2, 1, 20,-14.51,123.37, 7, 37, 0, 0, 0, 0, 0,1003.0, , 7, , 1008, , 167, , , , , , , , , , , , , , , , , , , , , , , , , , 10,12.9, 0, 6, 3, 23.2, 1, 0, , , , , , , , , , , , , , , , , , , , , , ,,2017-12-26 00:00:00,12.9,46.440000000000005,A
Hilda ,AU201718_06U,2017-12-26 06:00,T, 2, 1, 20,-15.32,123.32, 7, 37, 0, 0, 0, 0, 0,1001.0, , 3, , 1002, , 111, , , , , , , , , , , , , , , , , , , , , , , , , , 10,12.9, 0, 7, 3, 23.2, 1, 0, , , , , , , , , , , , , , , , , , , , , , ,,2017-12-26 06:00:00,12.9,46.440000000000005,A
Hilda ,AU201718_06U,2017-12-26 12:00,T, 2, 1, 20,-16.06,122.96, 7, 37, 0, 0, 0, 0, 0,998.0, , 7, , 1004, , 111, , , , , , , , , , , , , , , , , , , , , , , , , , 10,12.9, 0, 6, 3, 23.2, 1, 0, , , , , , , , , , , , , , , , , , , , , , ,,2017-12-26 12:00:00,12.9,46.440000000000005,A
Hilda ,AU201718_06U,2017-12-26 18:00,T, 2, 3, 20,-16.39,122.88, 7, 28, 0, 0, 0, 0, 0,992.0, , 3, , 1004, , 111, , , , , , , , , , , , , , , , , , , , , , , , , , 10,15.4, 0, 10, 3, 23.2, 1, 0, , , , , , , , , , , , , , , , , , , , , , ,,2017-12-26 18:00:00,15.4,55.440000000000005,A
Hilda ,AU201718_06U,2017-12-27 00:00,T, 2, 2, 20,-16.84,122.86, 6, 19, 1.5, 0, 0, 1.5, 1.5,984.0, , 7, , 1006, , 222, , , , , , , , , , , , , , , , , , , , , , , , , , 10,15.4, 0, 6, 3, 23.2, 1, 0, , , , , , , , , , , , , , , , , , , , , , ,,2017-12-27 00:00:00,15.4,55.440000000000005,A
Hilda ,AU201718_06U,2017-12-27 06:00,T, 2, 2, 30,-17.4,122.35, 6, 19, 2.5, 2.5, 2.5, 2, 2,982.0, , 7, , 1006, , 222, , , 37, 56, 65, 37, , , , , , , , , , , 65, , , , , 5, 2, , , 10,20.6, 0, 7, 3, 28.3, 1, 0, , , , , , , , , , , , , , , , , , , , , , ,,2017-12-27 06:00:00,20.6,74.16000000000001,A
Hilda ,AU201718_06U,2017-12-27 09:00,T, 2, 4, 30,-17.8,122.2, 6, 19, 3, 2.5, 2.5, 3, 3,980.0, , 3, , 1006, , 222, , , 37, 65, 56, 37, , 19, 28, 28, 19, , , , , , 28, , , , , 5, 2, , , 10,28.3, 0, 7, 3, 38.6, 1, 0, , , , , , , , , , , , , , , , , , , , , , ,,2017-12-27 09:00:00,28.3,101.88000000000001,A
Hilda ,AU201718_06U,2017-12-27 12:00,T, 2, 1, 30,-18.1,122.1, 6, 19, 3, 3, 3, 3, 3,980.0, , 3, , 1002, , 222, , , 37, 65, 56, 37, , , 19, 19, , , , , , , 19, , , , , 5, 2, , , 10,25.7, 0, 7, 3, 36, 1, 0, , , , , , , , , , , , , , , , , , , , , , ,,2017-12-27 12:00:00,25.7,92.52,A
Hilda ,AU201718_06U,2017-12-27 18:00,T, 2, 3, 30,-18.8,121.7, 6, 19, 4, 3, 3.5, 3.5, 3.5,984.0, , 7, , 1004, , 222, , , 37, 37, 37, 56, , , , , , , , , , , 19, , , , , 5, 5, , , 10,20.6, 0, 6, 3, 28.3, 1, 0, , , , , , , , , , , , , , , , , , , , , , ,,2017-12-27 18:00:00,20.6,74.16000000000001,A
Hilda ,AU201718_06U,2017-12-28 00:00,T, 2, 2, 30,-19.3,121.6, 6, 19, 0, 0, 0, 0, 0,990.0, , 7, , 1004, , 222, , , 37, 37, 37, 56, , , , , , , , , , , 37, , , , , , , , , 10,18.0, 0, 6, 3, 25.7, 1, 0, , , , , , , , , , , , , , , , , , , , , , ,,2017-12-28 00:00:00,18.0,64.8,A
Hilda ,AU201718_06U,2017-12-28 06:00,T, 2, 2, 20,-19.7,121.6, 3, 37, 0, 0, 0, 0, 0,994.0, , 7, , 1000, , 222, , , , , , , , , , , , , , , , , , , , , , , , , , 10,15.4, 0, 6, 3, 23.2, 1, 0, , , , , , , , , , , , , , , , , , , , , , ,,2017-12-28 06:00:00,15.4,55.440000000000005,A
Hilda ,AU201718_06U,2017-12-28 12:00,T, 2, 2, 20,-20.13,121.66, 3, 56, 0, 0, 0, 0, 0,996.0, , 7, , 1000, , 222, , , , , , , , , , , , , , , , , , , , , , , , , , 10,12.9, 0, 6, 3, 23.2, 1, 0, , , , , , , , , , , , , , , , , , , , , , ,,2017-12-28 12:00:00,12.9,46.440000000000005,A
Hilda ,AU201718_06U,2017-12-28 18:00,T, 2, 2, 20,-20.48,122.07, 3, 56, 0, 0, 0, 0, 0,998.0, , 7, , 1002, , 278, , , , , , , , , , , , , , , , , , , , , , , , , , 10,10.3, 0, 6, 3, 23.2, 1, 0, , , , , , , , , , , , , , , , , , , , , , ,,2017-12-28 18:00:00,10.3,37.080000000000005,A
Hilda ,AU201718_06U,2017-12-29 00:00,T, 2, 2, 20,-21.0,122.6, 3, 56, 0, 0, 0, 0, 0,1000.0, , 7, , 1006, , 333, , , , , , , , , , , , , , , , , , , , , , , , , , 10,10.3, 0, 6, 3, 23.2, 1, 0, , , , , , , , , , , , , , , , , , , , , , ,,2017-12-29 00:00:00,10.3,37.080000000000005,A
Joyce ,AU201718_09U,2018-01-07 00:00,T, 2, 1, 10,-13.0,129.5, 3, 83, , , , , ,1008.0, , 7, 8, , , , , , , , , , , , , , , , , , , , , , , , , , , , , ,7.7, , 20, , 23.2, 1, , , , , , , , , , , , , , , , , , , , , , , ,,2018-01-07 00:00:00,7.7,27.720000000000002,A
Joyce ,AU201718_09U,2018-01-07 06:00,T, 2, 1, 10,-13.25,129.1, 3, 83, , , , , ,1006.0, , 7, 8, , , , , , , , , , , , , , , , , , , , , , , , , , , , , ,7.7, , 20, , 23.2, 1, , , , , , , , , , , , , , , , , , , , , , , ,,2018-01-07 06:00:00,7.7,27.720000000000002,A
Joyce ,AU201718_09U,2018-01-07 12:00,T, 2, 1, 10,-13.5,128.7, 3, 83, , , , , ,1006.0, , 7, 8, , , , , , , , , , , , , , , , , , , , , , , , , , , , , ,7.7, , 20, , 23.2, 1, , , , , , , , , , , , , , , , , , , , , , , ,,2018-01-07 12:00:00,7.7,27.720000000000002,A
Joyce ,AU201718_09U,2018-01-07 18:00,T, 2, 1, 10,-13.75,128.3, 3, 83, , , , , ,1006.0, , 7, 8, 1008, , 111, , , , , , , , , , , , , , , , , , , , , , , , , , ,7.7, , 20, , 23.2, 1, , , , , , , , , , , , , , , , , , , , , , , ,,2018-01-07 18:00:00,7.7,27.720000000000002,A
Joyce ,AU201718_09U,2018-01-08 00:00,T, 2, 3, 20,-14.0,127.9, 3, 83, , , , , ,1005.0, , 7, 8, 1008, , 111, , , , , , , , , , , , , , , , , , , , , , , , , , ,10.3, , 20, , 23.2, 1, , , , , , , , , , , , , , , , , , , , , , , ,,2018-01-08 00:00:00,10.3,37.080000000000005,A
Joyce ,AU201718_09U,2018-01-08 06:00,T, 2, 2, 20,-15.4,127.3, 3, 83, , , , , ,1005.0, , 7, 8, 1006, , 111, , , , , , , , , , , , , , , , , , , , , , , , , , ,10.3, , 20, , 23.2, 1, , , , , , , , , , , , , , , , , , , , , , , ,,2018-01-08 06:00:00,10.3,37.080000000000005,A
Joyce ,AU201718_09U,2018-01-08 12:00,T, 2, 2, 20,-15.8,126.8, 3, 83, , , , , ,1005.0, , 7, 8, 1008, , 111, , , , , , , , , , , , , , , , , , , , , , , , , , ,10.3, , 20, , 23.2, 1, , , , , , , , , , , , , , , , , , , , , , , ,,2018-01-08 12:00:00,10.3,37.080000000000005,A
Joyce ,AU201718_09U,2018-01-08 18:00,T, 2, 2, 20,-15.8,126.3, 3, 83, , , , , ,1005.0, , 7, 8, 1008, , 111, , , , , , , , , , , , , , , , , , , , , , , , , , ,10.3, , 20, , 23.2, 1, , , , , , , , , , , , , , , , , , , , , , , ,,2018-01-08 18:00:00,10.3,37.080000000000005,A
Joyce ,AU201718_09U,2018-01-09 00:00,T, 2, 2, 20,-16.2,125.1, 3, 83, , , , , ,1004.0, , 7, 8, 1008, , 222, , , , , , , , , , , , , , , , , , , , , , , , , , ,10.3, , 20, , 23.2, 1, , , , , , , , , , , , , , , , , , , , , , , ,,2018-01-09 00:00:00,10.3,37.080000000000005,A
Joyce ,AU201718_09U,2018-01-09 06:00,T, 2, 2, 20,-16.4,124.5, 3, 83, , , , , ,1000.0, , 7, 8, 1004, , 111, , , , , , , , , , , , , , , , , , , , , , , , , , ,10.3, , 20, , 23.2, 1, , , , , , , , , , , , , , , , , , , , , , , ,,2018-01-09 06:00:00,10.3,37.080000000000005,A
Joyce ,AU201718_09U,2018-01-09 12:00,T, 2, 2, 20,-16.45,123.95, 3, 111, , , , , ,1000.0, , 7, 8, 1006, , 222, , , , , , , , , , , , , , , , , , , , , , , , , , ,10.3, , 20, , 23.2, 1, , , , , , , , , , , , , , , , , , , , , , , ,,2018-01-09 12:00:00,10.3,37.080000000000005,A
Joyce ,AU201718_09U,2018-01-09 18:00,T, 2, 4, 20,-16.5,123.4, 3, 111, 0, 0, 0, 0, 0,1000.0, , 7, 8, 1004, , 167, , , , , , , , , , , , , , , , , , , , , , , , , , ,10.3, 0, 20, , 23.2, 1, 0, , , 0, , , 0, 0, 0, , 0, 0, 0, , , , 0, 0, 0, 0, , 0, 0,,2018-01-09 18:00:00,10.3,37.080000000000005,A
Joyce ,AU201718_09U,2018-01-10 00:00,T, 2, 1, 20,-16.2,123.1, 3, 83, 0, 0, 0, 1.5, 1.5,997.0, , 5, 8, 1002, , 222, , , , , , , , , , , , , , , , , , , , , , , , , , ,12.9, 0, 20, , 23.2, 1, 0, , , 0, , , 0, 0, 0, , 0, 0, 0, , , , 0, 0, 0, 0, , 0, 0,,2018-01-10 00:00:00,12.9,46.440000000000005,A
Joyce ,AU201718_09U,2018-01-10 06:00,T, 2, 1, 20,-16.1,122.9, 3, 56, 2, 0, 0, 2, 2,996.0, , 5, 8, 1002, , 222, , , , , , , , , , , , , , , , , , , , , , , , , , ,12.9, 0, 20, , 23.2, 1, 0, , , 0, , , 0, 0, 0, , 0, 0, 0, , , , 0, 0, 0, 0, , 0, 0,,2018-01-10 06:00:00,12.9,46.440000000000005,A
Joyce ,AU201718_09U,2018-01-10 12:00,T, 2, 1, 20,-16.2,122.6, 6, 28, 2.5, 0, 0, 2.5, 2.5,994.0, , 5, 8, 1002, , 222, , , , , , , , , , , , , , , , , , , , , , , , , , ,15.4, 0, 20, , 23.2, 1, 0, , , 0, , , 0, 0, 0, , 0, 0, 0, , , , 0, 0, 0, 0, , 0, 0,,2018-01-10 12:00:00,15.4,55.440000000000005,A
Joyce ,AU201718_09U,2018-01-10 18:00,T, 2, 1, 20,-16.7,121.9, 6, 19, 2.5, 0, 0, 2.5, 2.5,995.0, , 5, 8, 1002, , 278, , , , , , , , , , , , , , , , , , , , , , , , , , ,15.4, 0, 20, , 23.2, 1, 0, , , 0, , , 0, 0, 0, , 0, 0, 0, , , , 0, 0, 0, 0, , 0, 0,,2018-01-10 18:00:00,15.4,55.440000000000005,A
Joyce ,AU201718_09U,2018-01-11 00:00,T, 2, 1, 21,-16.8,121.6, 6, 19, 3, 3, 3, 2.5, 2.5,993.0, , 5, 8, 1004, , 278, , , , , 46, , , , , , , , , , , , 37, , , , , 7, 10, , , ,18.0, 0, 11, , 25.7, 1, 0, , , 0, , , 0, 0, 0, , 0, 0, 0, , , , 0, 0, 0, 0, , 0, 0,,2018-01-11 00:00:00,18.0,64.8,A
Joyce ,AU201718_09U,2018-01-11 06:00,T, 2, 1, 21,-17.4,121.7, 6, 19, 3, 3, 3, 3, 3,986.0, , 5, 8, 1002, , 389, , , , 74, 74, , , , , , , , , , , , 28, , , , , 7, 3, , , ,23.2, , 20, , 33.4, 1, , , , , , , , , , , , , , , , , , , , , , , ,,2018-01-11 06:00:00,23.2,83.52,A
Joyce ,AU201718_09U,2018-01-11 12:00,T, 2, 1, 30,-18.1,121.4, 6, 28, 2.5, 3, 3, 3, 3,982.0, , 5, 8, 1002, , 389, , , 93, 74, 148, 74, 37, , , , , , , , , , 19, , , , , 3, 10, , , ,25.7, , 11, , 36, 1, , , , , , , , , , , , , , , , , , , , , , , ,,2018-01-11 12:00:00,25.7,92.52,A
Joyce ,AU201718_09U,2018-01-11 18:00,T, 2, 1, 30,-18.63,121.7, 3, 28, , , , , ,980.0, , 5, 8, 1002, , 333, , , 37, 37, 148, 74, , , , , , , , , , , 28, , , , , 7, 7, , , ,23.2, , 20, , 33.4, 1, , , , , , , , , , , , , , , , , , , , , , , ,,2018-01-11 18:00:00,23.2,83.52,A
Joyce ,AU201718_09U,2018-01-12 00:00,T, 2, 1, 30,-19.17,121.25, 3, 37, , , , , ,978.0, , 5, 8, 1004, , 444, , , 37, 37, 167, 222, , , , , , , , , , , 37, , , , , 7, 7, , , ,23.2, , 20, , 33.4, 1, , , , , , , , , , , , , , , , , , , , , , , ,,2018-01-12 00:00:00,23.2,83.52,A
Joyce ,AU201718_09U,2018-01-12 06:00,T, 2, 3, 21,-19.7,120.7, 6, 19, , , , , ,978.0, , 5, 8, 1000, , 333, , , , , 74, 130, , , , , , , , , , , 28, , , , , 3, 3, , , ,23.2, , 20, , 33.4, 1, , , , , , , , , , , , , , , , , , , , , , , ,,2018-01-12 06:00:00,23.2,83.52,A
Joyce ,AU201718_09U,2018-01-12 12:00,T, 2, 2, 21,-20.1,119.9, 6, 19, , , , , ,975.0, , 7, 8, 1000, , 222, , , , , 56, 111, , , , , , , , , , , 28, , , , , 3, 2, , , ,23.2, , 7, , 33.4, 1, , , , , , , , , , , , , , , , , , , , , , , ,,2018-01-12 12:00:00,23.2,83.52,A
Joyce ,AU201718_09U,2018-01-12 18:00,T, 2, 2, 20,-20.6,119.4, 6, 9, , , , , ,990.0, , 5, 8, 1000, , 222, , , , , , , , , , , , , , , , , , , , , , , , , , ,15.4, , 20, , 23.2, 1, , , , , , , , , , , , , , , , , , , , , , , ,,2018-01-12 18:00:00,15.4,55.440000000000005,A
Joyce ,AU201718_09U,2018-01-13 00:00,T, 2, 2, 20,-21.3,118.6, 6, 9, , , , , ,995.0, , 5, 8, 1004, , 333, , , , , , , , , , , , , , , , , , , , , , , , , , ,12.9, , 20, , 23.2, 1, , , , , , , , , , , , , , , , , , , , , , , ,,2018-01-13 00:00:00,12.9,46.440000000000005,A
Joyce ,AU201718_09U,2018-01-13 06:00,T, 2, 2, 20,-22.2,118.0, 6, 28, , , , , ,998.0, , 5, 8, 1002, , 278, , , , , , , , , , , , , , , , , , , , , , , , , , ,12.9, , 20, , 23.2, 1, , , , , , , , , , , , , , , , , , , , , , , ,,2018-01-13 06:00:00,12.9,46.440000000000005,A
Joyce ,AU201718_09U,2018-01-13 12:00,T, 2, 2, 20,-23.26,117.24, 11, 28, , , , , ,1001.0, , 7, 8, 1002, , 222, , , , , , , , , , , , , , , , , , , , , , , , , , ,10.3, , 20, , 23.2, 1, , , , , , , , , , , , , , , , , , , , , , , ,,2018-01-13 12:00:00,10.3,37.080000000000005,A
Joyce ,AU201718_09U,2018-01-13 18:00,T, 2, 2, 20,-24.46,116.1, 11, 28, , , , , ,1001.0, , 7, 8, 1002, , 222, , , , , , , , , , , , , , , , , , , , , , , , , , ,10.3, , 20, , 23.2, 1, , , , , , , , , , , , , , , , , , , , , , , ,,2018-01-13 18:00:00,10.3,37.080000000000005,A
Joyce ,AU201718_09U,2018-01-14 00:00,T, 2, 2, 20,-25.4,115.5, 3, 37, , , , , ,1001.0, , 7, 8, 1004, , 111, , , , , , , , , , , , , , , , , , , , , , , , , , ,10.3, , 20, , 23.2, 1, , , , , , , , , , , , , , , , , , , , , , , ,,2018-01-14 00:00:00,10.3,37.080000000000005,A
Joyce ,AU201718_09U,2018-01-14 06:00,T, 2, 2, 20,-26.2,115.1, 3, 37, , , , , ,1001.0, , 7, 8, 1004, , 111, , , , , , , , , , , , , , , , , , , , , , , , , , ,10.3, , 20, , 23.2, 1, , , , , , , , , , , , , , , , , , , , , , , ,,2018-01-14 06:00:00,10.3,37.080000000000005,A
Joyce ,AU201718_09U,2018-01-14 12:00,T, 2, 2, 20,-26.8,115.2, 3, 37, , , , , ,1002.0, , 7, 8, 1006, , 167, , , , , , , , , , , , , , , , , , , , , , , , , , ,10.3, , 20, , 23.2, 1, , , , , , , , , , , , , , , , , , , , , , , ,,2018-01-14 12:00:00,10.3,37.080000000000005,A
Joyce ,AU201718_09U,2018-01-14 18:00,T, 2, 2, 20,-27.65,114.3, 3, 28, , , , , ,1002.0, , 7, 8, , , , , , , , , , , , , , , , , , , , , , , , , , , , , ,10.3, , 20, , 23.2, 1, , , , , , , , , , , , , , , , , , , , , , , ,,2018-01-14 18:00:00,10.3,37.080000000000005,A
Joyce ,AU201718_09U,2018-01-15 00:00,T, 2, 2, 20,-28.5,113.4, 3, 19, , , , , ,1002.0, , 7, 8, , , , , , , , , , , , , , , , , , , , , , , , , , , , , ,10.3, , 20, , 23.2, 1, , , , , , , , , , , , , , , , , , , , , , , ,,2018-01-15 00:00:00,10.3,37.080000000000005,A
Joyce ,AU201718_09U,2018-01-15 06:00,T, 2, 2, 20,-29.2,113.3, 3, 19, , , , , ,1002.0, , 7, 8, , , , , , , , , , , , , , , , , , , , , , , , , , , , , ,10.3, , 20, , 23.2, 1, , , , , , , , , , , , , , , , , , , , , , , ,,2018-01-15 06:00:00,10.3,37.080000000000005,A
Kelvin ,AU201718_17U,2018-02-12 18:00,T, 2, 1, 10,-10.0,132.5, 11, 56, 0, 0, 0, 0, 0,1006.0, , 5, 8, , , , , , , , , , , , , , , , , , , , , , , , , , , , , ,7.7, 0, 20, , 23.2, 1, 0, , , , , , , , , , , , , , , , , , , , , , ,,2018-02-12 18:00:00,7.7,27.720000000000002,A
Kelvin ,AU201718_17U,2018-02-13 00:00,T, 2, 1, 20,-10.6,132.8, 3, 56, 0, 0, 0, 0, 0,1006.0, , 5, 8, , , , , , , , , , , , , , , , , , , , , , , , , , , , , ,7.7, 0, 20, , 23.2, 1, 0, , , , , , , , , , , , , , , , , , , , , , ,,2018-02-13 00:00:00,7.7,27.720000000000002,A
Kelvin ,AU201718_17U,2018-02-13 06:00,T, 2, 1, 20,-11.12,133.51, 11, 28, 1, 0, 0, 1, 1,1004.0, , 5, 8, , , , , , , , , , , , , , , , , , , , , , , , , , , , , ,7.7, 0, 20, , 23.2, 1, 0, , , , , , , , , , , , , , , , , , , , , , ,,2018-02-13 06:00:00,7.7,27.720000000000002,A
Kelvin ,AU201718_17U,2018-02-13 12:00,T, 2, 3, 20,-12.41,132.31, 3, 56, 0, 0, 0, 0, 0,1004.0, , 5, 8, , , , , , , , , , , , , , , , , , , , , , , , , , , , , ,10.3, 0, 20, , 23.2, 1, 0, , , , , , , , , , , , , , , , , , , , , , ,,2018-02-13 12:00:00,10.3,37.080000000000005,A
Kelvin ,AU201718_17U,2018-02-13 18:00,T, 2, 2, 20,-13.24,131.33, 3, 37, 0, 0, 0, 0, 0,1004.0, , 5, 8, , , , , , , , , , , , , , , , , , , , , , , , , , , , , ,10.3, 0, 20, , 23.2, 1, 0, , , , , , , , , , , , , , , , , , , , , , ,,2018-02-13 18:00:00,10.3,37.080000000000005,A
Kelvin ,AU201718_17U,2018-02-14 00:00,T, 2, 4, 20,-13.7,130.3, 6, 37, 0, 0, 0, 0, 0,1004.0, , 5, 8, 1010, , 222, , , , , , , , , , , , , , , , , , , , , , , , , , ,12.9, 0, 20, , 23.2, 1, 0, , , , , , , , , , , , , , , , , , , , , , ,,2018-02-14 00:00:00,12.9,46.440000000000005,A
Kelvin ,AU201718_17U,2018-02-14 06:00,T, 2, 1, 20,-14.1,128.9, 6, 19, 2.5, 2, 2.5, 2.5, 2.5,1003.0, , 5, 8, 1008, , 222, , , , , , , , , , , , , , , , , , , , , , , , , , ,15.4, 0, 11, , 23.2, 1, 0, , , , , , , , , , , , , , , , , , , , , , ,,2018-02-14 06:00:00,15.4,55.440000000000005,A
Kelvin ,AU201718_17U,2018-02-14 12:00,T, 2, 3, 20,-14.6,128.2, 6, 28, 0, 0, 0, 0, 0,1001.0, , 5, 8, 1008, , 222, , , , , , , , , , , , , , , , , , , , , , , , , , ,15.4, 0, 11, , 23.2, 1, 0, , , , , , , , , , , , , , , , , , , , , , ,,2018-02-14 12:00:00,15.4,55.440000000000005,A
Kelvin ,AU201718_17U,2018-02-14 18:00,T, 2, 2, 20,-14.7,126.9, 6, 19, 0, 0, 0, 0, 0,1001.0, , 5, 8, 1008, , 222, , , , , , , , , , , , , , , , , , , , , , , , , , ,12.9, 0, 20, , 23.2, 1, 0, , , , , , , , , , , , , , , , , , , , , , ,,2018-02-14 18:00:00,12.9,46.440000000000005,A
Kelvin ,AU201718_17U,2018-02-15 00:00,T, 2, 2, 20,-15.2,126.1, 6, 28, 0, 0, 0, 0, 0,1002.0, , 5, 8, 1010, , 222, , , , , , , , , , , , , , , , , , , , , , , , , , ,12.9, 0, 20, , 23.2, 1, 0, , , , , , , , , , , , , , , , , , , , , , ,,2018-02-15 00:00:00,12.9,46.440000000000005,A
Kelvin ,AU201718_17U,2018-02-15 06:00,T, 2, 2, 20,-16.1,125.6, 3, 37, 0, 0, 0, 0, 0,1002.0, , 5, 8, 1006, , 222, , , , , , , , , , , , , , , , , , , , , , , , , , ,12.9, 0, 20, , 23.2, 1, 0, , , , , , , , , , , , , , , , , , , , , , ,,2018-02-15 06:00:00,12.9,46.440000000000005,A
Kelvin ,AU201718_17U,2018-02-15 12:00,T, 2, 2, 20,-16.9,124.4, 3, 37, 0, 0, 0, 0, 0,1003.0, , 5, 8, 1006, , 222, , , , , , , , , , , , , , , , , , , , , , , , , , ,12.9, 0, 20, , 23.2, 1, 0, , , , , , , , , , , , , , , , , , , , , , ,,2018-02-15 12:00:00,12.9,46.440000000000005,A
Kelvin ,AU201718_17U,2018-02-15 18:00,T, 2, 2, 20,-17.2,122.9, 6, 28, 0, 0, 0, 0, 0,1003.0, , 5, 8, 1008, , 222, , , , , , , , , , , , , , , , , , , , , , , , , , ,12.9, 0, 20, , 23.2, 1, 0, , , , , , , , , , , , , , , , , , , , , , ,,2018-02-15 18:00:00,12.9,46.440000000000005,A
Kelvin ,AU201718_17U,2018-02-16 00:00,T, 2, 2, 21,-17.3,122.2, 6, 28, 0, 0, 0, 0, 0,998.0, , 5, 8, 1008, , 278, , , , 56, , , , , , , , , , , , , 46, , , , , 3, 2, , , ,18.0, 0, 6, , 25.7, 1, 0, , , 0, , , 0, 0, 0, , 0, 0, 0, , , , 0, 0, 0, 0, , 0, 0,,2018-02-16 00:00:00,18.0,64.8,A
Kelvin ,AU201718_17U,2018-02-16 06:00,T, 2, 4, 21,-17.8,121.6, 6, 19, 0, 0, 0, 0, 0,991.0, , 5, 8, 1006, , 333, , , , 65, , , , , , , , , , , , , 46, , , , , 3, 2, , , ,20.6, 0, 6, , 28.3, 1, 0, , , 0, , , 0, 0, 0, , 0, 0, 0, , , , 0, 0, 0, 0, , 0, 0,,2018-02-16 06:00:00,20.6,74.16000000000001,A
Kelvin ,AU201718_17U,2018-02-16 12:00,T, 2, 1, 21,-18.2,121.3, 6, 28, 2.5, 0, 0, 2.5, 2.5,989.0, , 5, 8, 1006, , 333, , , , , 65, , , , , , , , , , , , 46, , , , , 3, 2, , , ,20.6, 0, 20, , 28.3, 1, 0, , , , , , , , , , , , , , , , , , , , , , ,,2018-02-16 12:00:00,20.6,74.16000000000001,A
Kelvin ,AU201718_17U,2018-02-16 18:00,T, 2, 1, 21,-18.5,121.2, 6, 19, 2.5, 0, 0, 2.5, 2.5,989.0, , 5, 8, 1004, , 333, , , , , 65, 65, , , , , , , , , , , 46, , , , , 3, 3, , , ,20.6, 0, 20, , 28.3, 1, 0, , , , , , , , , , , , , , , , , , , , , , ,,2018-02-16 18:00:00,20.6,74.16000000000001,A
Kelvin ,AU201718_17U,2018-02-17 00:00,T, 2, 1, 30,-18.9,120.9, 3, 28, 2.5, 0, 0, 2.5, 2.5,986.0, , 5, 8, 1006, , 333, , , , 46, 56, 56, , , , , , , , , , , 37, , , , , 7, 3, , , ,23.2, 0, 20, , 33.4, 1, 0, , , , , , , , , , , , , , , , , , , , , , ,,2018-02-17 00:00:00,23.2,83.52,A
Kelvin ,AU201718_17U,2018-02-17 06:00,T, 2, 1, 30,-19.3,120.6, 6, 28, 0, 3, 3, 3, 3,983.0, , 5, 8, 1004, , 333, , , 37, 37, 56, 56, 28, 28, 28, 28, 28, , , , , , 28, , , , , 7, 3, , , ,25.7, 0, 20, , 36, 1, 0, , , 0, , , 0, 0, 0, , 0, 0, 0, , , , 0, 0, 0, 0, , 0, 0,,2018-02-17 06:00:00,25.7,92.52,A
Kelvin ,AU201718_17U,2018-02-17 12:00,T, 2, 1, 30,-19.1,120.6, 6, 19, 0, 2.5, 2.5, 3, 3,974.0, , 5, 8, 1004, , 278, , , 46, 46, 83, 56, 37, 37, 37, 37, 37, , , , , , 28, , , , , 3, 10, , , ,30.9, 0, 20, , 43.7, 1, 0, , , 0, , , 0, 0, 0, , 0, 0, 0, , , , 0, 0, 0, 0, , 0, 0,,2018-02-17 12:00:00,30.9,111.24,A
Kelvin ,AU201718_17U,2018-02-17 18:00,T, 2, 1, 40,-19.1,121.0, 6, 19, 3.5, 3.5, 3.5, 3.5, 3.5,966.0, , 5, 8, 1004, , 333, , , 46, 46, 83, 65, 37, 37, 37, 37, 37, 28, , , , , 19, , , , , 3, 3, , , ,36.0, 0, 20, , 51.4, 1, 0, , , 0, , , 0, 0, 0, , 0, 0, 0, , , , 0, 0, 0, 0, , 0, 0,,2018-02-17 18:00:00,36.0,129.6,A
Kelvin ,AU201718_17U,2018-02-18 00:00,T, 2, 3, 40,-19.2,121.6, 6, 19, 4.5, 4, 4.5, 4.5, 4.5,959.0, , 5, 8, 1004, , 333, , 56, 56, 56, 56, 56, 37, 37, 37, 37, 37, 28, , , , , 19, , , , , 4, 4, , , ,41.2, 0, 20, , 56.6, 1, 14.8, , 3, 0, , , 0, 0, 0, , 0, 0, 0, , , , 0, 0, 0, 0, , 0, 0,,2018-02-18 00:00:00,41.2,148.32000000000002,A
Kelvin ,AU201718_17U,2018-02-18 06:00,T, 2, 2, 40,-19.8,122.1, 6, 19, 5, 4.5, 5, 5, 5,955.0, , 5, 8, 1000, , 222, , 56, 56, 56, 56, 56, 37, 37, 37, 37, 37, 28, , , , , 19, , , , , 4, 4, , , ,41.2, 0, 20, , 56.6, 1, 13, , 3, 0, , , 0, 0, 0, , 0, 0, 0, , , , 0, 0, 0, 0, , 0, 0,,2018-02-18 06:00:00,41.2,148.32000000000002,A
Kelvin ,AU201718_17U,2018-02-18 12:00,T, 2, 2, 40,-20.3,122.4, 6, 19, 0, 0, 0, 0, 0,965.0, , 5, 8, 1002, , 278, , 56, 56, 56, 56, 56, 37, 37, 37, 37, 37, 28, , , , , 19, , , , , 8, 8, , , ,36.0, 0, 20, , 51.4, 1, 13, , 1, 0, , , 0, 0, 0, , 0, 0, 0, , , , 0, 0, 0, 0, , 0, 0,,2018-02-18 12:00:00,36.0,129.6,A
Kelvin ,AU201718_17U,2018-02-18 18:00,T, 2, 2, 30,-21.0,122.6, 4, 19, 0, 0, 0, 0, 0,973.0, , 5, 8, 1002, , 278, , 56, 56, 56, 56, 56, 37, 37, 37, 37, 37, , , , , , 19, , , , , 8, 8, , , ,30.9, 0, 20, , 43.7, 1, 18.5, , 1, 0, , , 0, 0, 0, , 0, 0, 0, , , , 0, 0, 0, 0, , 0, 0,,2018-02-18 18:00:00,30.9,111.24,A
Kelvin ,AU201718_17U,2018-02-19 00:00,T, 2, 2, 30,-21.5,122.9, 4, 19, 0, 0, 0, 0, 0,984.0, , 5, 8, 1002, , 222, , , 46, 74, 37, 46, , , , , , , , , , , 28, , , , , 8, 8, , , ,20.6, 0, 20, , 28.3, 1, 16.7, , 1, , , , , , , , , , , , , , , , , , , , ,,2018-02-19 00:00:00,20.6,74.16000000000001,A
Kelvin ,AU201718_17U,2018-02-19 06:00,T, 2, 2, 30,-22.1,123.3, 3, 19, 0, 0, 0, 0, 0,987.0, , 5, 8, 998, , 167, , , 46, 74, 46, 46, , , , , , , , , , , 37, , , , , 7, 7, , , ,18.0, 0, 20, , 25.7, 1, 0, , , , , , , , , , , , , , , , , , , , , , ,,2018-02-19 06:00:00,18.0,64.8,A
Kelvin ,AU201718_17U,2018-02-19 12:00,T, 2, 2, 20,-22.6,123.6, 3, 37, 0, 0, 0, 0, 0,990.0, , 5, 8, 998, , 167, , , , , , , , , , , , , , , , , , , , , , , , , , ,15.4, 0, 20, , 23.2, 1, 0, , , , , , , , , , , , , , , , , , , , , , ,,2018-02-19 12:00:00,15.4,55.440000000000005,A
Kelvin ,AU201718_17U,2018-02-19 18:00,T, 2, 2, 20,-23.1,123.8, 3, 19, 0, 0, 0, 0, 0,996.0, , 5, 8, 1002, , 222, , , , , , , , , , , , , , , , , , , , , , , , , , ,12.9, 0, 20, , 23.2, 1, 0, , , , , , , , , , , , , , , , , , , , , , ,,2018-02-19 18:00:00,12.9,46.440000000000005,A
Kelvin ,AU201718_17U,2018-02-20 00:00,T, 2, 2, 20,-23.8,124.0, 3, 19, 0, 0, 0, 0, 0,997.0, , 5, 8, 1002, , 222, , , , , , , , , , , , , , , , , , , , , , , , , , ,10.3, 0, 20, , 23.2, 1, 0, , , , , , , , , , , , , , , , , , , , , , ,,2018-02-20 00:00:00,10.3,37.080000000000005,A
Kelvin ,AU201718_17U,2018-02-20 06:00,T, 2, 2, 20,-24.4,124.4, 3, 37, 0, 0, 0, 0, 0,997.0, , 5, 8, 1000, , 222, , , , , , , , , , , , , , , , , , , , , , , , , , ,10.3, 0, 20, , 23.2, 1, 0, , , , , , , , , , , , , , , , , , , , , , ,,2018-02-20 06:00:00,10.3,37.080000000000005,A
Kelvin ,AU201718_17U,2018-02-20 12:00,T, 2, 2, 20,-25.0,124.8, 3, 37, 0, 0, 0, 0, 0,997.0, , 5, 8, 1000, , 222, , , , , , , , , , , , , , , , , , , , , , , , , , ,10.3, 0, 20, , 23.2, 1, 0, , , , , , , , , , , , , , , , , , , , , , ,,2018-02-20 12:00:00,10.3,37.080000000000005,A
Kelvin ,AU201718_17U,2018-02-20 18:00,T, 2, 2, 20,-26.05,124.93, 3, 37, 0, 0, 0, 0, 0,997.0, , 5, 8, 1000, , 222, , , , , , , , , , , , , , , , , , , , , , , , , , ,10.3, 0, 20, , 23.2, 1, 0, , , , , , , , , , , , , , , , , , , , , , ,,2018-02-20 18:00:00,10.3,37.080000000000005,A
Kelvin ,AU201718_17U,2018-02-21 00:00,T, 2, 2, 20,-27.1,125.1, 3, 37, 0, 0, 0, 0, 0,998.0, , 5, 8, 1004, , 222, , , , , , , , , , , , , , , , , , , , , , , , , , ,10.3, 0, 20, , 23.2, 1, 0, , , , , , , , , , , , , , , , , , , , , , ,,2018-02-21 00:00:00,10.3,37.080000000000005,A
Kelvin ,AU201718_17U,2018-02-21 06:00,T, 2, 2, 20,-28.4,126.1, 3, 28, 0, 0, 0, 0, 0,1000.0, , 5, 8, 1004, , 222, , , , , , , , , , , , , , , , , , , , , , , , , , ,10.3, 0, 20, , 23.2, 1, 0, , , , , , , , , , , , , , , , , , , , , , ,,2018-02-21 06:00:00,10.3,37.080000000000005,A
Riley ,AU201819_12U,2019-01-21 00:00,T, 20, 1, 20,-8.9,128.4, 3, 93, , , , , ,1006.0, , 7, , 1010, , 222, , , , , , , , , , , , , , , , , , , , , , , , , , 10,5.1, , , 3, 15.4, 1, , , , , , , , , , , , , , , , , , , , , , , ,,2019-01-21 00:00:00,5.1,18.36,A
Riley ,AU201819_12U,2019-01-21 06:00,T, 20, 1, 20,-9.6,128.4, 3, 111, , , , , ,1004.0, , 7, , 1010, , 222, , , , , , , , , , , , , , , , , , , , , , , , , , 10,5.1, , , 3, 15.4, 1, , , , , , , , , , , , , , , , , , , , , , , ,,2019-01-21 06:00:00,5.1,18.36,A
Riley ,AU201819_12U,2019-01-21 12:00,T, 20, 1, 20,-10.1,128.3, 10, 111, , , , , ,1004.0, , 7, , 1010, , 222, , , , , , , , , , , , , , , , , , , , , , , , , , 10,5.1, , 11, 3, 18, 1, , , , , , , , , , , , , , , , , , , , , , , ,ASCAT-B at 1315Z suggest position may be closer to 10.1S 129.8S.,2019-01-21 12:00:00,5.1,18.36,A
Riley ,AU201819_12U,2019-01-21 18:00,T, 20, 1, 20,-10.5,127.7, 3, 111, , , , , ,1004.0, , 7, , 1010, , 222, , , , , , , , , , , , , , , , , , , , , , , , , , 10,7.7, , , 3, 18, 1, , , , , , , , , , , , , , , , , , , , , , , ,,2019-01-21 18:00:00,7.7,27.720000000000002,A
Riley ,AU201819_12U,2019-01-22 00:00,T, 20, 1, 20,-10.8,126.6, 3, 111, 1, , , 1, 1,1004.0, , 7, , 1008, , 222, , , , , , , , , , , , , , , , , , , , , , , , , , 10,7.7, , , 3, 23.2, 1, , , , , , , , , , , , , , , , , , , , , , , ,Based on YBYU going ENE at 00Z.,2019-01-22 00:00:00,7.7,27.720000000000002,A
Riley ,AU201819_12U,2019-01-22 06:00,T, 20, 1, 20,-11.3,126.1, 3, 111, 1, , , 1, 1,1000.0, , 7, , 1006, , 222, , , , , , , , , , , , , , , , , , , , , , , , , , 10,7.7, , , 3, 23.2, 1, , , , , , , , , , , , , , , , , , , , , , , ,,2019-01-22 06:00:00,7.7,27.720000000000002,A
Riley ,AU201819_12U,2019-01-22 12:00,T, 20, 1, 20,-12.3,125.3, 3, 93, 1, , , 1, 1,1000.0, , 7, , 1005, , 185, , , , , , , , , , , , , , , , , , , , , , , , , , 10,7.7, , 11, 3, 23.2, 1, , , , , , , , , , , , , , , , , , , , , , , ,ASCAT 1256UTC scatterometer pass,2019-01-22 12:00:00,7.7,27.720000000000002,A
Riley ,AU201819_12U,2019-01-22 18:00,T, 20, 1, 20,-13.0,124.6, 11, 74, 1.5, , , 1.5, 1.5,998.0, , 7, , 1005, , 185, , , , , , , , , , , , , , , , , , , , , , , , , , 10,10.3, , , 3, 23.2, 1, , , , , , , , , , , , , , , , , , , , , , , ,,2019-01-22 18:00:00,10.3,37.080000000000005,A
Riley ,AU201819_12U,2019-01-23 00:00,T, 20, 1, 20,-13.8,124.2, 11, 56, , 2, 2, 2, 2,998.0, , 7, , 1006, , 222, , , , , , , , , , , , , , , , , , , , , , , , , , 10,10.3, , 11, 3, 23.2, 1, , , , , , , , , , , , , , , , , , , , , , , ,Biased towards circulation on Inpex radar and SSMIS microwave at 2135UTC.,2019-01-23 00:00:00,10.3,37.080000000000005,A
Riley ,AU201819_12U,2019-01-23 06:00,T, 20, 1, 20,-14.5,123.3, 3, 56, , 1.5, 2, 2, 2,998.0, , 7, , 1006, , 167, , , , , , , , , , , , , , , , , , , , , , , , , , 10,10.3, , , 3, 23.2, 1, , , , , , , , , , , , , , , , , , , , , , , ,Based on combination of VIS animation; radar and obs. LLCC may be a little further south on radar; but used motion persistence..,2019-01-23 06:00:00,10.3,37.080000000000005,A
Riley ,AU201819_12U,2019-01-23 12:00,T, 20, 1, 20,-15.7,122.7, 11, 46, , 2, 2, 2, 2,996.0, , 7, , 1004, , 167, , , , , , , , , , , , , , , , , , , , , , , , , , 10,12.9, , , 3, 23.2, 1, , , , , , , , , , , , , , , , , , , , , , , ,Fix position changed slightly based on radar coverage. CP also Altered based on obs,2019-01-23 12:00:00,12.9,46.440000000000005,A
Riley ,AU201819_12U,2019-01-23 18:00,T, 20, 1, 20,-16.6,121.7, 11, 37, 2.5, 3, 2.5, 2.5, 2.5,995.0, , 7, , 1003, , 204, , , , , , , , , , , , , , , , , , , , , , , , , , 10,15.4, , , 3, 23.2, 1, , , , , , , , , , , , , , , , , , , , , , , ,,2019-01-23 18:00:00,15.4,55.440000000000005,A
Riley ,AU201819_12U,2019-01-24 00:00,T, 20, 1, 30,-16.9,120.8, 3, 28, 3, 3, 3, 3, 3,992.0, , 5, 8, 1004, , 222, , , 37, 56, 93, 167, , , , , , , , , , , 37, , , , , 7, 10, , , 10,20.6, , 13, 3, 28.3, 1, , , , , , , , , , , , , , , , , , , , , , , ,Well defined curved band on SSMIS microwave image at 2158UTC.,2019-01-24 00:00:00,20.6,74.16000000000001,A
Riley ,AU201819_12U,2019-01-24 06:00,T, 20, 1, 30,-17.0,120.0, 3, 37, 3, 3, 3, 3, 3,990.0, , 5, 8, 1002, , 222, , , 93, 74, 93, 167, , , , , , , , , , , 37, , , , , 7, , , , 10,23.2, , , 3, 33.4, 1, , , , , , , , , , , , , , , , , , , , , , , ,,2019-01-24 06:00:00,23.2,83.52,A
Riley ,AU201819_12U,2019-01-24 12:00,T, 20, 1, 30,-16.7,119.4, 11, 37, 3, 3, 3, 3, 3,990.0, , 5, 8, 1002, , 222, , , 130, 93, 111, 167, , , , , , , , , , , 37, , , , , 7, , , , 10,23.2, , , 3, 33.4, 1, , , , , , , , , , , , , , , , , , , , , , , ,,2019-01-24 12:00:00,23.2,83.52,A
Riley ,AU201819_12U,2019-01-24 18:00,T, 20, 1, 30,-16.7,119.1, 11, 37, 3.5, 3, 3.5, 3.5, 3.5,985.0, , 5, 8, 1004, , 204, , , 167, 93, 130, 167, , 56, , , , , , , , , 37, , , , , 7, , , , 10,25.7, , , 3, 36, 1, , , , , , , , , , , , , , , , , , , , , , , ,,2019-01-24 18:00:00,25.7,92.52,A
Riley ,AU201819_12U,2019-01-25 00:00,T, 20, 1, 30,-16.7,118.8, 11, 28, 3.5, 3.5, 3.5, 3.5, 3.5,982.0, , 5, 8, 1004, , 204, , , 185, 93, 148, 185, , 74, , , , , , , , , 37, , , , , 10, 10, 10, , 10,25.7, , 11, 3, 36, 1, , , , , , , , , , , , , , , , , , , , , , , ,,2019-01-25 00:00:00,25.7,92.52,A
Riley ,AU201819_12U,2019-01-25 06:00,T, 20, 1, 30,-16.8,118.3, 11, 37, 3.5, 3.5, 3.5, 3.5, 3.5,982.0, , 5, 8, 1002, , 278, , , 185, 111, 148, 185, , 74, , , , , , , , , 46, , , , , 10, 10, 10, , 10,25.7, , 11, 3, 36, 1, , , , , , , , , , , , , , , , , , , , , , , ,ASCAT 0103UTC and 0135UTC show 50kn northeast of centre,2019-01-25 06:00:00,25.7,92.52,A
Riley ,AU201819_12U,2019-01-25 12:00,T, 20, 1, 30,-16.9,118.0, 11, 37, 3, 2.5, 2.5, 3, 3.5,982.0, , 5, 8, 1002, , 278, , , 185, 130, 130, 204, , 74, , , , , , , , , 46, , , , , 8, , , , 10,25.7, , , 3, 36, 1, , , , , , , , , , , , , , , , , , , , , , , ,ASCAT B 1333UTC partial pass shows gale extent to west,2019-01-25 12:00:00,25.7,92.52,A
Riley ,AU201819_12U,2019-01-25 18:00,T, 20, 1, 30,-16.8,117.6, 11, 37, 3.5, 3.5, 3.5, 4, 4,979.0, , 5, 8, 1002, , 278, , , 204, 130, 148, 204, , 74, , , 56, , , , , , 46, , , , , 8, , , , 10,28.3, , 20, 3, 36, 1, , , , , , , , , , , , , , , , , , , , , , , ,,2019-01-25 18:00:00,28.3,101.88000000000001,A
Riley ,AU201819_12U,2019-01-26 00:00,T, 20, 1, 40,-17.0,117.4, 11, 37, 4, 3.5, 4, 4, 4,973.0, , 5, 8, 1004, , 278, , , 204, 111, 148, 204, , 93, 56, 56, 93, , 56, , , , 46, , , , , 20, 20, , 20, 10,33.4, , 20, 3, 46.3, 1, , , , , , , , , , , , , , , , , , , , , , , ,Intensity and wind radii influenced by SMAP at 2155UTC estimate of 74kn in NE quadrant and partial microwave 2259Z,2019-01-26 00:00:00,33.4,120.24,A
Riley ,AU201819_12U,2019-01-26 06:00,T, 20, 1, 30,-17.5,117.1, 3, 37, 3, 2.5, 3, 3.5, 4,978.0, , 5, 8, 1004, , 278, , , 204, 93, 148, 204, , 93, 74, , 93, , , , , , 46, , , , , 7, , , , 10,30.9, , , 3, 38.6, 1, , , , , , , , , , , , , , , , , , , , , , , ,,2019-01-26 06:00:00,30.9,111.24,A
Riley ,AU201819_12U,2019-01-26 12:00,T, 20, 1, 30,-17.6,116.3, 11, 37, 3, 3, 3, 3.5, 4,980.0, , 5, 8, 1004, , 278, , , 204, 93, 111, 204, , 93, , , 74, , , , , , 46, , , , , 7, 10, 10, , 10,28.3, , , 3, 36, 1, , , , , , , , , , , , , , , , , , , , , , , ,,2019-01-26 12:00:00,28.3,101.88000000000001,A
Riley ,AU201819_12U,2019-01-26 18:00,T, 20, 1, 30,-17.5,115.4, 11, 28, 4.5, 3.5, 4, 4, 4,979.0, , 5, 8, 1004, , 278, , , 204, 111, 111, 185, , 93, , , 74, , , , , , 46, , , , , 7, , , , 10,30.9, , , 3, 38.6, 1, , , , , , , , , , , , , , , , , , , , , , , ,SSMI microwave eye formation; OSCAT 1309UTC for wind radii,2019-01-26 18:00:00,30.9,111.24,A
Riley ,AU201819_12U,2019-01-27 00:00,T, 20, 1, 40,-17.5,114.6, 3, 37, 5, 4.5, 4.5, 4.5, 4.5,975.0, , 5, 8, 1004, , 278, , , 204, 130, 111, 185, , 93, 56, 56, 74, , 56, , , , 37, , , , , 9, 10, 10, 9, 10,33.4, , 13, 3, 46.3, 1, , , , , , , , , , , , , , , , , , , , , , , ,ASCAT-A 0054UTC; ASCAT-B 0127,2019-01-27 00:00:00,33.4,120.24,A
Riley ,AU201819_12U,2019-01-27 06:00,T, 20, 1, 40,-17.6,113.7, 4, 37, 4, 4.5, 4, 4.5, 4.5,971.0, , 5, 8, 1004, , 278, , , 185, 130, 111, 167, , 93, 56, 56, 74, , 56, , , , 37, , , , , 8, 10, 10, 8, 10,36.0, , , 3, 51.4, 1, 22.2, , 1, , , , , , , , , , , , , , , , , , , , ,eye on visible imagery,2019-01-27 06:00:00,36.0,129.6,A
Riley ,AU201819_12U,2019-01-27 12:00,T, 20, 1, 40,-17.9,112.7, 11, 37, 4.5, 3.5, 4, 4, 4.5,974.0, , 5, 8, 1004, , 278, , , 185, 148, 130, 167, , 93, 74, 56, 74, , 56, , , , 37, , , , , 9, 10, 10, 9, 10,33.4, , , 3, 46.3, 1, 25.9, , 1, , , , , , , , , , , , , , , , , , , , ,SMAP intensity estimate 65kn at 1041Z;,2019-01-27 12:00:00,33.4,120.24,A
Riley ,AU201819_12U,2019-01-27 18:00,T, 20, 1, 40,-18.0,111.5, 11, 37, 5, 4, 4, 4.5, 4.5,972.0, , 5, 8, 1004, , 278, , , 167, 148, 130, 148, , 93, 74, 56, 56, , 46, , , , 37, , , , , 9, 10, 10, 9, 10,36.0, , , 3, 51.4, 1, 25.9, , 1, , , , , , , , , , , , , , , , , , , , ,ASCAT-A 1324UTC B at 1432UTC; eye redevelops on EIR,2019-01-27 18:00:00,36.0,129.6,A
Riley ,AU201819_12U,2019-01-28 00:00,T, 20, 1, 40,-18.1,110.5, 3, 37, 4.5, 4.5, 4.5, 4.5, 4.5,970.0, , 5, 8, 1004, , 278, , , 148, 148, 130, 130, , 74, 56, 56, 56, , 46, , , , 37, , , , , 8, , , 8, 10,36.0, , , 3, 51.4, 1, 27.8, , 1, , , , , , , , , , , , , , , , , , , , ,SSMIS at 2025UTC shows well defined eye,2019-01-28 00:00:00,36.0,129.6,A
Riley ,AU201819_12U,2019-01-28 06:00,T, 20, 1, 40,-18.2,109.6, 4, 37, 4, 4.5, 4, 4, 4.5,973.0, , 5, 8, 1004, , 333, , , 130, 130, 130, 111, , 74, 56, 56, 56, , 46, , , , 37, , , , , 9, , , 9, 10,33.4, , , 3, 46.3, 1, 22.2, , 1, , , , , , , , , , , , , , , , , , , , ,,2019-01-28 06:00:00,33.4,120.24,A
Riley ,AU201819_12U,2019-01-28 12:00,T, 20, 1, 30,-18.5,108.9, 11, 46, 3.5, 3, 3.5, 3.5, 4,978.0, , 5, 8, 1006, , 333, , , 130, 130, 130, 111, , 56, 56, 56, 56, , , , , , 37, , , , , 7, , , , 10,30.9, , , 3, 43.7, 1, , , , , , , , , , , , , , , , , , , , , , , ,Contraction of deep convection northwest of centre. OSCAT 1309UTC,2019-01-28 12:00:00,30.9,111.24,A
Riley ,AU201819_12U,2019-01-28 18:00,T, 20, 1, 30,-18.6,108.1, 11, 46, 3, 2.5, 2.5, 3, 3.5,984.0, , 5, 8, 1006, , 333, , , 111, 130, 130, 111, , 56, 56, 56, 56, , , , , , 46, , , , , 7, , , , 10,25.7, , , 3, 36, 1, , , , , , , , , , , , , , , , , , , , , , , ,ASCAT 1412UTC,2019-01-28 18:00:00,25.7,92.52,A
Riley ,AU201819_12U,2019-01-29 00:00,T, 20, 1, 30,-18.9,107.3, 3, 37, 3, 3, 3, 3, 3,988.0, , 5, 8, 1008, , 333, , , 111, 130, 130, 111, , , , , , , , , , , 46, , , , , 7, , , , 10,23.2, , , 3, 33.4, 1, , , , , , , , , , , , , , , , , , , , , , , ,,2019-01-29 00:00:00,23.2,83.52,A
Riley ,AU201819_12U,2019-01-29 06:00,T, 20, 1, 30,-19.25,106.3, 3, 37, 2.5, 3, 3, 2.5, 3,990.0, , 5, 8, 1006, , 333, , , 111, 130, 130, 111, , , , , , , , , , , 46, , , , , 7, , , , 10,23.2, , , 3, 33.4, 1, , , , , , , , , , , , , , , , , , , , , , , ,SCATSAT at 0130UTC indicates winds 40-45kn,2019-01-29 06:00:00,23.2,83.52,A
Riley ,AU201819_12U,2019-01-29 12:00,T, 20, 1, 30,-19.5,105.5, 3, 37, 2.5, 2.5, 2.5, 2.5, 3,993.0, , 5, 8, 1006, , 333, , , , 130, 130, 111, , , , , , , , , , , 56, , , , , 7, , , , 10,20.6, , 13, 3, 28.3, 1, , , , , , , , , , , , , , , , , , , , , , , ,,2019-01-29 12:00:00,20.6,74.16000000000001,A
Riley ,AU201819_12U,2019-01-29 18:00,T, 20, 1, 30,-19.7,104.3, 3, 46, 2.5, 2, 2, 2, 2.5,995.0, , 5, 8, 1008, , 278, , , , 130, 130, 111, , , , , , , , , , , 56, , , , , 7, , , , 10,18.0, , 20, 3, 25.7, 1, , , , , , , , , , , , , , , , , , , , , , , ,,2019-01-29 18:00:00,18.0,64.8,A
Riley ,AU201819_12U,2019-01-30 00:00,T, 20, 1, 21,-20.1,103.2, 3, 37, 2, 2, 2, 2, 2.5,995.0, , 5, 8, 1008, , 278, , , , 130, 130, , , , , , , , , , , , , , , , , , , , , 10,18.0, , , 3, 25.7, 1, , , , , , , , , , , , , , , , , , , , , , , ,SCATSAT 0021UTC; gales on southern side only assisted by ridge to south,2019-01-30 00:00:00,18.0,64.8,A
Riley ,AU201819_12U,2019-01-30 06:00,T, 20, 1, 21,-20.3,102.2, 3, 37, , , , 1.5, 2,995.0, , 5, 8, 1006, , 222, , , , 130, 130, , , , , , , , , , , , , , , , , , , , , 10,18.0, , , 3, 25.7, 1, , , , , , , , , , , , , , , , , , , , , , , ,ASCAT-B 0241UTC; gales on southern side only assisted by ridge to south,2019-01-30 06:00:00,18.0,64.8,A
Riley ,AU201819_12U,2019-01-30 12:00,T, 20, 1, 20,-20.2,101.4, 3, 37, , , , 1, 1.5,998.0, , 7, , 1008, , 222, , , , , , , , , , , , , , , , , , , , , , , , , , 10,15.4, , , 3, 25.7, 1, , , , , , , , , , , , , , , , , , , , , , , ,gales on southern side only assisted by ridge to south,2019-01-30 12:00:00,15.4,55.440000000000005,A
Riley ,AU201819_12U,2019-01-30 18:00,T, 20, 1, 20,-20.3,100.5, 3, 37, , , , 1, 1.5,1000.0, , 7, , 1008, , 222, , , , , , , , , , , , , , , , , , , , , , , , , , 10,15.4, , , 3, 25.7, 1, , , , , , , , , , , , , , , , , , , , , , , ,gales on southern side only assisted by ridge to south,2019-01-30 18:00:00,15.4,55.440000000000005,A
Riley ,AU201819_12U,2019-01-31 00:00,T, 20, 1, 20,-20.6,99.6, 3, 37, , , , , ,1002.0, , 7, , 1010, , 222, , , , , , , , , , , , , , , , , , , , , , , , , , 10,15.4, , , 3, 23.2, 1, , , , , , , , , , , , , , , , , , , , , , , ,,2019-01-31 00:00:00,15.4,55.440000000000005,A
Riley ,AU201819_12U,2019-01-31 06:00,T, 20, 1, 20,-20.4,98.7, 3, 28, , , , , ,1002.0, , 7, , 1010, , 222, , , , , , , , , , , , , , , , , , , , , , , , , , 10,12.9, , 11, 3, 23.2, 1, , , , , , , , , , , , , , , , , , , , , , , ,ASCAT-A 0253UTC,2019-01-31 06:00:00,12.9,46.440000000000005,A
Riley ,AU201819_12U,2019-01-31 12:00,T, 20, 1, 20,-20.1,98.1, 3, 37, , , , , ,1002.0, , 7, , 1010, , 222, , , , , , , , , , , , , , , , , , , , , , , , , , 10,12.9, , , 3, 23.2, 1, , , , , , , , , , , , , , , , , , , , , , , ,,2019-01-31 12:00:00,12.9,46.440000000000005,A
Riley ,AU201819_12U,2019-01-31 18:00,T, 20, 1, 20,-19.8,97.5, , 37, , , , , ,1002.0, , 7, , 1010, , 222, , , , , , , , , , , , , , , , , , , , , , , , , , 10,12.9, , 11, 3, 23.2, 1, , , , , , , , , , , , , , , , , , , , , , , ,ASCAT-A 1521UTC,2019-01-31 18:00:00,12.9,46.440000000000005,A
Riley ,AU201819_12U,2019-02-01 00:00,T, 20, 1, 20,-19.3,97.1, , 28, , , , , ,1002.0, , 7, , 1010, , 222, , , , , , , , , , , , , , , , , , , , , , , , , , 10,12.9, , , 3, 23.2, 1, , , , , , , , , , , , , , , , , , , , , , , ,,2019-02-01 00:00:00,12.9,46.440000000000005,A
Riley ,AU201819_12U,2019-02-01 06:00,T, 20, 1, 20,-19.4,96.7, , 28, , , , , ,1002.0, , 7, , 1010, , 222, , , , , , , , , , , , , , , , , , , , , , , , , , 10,12.9, , 11, 3, 23.2, 1, , , , , , , , , , , , , , , , , , , , , , , ,SCATSAT 0234UTC,2019-02-01 06:00:00,12.9,46.440000000000005,A
Riley ,AU201819_12U,2019-02-01 12:00,T, 20, 1, 20,-19.2,96.2, , 37, , , , , ,1002.0, , 7, , 1010, , 222, , , , , , , , , , , , , , , , , , , , , , , , , , 10,10.3, , 11, 3, 23.2, 1, , , , , , , , , , , , , , , , , , , , , , , ,SCATSAT 1448UTC,2019-02-01 12:00:00,10.3,37.080000000000005,A
Riley ,AU201819_12U,2019-02-01 18:00,T, 20, 1, 20,-19.1,95.7, , 37, , , , , ,1002.0, , 7, , 1010, , 222, , , , , , , , , , , , , , , , , , , , , , , , , , 10,10.3, , 11, 3, 23.2, 1, , , , , , , , , , , , , , , , , , , , , , , ,,2019-02-01 18:00:00,10.3,37.080000000000005,A
Riley ,AU201819_12U,2019-02-02 00:00,T, 20, 1, 20,-19.0,95.1, , 37, , , , , ,1002.0, , 7, , 1010, , 222, , , , , , , , , , , , , , , , , , , , , , , , , , 10,10.3, , 11, 3, 23.2, 1, , , , , , , , , , , , , , , , , , , , , , , ,,2019-02-02 00:00:00,10.3,37.080000000000005,A
Riley ,AU201819_12U,2019-02-02 06:00,T, 20, 1, 20,-19.0,94.3, , 28, , , , , ,1002.0, , 7, , 1010, , 222, , , , , , , , , , , , , , , , , , , , , , , , , , 10,10.3, , , 3, 23.2, 1, , , , , , , , , , , , , , , , , , , , , , , ,,2019-02-02 06:00:00,10.3,37.080000000000005,A
Riley ,AU201819_12U,2019-02-02 12:00,T, 20, 1, 20,-19.2,93.5, , 37, , , , , ,1004.0, , 7, , 1010, , 222, , , , , , , , , , , , , , , , , , , , , , , , , , 10,10.3, , , 3, 23.2, 1, , , , , , , , , , , , , , , , , , , , , , , ,,2019-02-02 12:00:00,10.3,37.080000000000005,A
Veronica ,AU201819_19U,2019-03-18 00:00,T, 2, 1, 20,-13.0,122.7, 10, 111, 1, , , 1, 1,1006.0, , , 8, 1010, , 222, , , , , , , , , , , , , , , , , , , , , , , , , , ,10.3, , 20, , 23.2, 1, , , , , , , , , , , , , , , , , , , , , , , ,,2019-03-18 00:00:00,10.3,37.080000000000005,A
Veronica ,AU201819_19U,2019-03-18 06:00,T, 2, 1, 20,-13.24,122.7, 3, 111, 1, , , 1, 1,1005.0, , , 8, 1008, , 278, , , , , , , , , , , , , , , , , , , , , , , , , , ,10.3, , 20, , 23.2, 1, , , , , , , , , , , , , , , , , , , , , , , ,,2019-03-18 06:00:00,10.3,37.080000000000005,A
Veronica ,AU201819_19U,2019-03-18 12:00,T, 2, 1, 20,-13.4,122.4, 10, 111, 1, , , 1, 1,1003.0, , , 8, 1008, , 278, , , , , , , , , , , , , , , , , , , , , , , , , , ,12.9, , 20, , 23.2, 1, , , , , , , , , , , , , , , , , , , , , , , ,There are two ASCAT passes at around 10z which show a trough line rather than a circulation,2019-03-18 12:00:00,12.9,46.440000000000005,A
Veronica ,AU201819_19U,2019-03-18 18:00,T, 2, 1, 20,-13.8,121.7, 3, 111, 1, , , 1, 1,1002.0, , , 8, 1008, , 278, , , , , , , , , , , , , , , , , , , , , , , , , , ,12.9, , 20, , 23.2, 1, , , , , , , , , , , , , , , , , , , , , , , ,,2019-03-18 18:00:00,12.9,46.440000000000005,A
Veronica ,AU201819_19U,2019-03-19 00:00,T, 2, 1, 20,-14.0,120.8, 10, 111, 1.5, 2, 1.5, 1.5, 1.5,1001.0, , , 8, 1008, , 222, , , , , , , , , , , , , , , , , , , , , , , , , , ,15.4, , 20, , 23.2, 1, , , , , , , , , , , , , , , , , , , , , , , ,,2019-03-19 00:00:00,15.4,55.440000000000005,A
Veronica ,AU201819_19U,2019-03-19 06:00,T, 2, 1, 20,-14.1,120.4, 11, 56, 2, 1.5, 1.5, 2, 2,1000.0, , , 8, 1006, , 185, , , , , , , , , , , , , , , , , , , , , , , , , , ,15.4, , 20, , 23.2, 1, , , , , , , , , , , , , , , , , , , , , , , ,,2019-03-19 06:00:00,15.4,55.440000000000005,A
Veronica ,AU201819_19U,2019-03-19 12:00,T, 2, 1, 21,-14.2,120.3, 10, 83, 2.5, 2, 2, 2.5, 2.5,997.0, , , 8, 1008, , 259, , , 46, 148, , , , , , , , , , , , , 37, , , , , 10, 10, , , ,18.0, , 20, , 25.7, 1, , , , , , , , , , , , , , , , , , , , , , , ,,2019-03-19 12:00:00,18.0,64.8,A
Veronica ,AU201819_19U,2019-03-19 18:00,T, 2, 1, 30,-15.1,120.0, 11, 83, 3, 3, 3, 3, 3,991.0, , , 8, 1006, , 278, , , 148, 167, 148, 93, , , , , , , , , , , 37, , , , , 7, 7, , , ,23.2, , 20, , 33.4, 1, , , , , , , , , , , , , , , , , , , , , , , ,,2019-03-19 18:00:00,23.2,83.52,A
Veronica ,AU201819_19U,2019-03-20 00:00,T, 2, 1, 30,-15.2,119.1, 3, 37, 3.5, 3.5, 3.5, 3.5, 3.5,990.0, , , 8, 1008, , 333, , , 148, 167, 148, 93, 56, , , , , , , , , , 37, , , , , 7, 7, , , ,25.7, , 20, , 36, 1, , , , , , , , , , , , , , , , , , , , , , , ,,2019-03-20 00:00:00,25.7,92.52,A
Veronica ,AU201819_19U,2019-03-20 06:00,T, 2, 1, 40,-15.5,118.3, 11, 37, 3.5, 3.5, 3.5, 3.5, 3.5,979.0, , , 8, 1008, , 333, , , 130, 167, 167, 111, 74, , , , , 37, , , , , 37, , , , , 7, 7, , , ,33.4, , 20, , 46.3, 1, , , , , , , , , , , , , , , , , , , , , , , ,,2019-03-20 06:00:00,33.4,120.24,A
Veronica ,AU201819_19U,2019-03-20 12:00,T, 2, 1, 40,-15.8,118.0, 3, 37, 4.5, 4, 4.5, 4.5, 4.5,968.0, , , 8, 1006, , 278, , , 111, 167, 167, 111, , 74, 74, 56, 56, 37, , , , , 28, , , , , 10, 10, , , ,38.6, , 20, , 54, 1, , , , , , , , , , , , , , , , , , , , , , , ,,2019-03-20 12:00:00,38.6,138.96,A
Veronica ,AU201819_19U,2019-03-20 18:00,T, 2, 1, 40,-15.9,117.6, 4, 19, 6, 4.5, 5, 5.5, 5.5,954.0, , , 8, 1006, , 259, , , 148, 167, 148, 111, , 74, 65, 56, 56, 37, , , , , 19, , , , , 8, 8, , , ,46.3, , 20, , 64.3, 1, 9.3, , 1, , , , , , , , , , , , , , , , , , , , ,,2019-03-20 18:00:00,46.3,166.68,A
Veronica ,AU201819_19U,2019-03-21 00:00,T, 2, 1, 40,-16.4,117.7, 4, 19, 6.5, 5, 5.5, 6, 6,928.0, , , 8, 1006, , 333, , , 148, 167, 130, 111, , 74, 56, 37, 37, 37, , , , , 19, , , , , 4, 10, , , ,59.2, , 20, , 82.3, 1, 9.3, , 1, , , , , , , , , , , , , , , , , , , , ,,2019-03-21 00:00:00,59.2,213.12,A
Veronica ,AU201819_19U,2019-03-21 06:00,T, 2, 1, 40,-16.9,117.5, 4, 19, 6, 5, 5.5, 6, 6,928.0, , , 8, 1006, , 333, , , 148, 185, 111, 111, 56, , , , , 37, , , , , 19, , , , , 8, 8, , , ,59.2, , 20, , 82.3, 1, 9.3, , 1, , , , , , , , , , , , , , , , , , , , ,,2019-03-21 06:00:00,59.2,213.12,A
Veronica ,AU201819_19U,2019-03-21 12:00,T, 2, 1, 40,-17.3,117.3, 11, 19, 5, 4.5, 5, 5, 6,938.0, , , 8, 1006, , 333, , , 167, 222, 93, 111, 56, , , , , 37, , , , , 19, , , , , 7, 10, , , ,54.0, , 20, , 74.6, 1, , , , , , , , , , , , , , , , , , , , , , , ,,2019-03-21 12:00:00,54.0,194.4,A
Veronica ,AU201819_19U,2019-03-21 18:00,T, 2, 1, 40,-17.45,117.0, 11, 19, 5, 5, 5, 5, 6,943.0, , , 8, 1006, , 352, , , 204, 222, 148, 148, 74, , , , , 56, , , , , 28, , , , , 8, 8, , , ,51.4, , 20, , 72, 1, 18.5, , 20, , , , , , , , , , , , , , , , , , , , ,,2019-03-21 18:00:00,51.4,185.04,A
Veronica ,AU201819_19U,2019-03-22 00:00,T, 2, 1, 40,-17.6,116.9, 3, 19, 5.5, 5.5, 5.5, 5.5, 5.5,945.0, , , 8, 1006, , 352, , , 241, 241, 167, 185, 93, , , , , 56, , , , , 28, , , , , 7, 10, , , ,48.9, , 20, , 69.5, 1, , , , , , , , , , , , , , , , , , , , , , , ,,2019-03-22 00:00:00,48.9,176.04,A
Veronica ,AU201819_19U,2019-03-22 06:00,T, 2, 1, 40,-17.7,116.9, 11, 19, 5.5, 5.5, 5, 5.5, 5.5,945.0, , , 8, 1004, , 278, , , 222, 222, 167, 185, 93, , , , , 56, , , , , 28, , , , , 8, 8, , , ,48.9, , 20, , 69.5, 1, 18.5, , 1, , , , , , , , , , , , , , , , , , , , ,,2019-03-22 06:00:00,48.9,176.04,A
Veronica ,AU201819_19U,2019-03-22 12:00,T, 2, 1, 40,-17.9,116.9, 4, 19, 4.5, 4.5, 4.5, 4.5, 5.5,945.0, , , 8, 1004, , 278, , , 185, 185, 167, 167, 93, , , , , 56, , , , , 28, , , , , 9, 10, , , ,48.9, , 20, , 69.5, 1, 18.5, , 1, , , , , , , , , , , , , , , , , , , , ,,2019-03-22 12:00:00,48.9,176.04,A
Veronica ,AU201819_19U,2019-03-22 18:00,T, 2, 1, 40,-18.2,117.0, 3, 28, 4.5, 4, 4, 4.5, 5,945.0, , , 8, 1004, , 278, , , 204, 204, 167, 167, 111, , , , , 74, , , , , 37, , , , , 7, 8, , , ,48.9, , 20, , 69.5, 1, , , , , , , , , , , , , , , , , , , , , , , ,,2019-03-22 18:00:00,48.9,176.04,A
Veronica ,AU201819_19U,2019-03-23 00:00,T, 2, 1, 40,-18.6,117.03, 4, 28, 4, 4.5, 4.5, 4, 5,951.0, , , 8, 1006, , 444, , , 241, 222, 167, 167, 130, , , , , 74, , , , , 46, , , , , 8, 10, , , ,46.3, , 20, , 64.3, 1, 46.3, , 1, , , , , , , , , , , , , , , , , , , , ,,2019-03-23 00:00:00,46.3,166.68,A
Veronica ,AU201819_19U,2019-03-23 06:00,T, 2, 1, 40,-19.0,117.1, 11, 28, 4.5, 4.5, 4.5, 4.5, 5,951.0, , , 8, 1006, , 444, , , 222, 204, 167, 167, 130, , , , , 74, , , , , 56, , , , , 4, 8, , , ,46.3, , 20, , 64.3, 1, 46.3, , 3, , , , , , , , , , , , , , , , , , , , ,,2019-03-23 06:00:00,46.3,166.68,A
Veronica ,AU201819_19U,2019-03-23 12:00,T, 2, 1, 40,-19.3,117.3, 6, 28, 5, 4.5, 4.5, 5, 5,950.0, , , 8, 1006, , 444, , , 204, 176, 157, 167, , 130, 102, 93, 130, 74, , , , , 46, , , , , 5, 8, , , ,46.3, , 20, , 64.3, 1, 46.3, , 3, , , , , , , , , , , , , , , , , , , , ,,2019-03-23 12:00:00,46.3,166.68,A
Veronica ,AU201819_19U,2019-03-23 18:00,T, 2, 1, 40,-19.7,117.5, 6, 37, 5, 5, 5, 5, 5,944.0, , , 8, 1004, , 444, , , 204, 148, 167, 167, , 120, 93, 93, 120, 65, , , , , 46, , , , , 5, 9, , , ,48.9, , 20, , 69.5, 1, 46.3, , 3, , , , , , , , , , , , , , , , , , , , ,,2019-03-23 18:00:00,48.9,176.04,A
Veronica ,AU201819_19U,2019-03-24 00:00,T, 2, 1, 40,-20.0,117.6, 6, 19, 5, 5.5, 5, 5, 5,941.0, , , 8, 1002, , 370, , , 185, 148, 148, 148, , 111, 83, 93, 74, , 65, 46, 46, 65, 46, , , , , 5, 10, , , ,48.9, , 20, , 69.5, 1, 46.3, , 3, , , , , , , , , , , , , , , , , , , , ,,2019-03-24 00:00:00,48.9,176.04,A
Veronica ,AU201819_19U,2019-03-24 06:00,T, 2, 1, 40,-20.1,117.6, 6, 28, 4, 4.5, 4.5, 4.5, 5,942.0, , , 8, 1004, , 370, , , 204, 130, 148, 148, , 111, 74, 102, 111, , 74, 74, 83, 74, 46, , , , , 5, 2, , , ,48.9, , 20, , 69.5, 1, , , , , , , , , , , , , , , , , , , , , , , ,,2019-03-24 06:00:00,48.9,176.04,A
Veronica ,AU201819_19U,2019-03-24 12:00,T, 2, 1, 40,-20.3,117.7, 6, 37, 4.5, 4, 4, 4.5, 5,947.0, , , 8, 1004, , 444, , , 148, 111, 120, 111, , 93, 74, 102, 93, , 56, 56, 65, 56, 28, , , , , 3, 10, , , ,46.3, , 20, , 64.3, 1, , , , , , , , , , , , , , , , , , , , , , , ,A 1338 UTC SAR pass indicated 90-100kn winds in western quadrants while Dvorak estimates were at 80-85kn. Despite the weaker satellite appearance surface winds may have been enhanced by land-sea interaction in the offshore flow.,2019-03-24 12:00:00,46.3,166.68,A
Veronica ,AU201819_19U,2019-03-24 18:00,T, 2, 1, 40,-20.3,117.7, 6, 37, 3.5, 3.5, 3, 3.5, 4,954.0, , , 8, 1004, , 259, , , 130, 111, 83, 83, , 56, 65, 56, 56, , 37, 46, 37, 37, 28, , , , , 7, 2, , , ,41.2, , 20, , 56.6, 1, , , , , , , , , , , , , , , , , , , , , , , ,,2019-03-24 18:00:00,41.2,148.32000000000002,A
Veronica ,AU201819_19U,2019-03-25 00:00,T, 2, 1, 30,-20.4,117.5, 7, 28, 2.5, 3.5, 3, 3, 3.5,975.0, , , 8, 1006, , 222, , , 111, 111, 56, 65, , , 37, 37, , , , , , , 28, , , , , 7, 2, , , ,30.9, , 20, , 43.7, 1, , , , , , , , , , , , , , , , , , , , , , , ,,2019-03-25 00:00:00,30.9,111.24,A
Veronica ,AU201819_19U,2019-03-25 06:00,T, 2, 1, 30,-20.4,117.1, 7, 28, 2, 3, 2.5, 2.5, 3,985.0, , , 8, 1004, , 130, , , 74, 56, 46, 65, , , , , , , , , , , 28, , , , , 7, 2, , , ,23.2, , 20, , 33.4, 1, , , , , , , , , , , , , , , , , , , , , , , ,,2019-03-25 06:00:00,23.2,83.52,A
Veronica ,AU201819_19U,2019-03-25 12:00,T, 2, 1, 30,-20.4,116.9, 7, 28, 2.5, 3, 3, 2.5, 3,988.0, , , 8, 1004, , 93, , , 56, 46, 46, 65, , , , , , , , , , , 28, , , , , 7, 2, , , ,20.6, , 20, , 28.3, 1, , , , , , , , , , , , , , , , , , , , , , , ,,2019-03-25 12:00:00,20.6,74.16000000000001,A
Veronica ,AU201819_19U,2019-03-25 18:00,T, 2, 1, 30,-20.4,116.4, 7, 28, 2.5, 2.5, 2.5, 2.5, 3,993.0, , , 8, 1004, , 93, , , 37, 37, 37, , , , , , , , , , , , 28, , , , , 7, 2, , , ,18.0, , 20, , 25.7, 1, , , , , , , , , , , , , , , , , , , , , , , ,,2019-03-25 18:00:00,18.0,64.8,A
Veronica ,AU201819_19U,2019-03-26 00:00,T, 2, 1, 20,-20.9,115.7, 3, 19, 2, 2, 2, 2, 2.5,1000.0, , , 8, 1008, , 74, , , , , , , , , , , , , , , , , , , , , , , , , , ,15.4, , 20, , 23.2, 1, , , , , , , , , , , , , , , , , , , , , , , ,,2019-03-26 00:00:00,15.4,55.440000000000005,A
Veronica ,AU201819_19U,2019-03-26 06:00,T, 2, 1, 20,-21.5,114.9, 3, 19, , , , , ,1000.0, , , 8, 1008, , 74, , , , , , , , , , , , , , , , , , , , , , , , , , ,15.4, , 20, , 23.2, 1, , , , , , , , , , , , , , , , , , , , , , , ,,2019-03-26 06:00:00,15.4,55.440000000000005,A
Veronica ,AU201819_19U,2019-03-26 12:00,T, 2, 1, 20,-21.8,114.4, 6, 28, , , , , ,1000.0, , , 8, 1008, , 74, , , , , , , , , , , , , , , , , , , , , , , , , , ,15.4, , 20, , 23.2, 1, , , , , , , , , , , , , , , , , , , , , , , ,,2019-03-26 12:00:00,15.4,55.440000000000005,A
Veronica ,AU201819_19U,2019-03-26 18:00,T, 2, 1, 20,-21.9,113.6, 6, 28, , , , , ,1000.0, , , 8, 1008, , 74, , , , , , , , , , , , , , , , , , , , , , , , , , ,15.4, , 20, , 23.2, 1, , , , , , , , , , , , , , , , , , , , , , , ,,2019-03-26 18:00:00,15.4,55.440000000000005,A
Veronica ,AU201819_19U,2019-03-27 00:00,T, 2, 1, 20,-22.3,112.8, 6, 19, , , , , ,1002.0, , , 8, 1010, , 83, , , , , , , , , , , , , , , , , , , , , , , , , , ,15.4, , 20, , 23.2, 1, , , , , , , , , , , , , , , , , , , , , , , ,,2019-03-27 00:00:00,15.4,55.440000000000005,A
Veronica ,AU201819_19U,2019-03-27 06:00,T, 2, 1, 20,-22.9,112.3, 11, 28, , , , , ,1002.0, , , 8, , , , , , , , , , , , , , , , , , , , , , , , , , , , , ,15.4, , 20, , 23.2, 1, , , , , , , , , , , , , , , , , , , , , , , ,,2019-03-27 06:00:00,15.4,55.440000000000005,A
Veronica ,AU201819_19U,2019-03-27 12:00,T, 2, 1, 20,-22.9,112.0, 11, 37, , , , , ,1002.0, , , 8, , , , , , , , , , , , , , , , , , , , , , , , , , , , , ,15.4, , 20, , 23.2, 1, , , , , , , , , , , , , , , , , , , , , , , ,,2019-03-27 12:00:00,15.4,55.440000000000005,A
Veronica ,AU201819_19U,2019-03-27 18:00,T, 2, 1, 20,-22.6,111.2, 3, 37, , , , , ,1002.0, , , 8, , , , , , , , , , , , , , , , , , , , , , , , , , , , , ,15.4, , 20, , 23.2, 1, , , , , , , , , , , , , , , , , , , , , , , ,,2019-03-27 18:00:00,15.4,55.440000000000005,A
Veronica ,AU201819_19U,2019-03-28 00:00,T, 2, 1, 20,-22.2,110.2, 11, 37, , , , , ,1003.0, , , 8, , , , , , , , , , , , , , , , , , , , , , , , , , , , , ,15.4, , 20, , 23.2, 1, , , , , , , , , , , , , , , , , , , , , , , ,,2019-03-28 00:00:00,15.4,55.440000000000005,A
Blake ,AU201920_02U,2020-01-04 12:00,T, 20, 1, 20,-12.9,121.3, 10, 83, 1, , , 1, 1,1002.0, , 5, 8, 1006, , 185, , , , , , , , , , , , , , , , , , , , , , , , , , ,10.3, , 11, , 23.2, 1, , , , , , , , , , , , , , , , , , , , , , , ,,2020-01-04 12:00:00,10.3,37.080000000000005,A
Blake ,AU201920_02U,2020-01-04 18:00,T, 20, 1, 20,-12.9,121.4, 11, 46, 1.5, , , 1.5, 1.5,998.0, , 5, 8, 1004, , 167, , , , , , , , , , , , , , , , , , , , , , , , , , ,12.9, , 13, , 23.2, 1, , , , , , , , , , , , , , , , , , , , , , , ,,2020-01-04 18:00:00,12.9,46.440000000000005,A
Blake ,AU201920_02U,2020-01-05 00:00,T, 20, 1, 20,-13.3,121.5, 11, 46, 1.5, , , 1.5, 1.5,999.0, , 5, 8, 1004, , 130, , , , , , , , , , , , , , , , , , , , , , , , , , ,12.9, , 13, , 23.2, 1, , , , , , , , , , , , , , , , , , , , , , , ,,2020-01-05 00:00:00,12.9,46.440000000000005,A
Blake ,AU201920_02U,2020-01-05 06:00,T, 20, 1, 20,-14.3,121.4, 3, 65, 1.5, , , 1.5, 1.5,998.0, , 5, 8, 1002, , 167, , , , , , , , , , , , , , , , , , , , , , , , , , ,12.9, , 13, , 23.2, 1, , , , , , , , , , , , , , , , , , , , , , , ,,2020-01-05 06:00:00,12.9,46.440000000000005,A
Blake ,AU201920_02U,2020-01-05 12:00,T, 20, 1, 21,-15.3,121.3, 10, 46, 2.5, 2.5, 3, 2, 2,992.0, , 5, 8, 1004, , 241, , , , 148, 185, , , , , , , , , , , , , , , , , , 10, , , ,20.6, , 11, , 28.3, 1, , , , , , , , , , , , , , , , , , , , , , , ,,2020-01-05 12:00:00,20.6,74.16000000000001,A
Blake ,AU201920_02U,2020-01-05 18:00,T, 20, 1, 21,-15.5,121.9, 11, 28, 3, 3, 3, 2.5, 2.5,989.0, , 5, 8, 1002, , 241, , , , 130, 185, , , , , , , , , , , , , , , , , , 20, , , ,20.6, , 11, , 28.3, 1, , , , , , , , , , , , , , , , , , , , , , , ,,2020-01-05 18:00:00,20.6,74.16000000000001,A
Blake ,AU201920_02U,2020-01-06 00:00,T, 20, 1, 30,-16.0,122.2, 11, 37, 3, 2.5, 3, 3, 3,988.0, , 5, 8, 1004, , 278, , , 130, 93, 148, 93, , , , , , , , , , , 43, , , , , 20, 2, , , ,23.2, , 11, , 33.4, 1, , , , , , , , , , , , , , , , , , , , , , , ,,2020-01-06 00:00:00,23.2,83.52,A
Blake ,AU201920_02U,2020-01-06 06:00,T, 20, 3, 30,-17.0,122.3, 7, 28, 3, 2.5, 2.5, 3, 3,986.0, , 5, 8, 998, , 148, , , 74, 74, 111, 93, , , , , , , , , , , 46, , , , , 20, 2, , , ,20.6, , 13, , 28.3, 1, , , , , , , , , , , , , , , , , , , , , , , ,,2020-01-06 06:00:00,20.6,74.16000000000001,A
Blake ,AU201920_02U,2020-01-06 12:00,T, 20, 2, 21,-17.5,122.2, 7, 37, , , , , ,987.0, , 5, 8, 1000, , 157, , , , , 111, 93, , , , , , , , , , , , , , , , , 2, , , ,20.6, , 11, , 28.3, 1, , , , , , , , , , , , , , , , , , , , , , , ,,2020-01-06 12:00:00,20.6,74.16000000000001,A
Blake ,AU201920_02U,2020-01-06 18:00,T, 20, 4, 21,-17.7,121.9, 11, 28, 2.5, 1.5, 2, 2.5, 3,990.0, , 5, 8, 1000, , 222, , , , , 111, , , , , , , , , , , , , , , , , , 10, , , ,18.0, , 13, , 25.7, 1, , , , , , , , , , , , , , , , , , , , , , , ,,2020-01-06 18:00:00,18.0,64.8,A
Blake ,AU201920_02U,2020-01-07 00:00,T, 20, 1, 21,-18.1,121.7, 3, 28, 2, 2, 2, 2, 2.5,990.0, , 5, 8, 1000, , 167, , , , , 111, , , , , , , , , , , , , , , , , , 10, , , ,18.0, , 11, , 25.7, 1, , , , , , , , , , , , , , , , , , , , , , , ,,2020-01-07 00:00:00,18.0,64.8,A
Blake ,AU201920_02U,2020-01-07 06:00,T, 20, 1, 21,-18.6,121.1, 3, 37, 2, 2, 2, 2, 2.5,991.0, , 5, 8, 1000, , 204, , , , , 111, , , , , , , , , , , , , , , , , , 10, , , ,18.0, , 11, , 25.7, 1, , , , , , , , , , , , , , , , , , , , , , , ,,2020-01-07 06:00:00,18.0,64.8,A
Blake ,AU201920_02U,2020-01-07 12:00,T, 20, 1, 20,-19.1,120.8, 11, 46, 2, 3, 2.5, 2.5, 2.5,989.0, , 3, 8, 1000, , 167, , , , , , , , , , , , , , , , , , , , , , , , , , ,15.4, , 11, , 23.2, 1, , , , , , , , , , , , , , , , , , , , , , , ,,2020-01-07 12:00:00,15.4,55.440000000000005,A
Blake ,AU201920_02U,2020-01-07 15:00,T, 20, 3, 20,-19.7,120.8, 11, 46, , , , , ,989.0, , 3, 8, 1002, , 278, , , , , , , , , , , , , , , , , , , , , , , , , , ,15.4, , 11, , 23.2, 1, , , , , , , , , , , , , , , , , , , , , , , ,,2020-01-07 15:00:00,15.4,55.440000000000005,A
Blake ,AU201920_02U,2020-01-07 18:00,T, 20, 2, 20,-20.2,120.5, 11, 56, , , , , ,990.0, , 3, 8, 1000, , 222, , , , , , , , , , , , , , , , , , , , , , , , , , ,15.4, , 6, , 23.2, 1, , , , , , , , , , , , , , , , , , , , , , , ,,2020-01-07 18:00:00,15.4,55.440000000000005,A
Blake ,AU201920_02U,2020-01-08 00:00,T, 20, 2, 20,-20.4,119.7, 3, 37, , , , , ,993.0, , 3, 8, 1000, , 204, , , , , , , , , , , , , , , , , , , , , , , , , , ,15.4, , 6, , 23.2, 1, , , , , , , , , , , , , , , , , , , , , , , ,,2020-01-08 00:00:00,15.4,55.440000000000005,A
Blake ,AU201920_02U,2020-01-08 06:00,T, 20, 2, 20,-20.6,119.5, 2, 46, , , , , ,990.0, , 3, 8, 998, , 157, , , , , , , , , , , , , , , , , , , , , , , , , , ,15.4, , 6, , 23.2, 1, , , , , , , , , , , , , , , , , , , , , , , ,,2020-01-08 06:00:00,15.4,55.440000000000005,A
Blake ,AU201920_02U,2020-01-08 12:00,T, 20, 2, 20,-21.2,119.6, 2, 65, , , , , ,989.0, , 3, 8, 1000, , 130, , , , , , , , , , , , , , , , , , , , , , , , , , ,12.9, , 6, , 23.2, 1, , , , , , , , , , , , , , , , , , , , , , , ,,2020-01-08 12:00:00,12.9,46.440000000000005,A
Damien ,AU201920_05U,2020-02-03 00:00,T, 2, 2, 10,-16.7,129.3, 7, 111, , , , , ,1005.0, 2, 9, 8, , , , , , , , , , , , , , , , , , , , , , , , , , , , , ,7.7, 5.1, 20, , 18, 20, , , , , , , , , , , , , , , , , , , , , , , ,Position off Wyndham radar.,2020-02-03 00:00:00,7.7,27.720000000000002,A
Damien ,AU201920_05U,2020-02-03 06:00,T, 2, 2, 10,-16.6,129.0, 7, 74, , , , , ,1002.0, 2, 9, 8, , , , , , , , , , , , , , , , , , , , , , , , , , , , , ,7.7, 5.1, 20, , 18, 20, , , , , , , , , , , , , , , , , , , , , , , ,Position off Wyndham radar.,2020-02-03 06:00:00,7.7,27.720000000000002,A
Damien ,AU201920_05U,2020-02-03 12:00,T, 2, 2, 10,-16.5,128.7, 7, 74, , , , , ,1004.0, 3, 9, 8, , , , , , , , , , , , , , , , , , , , , , , , , , , , , ,7.7, 5.1, 20, , 18, 20, , , , , , , , , , , , , , , , , , , , , , , ,Position off Wyndham radar.,2020-02-03 12:00:00,7.7,27.720000000000002,A
Damien ,AU201920_05U,2020-02-03 18:00,T, 2, 2, 10,-16.2,127.8, 7, 74, , , , , ,1002.0, 2, 9, 8, , , , , , , , , , , , , , , , , , , , , , , , , , , , , ,7.7, 5.1, 20, , 18, 20, , , , , , , , , , , , , , , , , , , , , , , ,Position off Wyndham radar.,2020-02-03 18:00:00,7.7,27.720000000000002,A
Damien ,AU201920_05U,2020-02-04 00:00,T, 2, 2, 10,-16.0,127.1, 7, 74, , , , , ,1004.0, 2, 9, 8, , , , , , , , , , , , , , , , , , , , , , , , , , , , , ,7.7, 5.1, 20, , 18, 20, , , , , , , , , , , , , , , , , , , , , , , ,Position off Wyndham radar.,2020-02-04 00:00:00,7.7,27.720000000000002,A
Damien ,AU201920_05U,2020-02-04 06:00,T, 2, 2, 10,-16.1,126.4, 7, 74, , , , , ,1000.0, 4, 9, 8, , , , , , , , , , , , , , , , , , , , , , , , , , , , , ,7.7, 5.1, 20, , 18, 20, , , , , , , , , , , , , , , , , , , , , , , ,Position off Wyndham radar.,2020-02-04 06:00:00,7.7,27.720000000000002,A
Damien ,AU201920_05U,2020-02-04 12:00,T, 2, 2, 10,-16.2,125.7, 7, 74, , , , , ,1001.0, 4, 9, 8, , , , , , , , , , , , , , , , , , , , , , , , , , , , , ,7.7, 5.1, 20, , 18, 20, , , , , , , , , , , , , , , , , , , , , , , ,Position off Wyndham radar.,2020-02-04 12:00:00,7.7,27.720000000000002,A
Damien ,AU201920_05U,2020-02-04 18:00,T, 2, 2, 10,-16.4,124.8, 3, 111, , , , , ,1000.0, 4, 9, 8, , , , , , , , , , , , , , , , , , , , , , , , , , , , , ,10.3, 5.1, 20, , 23.2, 20, , , , , , , , , , , , , , , , , , , , , , , ,Low level centre not well defined and hard to locate.,2020-02-04 18:00:00,10.3,37.080000000000005,A
Damien ,AU201920_05U,2020-02-05 00:00,T, 2, 2, 10,-16.5,124.0, 3, 74, , , , , ,1000.0, 4, 9, 8, 1006, , 185, , , , , , , , , , , , , , , , , , , , , , , , , , ,10.3, 5.1, 20, , 23.2, 20, , , , , , , , , , , , , , , , , , , , , , , ,Low level centre not well defined and hard to locate.,2020-02-05 00:00:00,10.3,37.080000000000005,A
Damien ,AU201920_05U,2020-02-05 06:00,T, 2, 4, 10,-16.6,122.9, 3, 37, , , , , ,999.0, 2, 7, 8, 1006, , 167, , , , , , , , , , , , , , , , , , , , , , , , , , ,10.3, 5.1, 20, , 23.2, 20, , , , , , , , , , , , , , , , , , , , , , , ,Passed to the south of Lombadina; based on pressure obs. Low level centre not well defined.,2020-02-05 06:00:00,10.3,37.080000000000005,A
Damien ,AU201920_05U,2020-02-05 12:00,T, 2, 1, 10,-16.8,122.0, 7, 56, 2.5, , , 2, 2,998.0, 3, 5, 8, 1004, , 130, , , , , , , , , , , , , , , , , , , , , , , , , , ,12.9, 5.1, 13, , 23.2, 20, , , , , , , , , , , , , , , , , , , , , , , ,Visible on Broome radar. May be multiple low level centres. Consistent with 1356 UTC MetOp-B pass.,2020-02-05 12:00:00,12.9,46.440000000000005,A
Damien ,AU201920_05U,2020-02-05 18:00,T, 2, 1, 10,-16.7,121.6, 7, 56, 2.5, , , 2.5, 2.5,996.0, 3, 5, 8, 1004, , 167, , , , , , , , , , , , , , , , , , , , , , , , , , ,15.4, 5.1, 13, , 23.2, 20, , , , , , , , , , , , , , , , , , , , , , , ,Visible on Broome radar. May be multiple low level centres.,2020-02-05 18:00:00,15.4,55.440000000000005,A
Damien ,AU201920_05U,2020-02-06 00:00,T, 2, 1, 10,-16.8,120.2, 7, 56, 3, , , 2.5, 2.5,995.0, 5, 5, 8, 1004, , 148, , , , , , , , , , , , , , , , , , , , , , , , , , ,15.4, 5.1, 13, , 23.2, 1, , , , , , , , , , , , , , , , , , , , , , , ,Just visible on the Broome radar. Centre consistent with scatterometer passes; including 0038 UTC ScatSat.,2020-02-06 00:00:00,15.4,55.440000000000005,A
Damien ,AU201920_05U,2020-02-06 06:00,T, 2, 1, 30,-17.3,119.7, 3, 56, 3, , , 3, 3,992.0, 5, 5, 8, 1004, , 167, , , 74, 93, 74, , , , , , , , , , , , 46, , , , , 20, 20, , , ,18.0, 5.1, 13, , 25.7, 1, , , , , , , , , , , , , , , , , , , , , , , ,Position based on working backwards from a convective blowup at 0700 UTC.,2020-02-06 06:00:00,18.0,64.8,A
Damien ,AU201920_05U,2020-02-06 09:00,T, 2, 1, 30,-17.6,119.2, 3, 37, 3, , , 3, 3,990.0, 2, 7, 8, 1002, , 130, , , 74, 93, 74, , , , , , , , , , , , 46, , , , , 20, 10, , , ,20.6, 5.1, 13, , 28.3, 1, , , , , , , , , , , , , , , , , , , , , , , ,Passed just south of Rowley Shoals at around 1000 UTC. No gales observed on the NW side at either Rowley Shoals or on scatterometer winds.,2020-02-06 09:00:00,20.6,74.16000000000001,A
Damien ,AU201920_05U,2020-02-06 12:00,T, 2, 1, 30,-17.4,118.4, 10, 56, 3.5, 3.5, 3.5, 3.5, 3.5,990.0, 2, 7, 8, 1004, , 167, , , 74, 93, 74, 56, , , , , , , , , , , 37, , , , , 20, 10, , , ,20.6, 5.1, 13, , 28.3, 1, , , , , , , , , , , , , , , , , , , , , , , ,Location consistent with scatterometer passes at 1253 and 1335 UTC.,2020-02-06 12:00:00,20.6,74.16000000000001,A
Damien ,AU201920_05U,2020-02-06 18:00,T, 2, 1, 30,-17.5,117.9, 11, 56, 3.5, 3.5, 3.5, 3.5, 3.5,985.0, 5, 5, 8, 1004, , 185, , , 74, 93, 102, 83, 56, , , , , , , , , , 28, , , , , 20, 10, , , ,25.7, 5.1, 13, , 36, 1, , , , , , , , , , , , , , , , , , , , , , , ,Location based on AMSR2 micro pass at 1721 UTC.,2020-02-06 18:00:00,25.7,92.52,A
Damien ,AU201920_05U,2020-02-07 00:00,T, 2, 1, 30,-17.9,117.4, 11, 56, 4, 4, 4, 4, 4,976.0, 5, 5, 8, 1006, , 222, , , 93, 130, 130, 111, 56, , , , , , , , , , 28, , , , , 20, 10, 10, , ,33.4, 5.1, 13, , 46.3, 1, , , , , , , , , , , , , , , , , , , , , , , ,Location based on 2221 GMI micro pass and 0109 UTC MetOp-A scat pass.,2020-02-07 00:00:00,33.4,120.24,A
Damien ,AU201920_05U,2020-02-07 06:00,T, 2, 1, 30,-18.1,117.0, 11, 37, 3.5, 3.5, 4, 4, 4,971.0, 5, 5, 8, 1004, , 222, , , 93, 130, 130, 111, 56, , , , , , , , , , 28, , , , , 5, 10, 10, , ,33.4, 5.1, 13, , 46.3, 1, 14.8, 6, 3, , , , , , , , , , , , , , , , , , , , ,Location based on 0532 UTC AMSR2 and 0745 UTC SSMI micro passes. Also just becoming visible on Dampier radar.,2020-02-07 06:00:00,33.4,120.24,A
Damien ,AU201920_05U,2020-02-07 09:00,T, 2, 1, 40,-18.3,116.9, 7, 19, 4, 4, 4, 4, 4,971.0, 5, 5, 8, 1004, , 222, , , 93, 130, 130, 111, 56, , , , , 37, , , , , 19, , , , , 4, 10, 10, 4, ,33.4, 5.1, 13, , 46.3, 1, 11.1, 4, 3, , , , , , , , , , , , , , , , , , , , ,Centre visible on Port Hedland and Dampier radars.,2020-02-07 09:00:00,33.4,120.24,A
Damien ,AU201920_05U,2020-02-07 12:00,T, 2, 1, 40,-18.6,116.8, 7, 19, 4.5, 4.5, 4.5, 4.5, 4.5,965.0, 5, 5, 8, 1006, , 222, , , 130, 148, 148, 111, , 74, 74, 56, 56, 37, , , , , 19, , , , , 4, 10, 10, 4, ,38.6, 5.1, 13, , 54, 1, 9.3, 4, 3, , , , , , , , , , , , , , , , , , , , ,Centre visible on Port Hedland and Dampier radars.,2020-02-07 12:00:00,38.6,138.96,A
Damien ,AU201920_05U,2020-02-07 15:00,T, 2, 1, 40,-18.8,116.7, 7, 19, 5, 4.5, 4.5, 4.5, 4.5,963.0, 5, 5, 8, 1006, , 222, , , 130, 148, 148, 111, , 74, 74, 56, 56, 37, , , , , 19, , , , , 4, 10, 10, 4, ,38.6, 5.1, 13, , 54, 1, 11.1, 4, 3, , , , , , , , , , , , , , , , , , , , ,Centre visible on Port Hedland and Dampier radars.,2020-02-07 15:00:00,38.6,138.96,A
Damien ,AU201920_05U,2020-02-07 18:00,T, 2, 1, 40,-19.1,116.5, 7, 19, 5, 4.5, 4.5, 4.5, 4.5,963.0, 5, 5, 8, 1004, , 204, , , 111, 148, 148, 111, , 74, 74, 56, 56, 37, , , , , 19, , , , , 4, 10, 10, 4, ,38.6, 7.7, 13, , 54, 1, 14.8, 6, 3, , , , , , , , , , , , , , , , , , , , ,Centre visible on Port Hedland and Dampier radars.,2020-02-07 18:00:00,38.6,138.96,A
Damien ,AU201920_05U,2020-02-07 21:00,T, 2, 1, 40,-19.4,116.45, 7, 19, 5, 5, 5, 5, 5,958.0, 5, 7, 8, 1004, , 204, , , 148, 148, 148, 111, , 93, 93, 74, 74, 37, , , , , 37, , , , , 4, 10, 10, 4, ,41.2, 7.7, 13, , 56.6, 1, 27.8, 6, 3, , , , , , , , , , , , , , , , , , , , ,Centre visible on Port Hedland and Dampier radars.,2020-02-07 21:00:00,41.2,148.32000000000002,A
Damien ,AU201920_05U,2020-02-08 00:00,T, 2, 1, 40,-19.6,116.4, 7, 15, 5.5, 5, 5, 5, 5,958.0, 5, 7, 8, 1004, , 222, , , 148, 148, 148, 130, , 93, 93, 74, 74, 46, , , , , 37, , , , , 4, 10, 10, 2, ,41.2, 7.7, 13, , 56.6, 1, 27.8, 6, 3, , , , , , , , , , , , , , , , , , , , ,Stucture and intensity based on network of Bureau and non-Bureau observations; coupled with an METOP-B ASCAT pass at 0204 UTC. MSLP consistent with observation at an adjacent non-Bureau site.,2020-02-08 00:00:00,41.2,148.32000000000002,A
Damien ,AU201920_05U,2020-02-08 01:00,T, 2, 1, 40,-19.7,116.45, 7, 15, , , , , ,958.0, , 7, 8, 1004, , 204, , , 148, 167, 148, 130, , 93, 93, 74, 74, 46, , , , , 37, , , , , 4, 10, 10, 2, ,41.2, 7.7, 13, , 61.7, 1, 27.8, 4, 3, , , , , , , , , , , , , , , , , , , , ,,2020-02-08 01:00:00,41.2,148.32000000000002,A
Damien ,AU201920_05U,2020-02-08 02:00,T, 2, 1, 40,-19.8,116.5, 7, 15, , , , , ,958.0, , 7, 8, 1004, , 194, , , 148, 167, 167, 130, , 111, 93, 74, 83, 46, , , , , 28, , , , , 4, 10, 10, 2, ,41.2, 5.1, 13, , 61.7, 1, 25.9, 4, 3, , , , , , , , , , , , , , , , , , , , ,,2020-02-08 02:00:00,41.2,148.32000000000002,A
Damien ,AU201920_05U,2020-02-08 03:00,T, 2, 1, 40,-19.9,116.5, 7, 9, 5.5, 5, 5, 5, 5,955.0, 5, 7, 8, 1004, , 176, , , 167, 148, 167, 130, , 111, 93, 74, 83, 46, , , , , 28, , , , , 4, 10, 10, 2, ,43.7, 5.1, 13, , 61.7, 1, 22.2, 4, 3, , , , , , , , , , , , , , , , , , , , ,Stucture and intensity based on excellent network of Bureau and non-Bureau observations; coupled with an METOP-B ASCAT pass at 0204 UTC.,2020-02-08 03:00:00,43.7,157.32000000000002,A
Damien ,AU201920_05U,2020-02-08 04:00,T, 2, 1, 40,-20.1,116.55, 7, 9, , , , , ,955.0, , 7, 8, 1004, , 176, , , 167, 167, 167, 130, , 111, 93, 74, 83, 46, , , , , 28, , , , , 4, 2, 2, 2, ,43.7, 5.1, 20, , 61.7, 1, 22.2, 4, 3, , , , , , , , , , , , , , , , , , , , ,,2020-02-08 04:00:00,43.7,157.32000000000002,A
Damien ,AU201920_05U,2020-02-08 05:00,T, 2, 1, 40,-20.25,116.6, 7, 9, , , , , ,955.0, , 7, 8, 1004, , 185, , , 167, 167, 167, 130, , 111, 93, 74, 74, 46, , , , , 28, , , , , 4, 2, 2, 2, ,43.7, 5.1, 20, , 61.7, 1, 22.2, 4, 3, , , , , , , , , , , , , , , , , , , , ,,2020-02-08 05:00:00,43.7,157.32000000000002,A
Damien ,AU201920_05U,2020-02-08 06:00,T, 2, 1, 40,-20.4,116.65, 7, 9, 5.5, 5.5, 5.5, 5.5, 5.5,955.0, 5, 7, 8, 1004, , 185, , , 167, 130, 148, 130, , 111, 83, 65, 74, 46, , , , , 28, , , , , 4, 2, 2, 2, ,43.7, 5.1, 20, , 61.7, 1, 22.2, 4, 3, , , , , , , , , , , , , , , , , , , , ,Stucture and intensity based on excellent network of Bureau and non-Bureau observations. Centre passed over multiple sites with lowest observed MSLP being 955hPa.,2020-02-08 06:00:00,43.7,157.32000000000002,A
Damien ,AU201920_05U,2020-02-08 07:00,T, 2, 1, 40,-20.6,116.7, 7, 9, , , , , ,955.0, , 7, 8, 1004, , 185, , , 167, 130, 148, 130, , 111, 83, 65, 74, 46, , , , , 28, , , , , 4, 2, 2, 2, ,43.7, 5.1, 9, , 61.7, 1, 20.4, 4, 3, , , , , , , , , , , , , , , , , , , , ,Max wind consistent with observations at Karratha Airport as eye wall passed over (both sides),2020-02-08 07:00:00,43.7,157.32000000000002,A
Damien ,AU201920_05U,2020-02-08 08:00,T, 2, 3, 40,-20.75,116.75, 7, 9, , , , , ,955.0, , 7, 8, 1004, , 176, , , 167, 111, 130, 130, , 111, 74, 65, 74, 46, , , , , 28, , , , , 4, 2, 2, 2, ,43.7, 5.1, 9, , 61.7, 1, 18.5, 4, 3, , , , , , , , , , , , , , , , , , , , ,,2020-02-08 08:00:00,43.7,157.32000000000002,A
Damien ,AU201920_05U,2020-02-08 09:00,T, 2, 2, 40,-20.9,116.8, 7, 15, , , , , ,955.0, 5, 5, 8, 1004, , 167, , , 167, 111, 130, 130, , 102, 74, 65, 74, 46, , , , , 28, , , , , 4, 2, 2, 2, ,41.2, 5.1, 9, , 56.6, 1, 18.5, 4, 3, , , , , , , , , , , , , , , , , , , , ,Dampier radar ceased funtioning at 0840 UTC; but centre still clearly visible on Port Hedland radar. Stucture and intensity based on excellent network of Bureau and non-Bureau observations.,2020-02-08 09:00:00,41.2,148.32000000000002,A
Damien ,AU201920_05U,2020-02-08 12:00,T, 2, 2, 40,-21.2,117.0, 7, 19, , , , , ,967.0, 8, 5, 8, 1004, , 185, , , 148, 111, 93, 130, , 74, 65, 65, 74, 37, , , , , 28, , , , , 4, 2, 2, 2, ,36.0, 5.1, 20, , 51.4, 1, 16.7, 4, 3, , , , , , , , , , , , , , , , , , , , ,Centre still visible on Port Hedland radar. High confidence in structure on nothern side of the system based on excellent network of Bureau and non-Bureau observations.,2020-02-08 12:00:00,36.0,129.6,A
Damien ,AU201920_05U,2020-02-08 15:00,T, 2, 2, 30,-21.5,117.2, 7, 28, , , , , ,972.0, 8, 5, 8, 1004, , 185, , , 130, 93, 74, 130, , 56, 46, 46, 56, , , , , , 28, , , , , 5, 2, 20, , ,30.9, 7.7, 20, , 43.7, 1, 9.3, 4, 3, , , , , , , , , , , , , , , , , , , , ,Centre still visible on Port Hedland radar. Intensity based on standard decay model due to lack of land based observations near the centre.,2020-02-08 15:00:00,30.9,111.24,A
Damien ,AU201920_05U,2020-02-08 18:00,T, 2, 2, 30,-21.9,117.4, 7, 37, , , , , ,978.0, 5, 5, 8, 1004, , 185, , , 111, 74, 74, 74, , 56, 37, , , , , , , , 37, , , , , 20, 20, , , ,25.7, 5.1, 20, , 38.6, 1, , , , , , , , , , , , , , , , , , , , , , , ,Solomon AWS was near gales from 2am to 8am.,2020-02-08 18:00:00,25.7,92.52,A
Damien ,AU201920_05U,2020-02-09 00:00,T, 2, 2, 30,-22.6,117.5, 7, 37, , , , , ,986.0, 3, 3, 8, 1004, , 167, , , 56, 56, 74, , , , , , , , , , , , 56, , , , , 20, 20, , , ,18.0, 5.1, 20, , 25.7, 1, , , , , , , , , , , , , , , , , , , , , , , ,Passed near Tom Price; mean wind briefly reached 35-40 knots at non-Bureau AWS. Boolgeeda AWS had no wind obs. but lowest MSLP was 986hPa at around 6am.,2020-02-09 00:00:00,18.0,64.8,A
Damien ,AU201920_05U,2020-02-09 03:00,T, 2, 2, 21,-23.1,117.5, 7, 28, 0, 0, 0, 0, 0,989.0, 3, 3, 8, 1002, , 130, , , , , 74, , , , , , , , , , , , 56, , , , , 20, , , , ,18.0, 5.1, 20, , 25.7, 1, 0, , , 0, , , 0, 0, 0, , 0, 0, 0, , , , 0, 0, 0, 0, , 0, 0,Closest approach to the west of Paraburdoo AWS was around 11:30am. No gales observed. Lowest MSLP 990hPa. No indication of it being at tropical cyclone intensity.,2020-02-09 03:00:00,18.0,64.8,A
Damien ,AU201920_05U,2020-02-09 06:00,T, 2, 2, 80,-23.5,117.6, 3, 37, , , , , ,992.0, 4, 3, 8, 1002, , 130, , , , , , , , , , , , , , , , , , , , , , , , , , ,15.4, 5.1, 20, , 23.2, 1, , , , , , , , , , , , , , , , , , , , , , , ,Low level centre exposed on visible satellite imagery.,2020-02-09 06:00:00,15.4,55.440000000000005,A
Damien ,AU201920_05U,2020-02-09 12:00,T, 2, 2, 80,-23.8,117.6, 3, 56, , , , , ,992.0, 6, 9, 40, 1002, , 130, , , , , , , , , , , , , , , , , , , , , , , , , , ,15.4, 2.6, 20, , 23.2, 1, , , , , , , , , , , , , , , , , , , , , , , ,Centre based on extrapolation from earlier visible satellite imagery combined with model guidance.,2020-02-09 12:00:00,15.4,55.440000000000005,A
Damien ,AU201920_05U,2020-02-09 18:00,T, 2, 2, 80,-24.1,117.7, 3, 56, , , , , ,992.0, 6, 9, 40, 1004, , 185, , , , , , , , , , , , , , , , , , , , , , , , , , ,15.4, 2.6, 20, , 23.2, 1, , , , , , , , , , , , , , , , , , , , , , , ,Centre based on interpolation between previous and next position; infrared satellite imagery; and model guidance.,2020-02-09 18:00:00,15.4,55.440000000000005,A
Damien ,AU201920_05U,2020-02-10 00:00,T, 2, 2, 80,-24.7,117.7, 3, 56, , , , , ,996.0, 4, 9, 40, 1004, , 130, , , , , , , , , , , , , , , , , , , , , , , , , , ,12.9, 2.6, 20, , 20.6, 20, , , , , , , , , , , , , , , , , , , , , , , ,Low level centre exposed on visible satellite imagery.,2020-02-10 00:00:00,12.9,46.440000000000005,A
Damien ,AU201920_05U,2020-02-10 06:00,T, 2, 2, 80,-25.3,117.8, 3, 56, , , , , ,996.0, 4, 9, 40, 1004, , 111, , , , , , , , , , , , , , , , , , , , , , , , , , ,12.9, 2.6, 20, , 18, 20, , , , , , , , , , , , , , , , , , , , , , , ,Low level centre exposed on visible satellite imagery.,2020-02-10 06:00:00,12.9,46.440000000000005,A
Damien ,AU201920_05U,2020-02-10 12:00,T, 2, 2, 60,-25.7,118.0, 3, 83, , , , , ,998.0, 4, 9, 40, 1006, , 111, , , , , , , , , , , , , , , , , , , , , , , , , , ,12.9, 2.6, 20, , 18, 20, , , , , , , , , , , , , , , , , , , , , , , ,Centre becoming elongated and hard to discern.,2020-02-10 12:00:00,12.9,46.440000000000005,A
noname ,AU201920_09U,2020-03-09 00:00,L, 20, 1, 20,-11.0,113.0, 10, 56, , , , , ,1008.0, , 5, 8, , , , , , , , , , , , , , , , , , , , , , , , , , , , , 10,12.9, , 11, 3, 23.2, 1, , , , , , , , , , , , , , , , , , , , , , , ,,2020-03-09 00:00:00,12.9,46.440000000000005,A
noname ,AU201920_09U,2020-03-09 06:00,L, 20, 1, 20,-11.2,113.0, 3, 56, , , , , ,1007.0, , 5, 8, , , , , , , , , , , , , , , , , , , , , , , , , , , , , 10,12.9, , 20, 3, 23.2, 1, , , , , , , , , , , , , , , , , , , , , , , ,,2020-03-09 06:00:00,12.9,46.440000000000005,A
noname ,AU201920_09U,2020-03-09 12:00,L, 20, 1, 20,-10.8,113.8, 10, 56, , , , , ,1007.0, , 5, 8, 1010, , 111, , , , , , , , , , , , , , , , , , , , , , , , , , 10,12.9, , 11, 3, 23.2, 1, , , , , , , , , , , , , , , , , , , , , , , ,,2020-03-09 12:00:00,12.9,46.440000000000005,A
noname ,AU201920_09U,2020-03-09 18:00,L, 20, 1, 20,-11.2,114.7, 11, 56, , , , , ,1005.0, , 5, 8, 1008, , 148, , , , , , , , , , , , , , , , , , , , , , , , , , 10,12.9, , 20, 3, 23.2, 1, , , , , , , , , , , , , , , , , , , , , , , ,,2020-03-09 18:00:00,12.9,46.440000000000005,A
noname ,AU201920_09U,2020-03-10 00:00,L, 20, 1, 20,-12.2,116.0, 3, 37, 1, , , 1, 1,1003.0, , 5, 8, 1008, , 111, , , , , , , , , , , , , , , , , , , , , , , , , , 10,10.3, , 11, 3, 23.2, 1, , , , , , , , , , , , , , , , , , , , , , , ,,2020-03-10 00:00:00,10.3,37.080000000000005,A
noname ,AU201920_09U,2020-03-10 06:00,L, 20, 1, 20,-13.0,116.0, 11, 56, 2, , , 1.5, 1.5,1003.0, , 5, 8, 1008, , 111, , , , , , , , , , , , , , , , , , , , , , , , , , 10,10.3, , 20, 3, 23.2, 1, , , , , , , , , , , , , , , , , , , , , , , ,,2020-03-10 06:00:00,10.3,37.080000000000005,A
noname ,AU201920_09U,2020-03-10 12:00,L, 20, 1, 20,-13.8,116.5, 3, 56, 2.5, , , 2, 2,1000.0, , 5, 8, 1008, , 111, , , , , , , , , , , , , , , , , , , , , , , , , , 10,15.4, , 20, 3, 23.2, 1, , , , , , , , , , , , , , , , , , , , , , , ,,2020-03-10 12:00:00,15.4,55.440000000000005,A
noname ,AU201920_09U,2020-03-10 18:00,L, 20, 1, 21,-14.6,116.8, 3, 56, 2.5, , , 2.5, 2.5,999.0, , 5, 8, 1008, , 111, , , , 241, , , , , , , , , , , , , , , , , , , 20, , , 10,18.0, , 20, 3, 25.7, 1, , , , , , , , , , , , , , , , , , , , , , , ,,2020-03-10 18:00:00,18.0,64.8,A
noname ,AU201920_09U,2020-03-11 00:00,L, 20, 1, 21,-15.4,117.2, 3, 46, , 2, 2.5, 2.5, 2.5,999.0, , 5, 8, 1010, , 167, , , , 241, , , , , , , , , , , , , , , , , , , 10, , , 10,18.0, , 11, 3, 25.7, 1, , , , , , , , , , , , , , , , , , , , , , , ,,2020-03-11 00:00:00,18.0,64.8,A
noname ,AU201920_09U,2020-03-11 06:00,L, 20, 1, 21,-16.4,116.9, 11, 28, 2, 1.5, 2, 2, 2.5,999.0, , 5, 8, 1008, , 148, , , , 241, , , , , , , , , , , , , , , , , , , 20, , , 10,18.0, , 20, 3, 25.7, 1, , , , , , , , , , , , , , , , , , , , , , , ,,2020-03-11 06:00:00,18.0,64.8,A
noname ,AU201920_09U,2020-03-11 12:00,L, 20, 1, 21,-17.3,116.1, 11, 28, , , , , ,999.0, , 5, 8, 1008, , 148, , , , 111, , , , , , , , , , , , , , , , , , , 10, , , 10,18.0, , 11, 3, 25.7, 1, , , , , , , , , , , , , , , , , , , , , , , ,,2020-03-11 12:00:00,18.0,64.8,A
noname ,AU201920_09U,2020-03-11 18:00,L, 20, 1, 21,-18.2,115.9, 11, 28, , , , , ,999.0, , 5, 8, 1010, , 148, , , , 111, , , , , , , , , , , , , , , , , , , 20, , , 10,18.0, , 20, 3, 25.7, 1, , , , , , , , , , , , , , , , , , , , , , , ,,2020-03-11 18:00:00,18.0,64.8,A
noname ,AU201920_09U,2020-03-12 00:00,L, 20, 1, 21,-18.9,115.1, 3, 19, , , , , ,997.0, , 5, 8, 1010, , 111, , , , 111, , , , , , , , , , , , , , , , , , , 20, , , 10,20.6, , 20, 3, 28.3, 1, , , , , , , , , , , , , , , , , , , , , , , ,well exposed LLCC,2020-03-12 00:00:00,20.6,74.16000000000001,A
noname ,AU201920_09U,2020-03-12 06:00,L, 20, 1, 21,-19.8,114.9, 3, 19, , , , , ,997.0, , 5, 8, 1010, , 111, , , , 93, , , , , , , , , , , , , , , , , , , 20, , , 10,20.6, , 20, 3, 28.3, 1, , , , , , , , , , , , , , , , , , , , , , , ,,2020-03-12 06:00:00,20.6,74.16000000000001,A
noname ,AU201920_09U,2020-03-12 12:00,L, 20, 1, 21,-20.8,114.8, 11, 28, , , , , ,995.0, , 5, 8, 1010, , 111, , , , 74, 37, , , , , , , , , , , , , , , , , , 2, , , 10,23.2, , 6, 3, 33.4, 1, , , , , , , , , , , , , , , , , , , , , , , ,Barrow Island max wind 40 knots at 1100z,2020-03-12 12:00:00,23.2,83.52,A
noname ,AU201920_09U,2020-03-12 18:00,L, 20, 3, 21,-22.0,114.5, 11, 28, , , , , ,997.0, , 5, 8, 1010, , 111, , , , 74, 37, , , , , , , , , , , , , , , , , , 2, , , 10,20.6, , 6, 3, 28.3, 1, , , , , , , , , , , , , , , , , , , , , , , ,,2020-03-12 18:00:00,20.6,74.16000000000001,A
noname ,AU201920_09U,2020-03-13 00:00,L, 20, 2, 21,-22.8,114.4, 3, 28, , , , , ,1000.0, , 5, 8, 1010, , 83, , , , 56, , , , , , , , , , , , , , , , , , , 2, , , 10,18.0, , 6, 3, 25.7, 1, , , , , , , , , , , , , , , , , , , , , , , ,,2020-03-13 00:00:00,18.0,64.8,A
noname ,AU201920_09U,2020-03-13 06:00,L, 20, 2, 20,-23.8,114.5, 3, 28, , , , , ,1005.0, , 5, 8, 1010, , 83, , , , , , , , , , , , , , , , , , , , , , , , , , 10,12.9, , 20, 3, 23.2, 1, , , , , , , , , , , , , , , , , , , , , , , ,,2020-03-13 06:00:00,12.9,46.440000000000005,A
noname ,AU201920_09U,2020-03-14 00:00,L, 20, 2, 20,-26.9,114.7, 3, 37, , , , , ,1005.0, , 5, 8, 1010, , 83, , , , , , , , , , , , , , , , , , , , , , , , , , 10,10.3, , 20, 3, 23.2, 1, , , , , , , , , , , , , , , , , , , , , , , ,,2020-03-14 00:00:00,10.3,37.080000000000005,A
noname ,AU202021_02U,2020-12-04 06:00,L, 2, 1, 10,-8.5,105.7, 11, 111, , , , , ,1002.0, , 5, 8, 1008, , 130, , , , , , , , , , , , , , , , , , , , , , , , , , ,10.3, , 11, , 23.2, 1, , , , , , , , , , , , , , , , , , , , , , , ,,2020-12-04 06:00:00,10.3,37.080000000000005,A
noname ,AU202021_02U,2020-12-04 12:00,L, 2, 1, ,-8.53,105.78, 3, 111, , , , , ,1002.0, , 5, 8, 1008, , 130, , , , , , , , , , , , , , , , , , , , , , , , , , ,10.3, , 11, , 23.2, 1, , , , , , , , , , , , , , , , , , , , , , , ,,2020-12-04 12:00:00,10.3,37.080000000000005,A
noname ,AU202021_02U,2020-12-05 18:00,L, 2, 1, 20,-8.7,106.2, 11, 56, , , , , ,1002.0, , 5, 8, 1008, , 130, , , , , , , , , , , , , , , , , , , , , , , , , , ,10.3, , 11, , 23.2, 1, , , , , , , , , , , , , , , , , , , , , , , ,,2020-12-05 18:00:00,10.3,37.080000000000005,A
noname ,AU202021_02U,2020-12-06 00:00,L, 2, 1, 20,-8.6,106.2, 10, 56, , , , , ,1002.0, , 5, 8, 1008, , 130, , , , , , , , , , , , , , , , , , , , , , , , , , ,12.9, , 11, , 23.2, 1, , , , , , , , , , , , , , , , , , , , , , , ,,2020-12-06 00:00:00,12.9,46.440000000000005,A
noname ,AU202021_02U,2020-12-06 06:00,L, 2, 1, 20,-9.0,107.1, 3, 28, , , , , ,1000.0, , 5, 8, 1006, , 74, , , , , , , , , , , , , , , , , , , , , , , , , , ,15.4, , 11, , 23.2, 1, , , , , , , , , , , , , , , , , , , , , , , ,,2020-12-06 06:00:00,15.4,55.440000000000005,A
noname ,AU202021_02U,2020-12-06 12:00,L, 2, 1, 20,-9.55,107.7, 3, 46, , , , , ,1001.0, , 5, 8, 1007, , 111, , , , , , , , , , , , , , , , , , , , , , , , , , ,15.4, , 11, , 23.2, 1, , , , , , , , , , , , , , , , , , , , , , , ,,2020-12-06 12:00:00,15.4,55.440000000000005,A
noname ,AU202021_02U,2020-12-06 18:00,L, 2, 1, 20,-10.1,108.3, 11, 56, , , , , ,1002.0, , 5, 8, 1009, , 167, , , , , , , , , , , , , , , , , , , , , , , , , , ,15.4, , 11, , 23.2, 1, , , , , , , , , , , , , , , , , , , , , , , ,,2020-12-06 18:00:00,15.4,55.440000000000005,A
noname ,AU202021_02U,2020-12-07 00:00,L, 2, 1, 20,-10.1,108.1, 3, 56, , , , , ,1002.0, , 5, 8, 1010, , 185, , , , , , , , , , , , , , , , , , , , , , , , , , ,15.4, , 11, , 23.2, 1, , , , , , , , , , , , , , , , , , , , , , , ,,2020-12-07 00:00:00,15.4,55.440000000000005,A
noname ,AU202021_02U,2020-12-07 06:00,L, 2, 1, 20,-10.4,108.1, 11, 56, 1, , , 1, 1,1000.0, , 5, 8, 1008, , 185, , , , , , , , , , , , , , , , , , , , , , , , , , ,15.4, , 11, , 23.2, 1, , , , , , , , , , , , , , , , , , , , , , , ,,2020-12-07 06:00:00,15.4,55.440000000000005,A
noname ,AU202021_02U,2020-12-07 12:00,L, 2, 1, 20,-10.7,108.15, 3, 46, 1, , , 1, 1,1000.0, , 5, 8, 1008, , 185, , , , , , , , , , , , , , , , , , , , , , , , , , ,15.4, , 11, , 23.2, 1, , , , , , , , , , , , , , , , , , , , , , , ,,2020-12-07 12:00:00,15.4,55.440000000000005,A
noname ,AU202021_02U,2020-12-07 18:00,L, 2, 1, 20,-11.0,108.2, 11, 37, 1, , , 1, 1,1000.0, , 5, 8, 1008, , 185, , , , , , , , , , , , , , , , , , , , , , , , , , ,15.4, , 11, , 23.2, 1, , , , , , , , , , , , , , , , , , , , , , , ,,2020-12-07 18:00:00,15.4,55.440000000000005,A
noname ,AU202021_02U,2020-12-08 00:00,L, 2, 1, 20,-11.2,107.7, 3, 37, 1, , , 1, 1,1001.0, , 5, 8, 1008, , 167, , , , , , , , , , , , , , , , , , , , , , , , , , ,15.4, , 11, , 23.2, 1, , , , , , , , , , , , , , , , , , , , , , , ,,2020-12-08 00:00:00,15.4,55.440000000000005,A
noname ,AU202021_02U,2020-12-08 06:00,L, 2, 1, 20,-11.2,107.6, 3, 28, 1.5, 1.5, 1.5, 1.5, 1.5,997.0, , 5, 8, 1006, , 93, , , , , , , , , , , , , , , , , , , , , , , , , , ,15.4, , 11, , 23.2, 1, , , , , , , , , , , , , , , , , , , , , , , ,,2020-12-08 06:00:00,15.4,55.440000000000005,A
noname ,AU202021_02U,2020-12-08 12:00,L, 2, 1, 21,-11.0,108.1, 3, 37, 1.5, 1.5, 1.5, 1.5, 1.5,994.0, , 5, 8, 1004, , 74, , , , , , 167, , , , , , , , , , , 37, , , , , , 10, , , ,18.0, , 11, , 25.7, 1, , , , , , , , , , , , , , , , , , , , , , , ,,2020-12-08 12:00:00,18.0,64.8,A
noname ,AU202021_02U,2020-12-08 18:00,L, 2, 1, 21,-10.9,108.6, 11, 37, 2, 2, 2, 2, 2,991.0, , 5, 8, 1004, , 74, , , 56, , , 167, , , , , , , , , , , 37, , , , , , 10, , , ,20.6, , 11, , 28.3, 1, , , , , , , , , , , , , , , , , , , , , , , ,,2020-12-08 18:00:00,20.6,74.16000000000001,A
noname ,AU202021_02U,2020-12-09 00:00,L, 2, 1, 21,-11.1,109.1, 3, 28, 2, 1, 1.5, 2, 2,991.0, , 5, 8, 1004, , 74, , , 93, , , 130, , , , , , , , , , , 37, , , , , , 10, , , ,20.6, , 11, , 28.3, 1, , , , , , , , , , , , , , , , , , , , , , , ,,2020-12-09 00:00:00,20.6,74.16000000000001,A
noname ,AU202021_02U,2020-12-09 06:00,L, 2, 1, 21,-11.6,109.9, 3, 28, 1, 1, 1, 1.5, 2,990.0, , 5, 8, 1002, , 111, , , 111, , , 111, , , , , , , , , , , 37, , , , , , 7, , , ,20.6, , 11, , 28.3, 1, , , , , , , , , , , , , , , , , , , , , , , ,,2020-12-09 06:00:00,20.6,74.16000000000001,A
noname ,AU202021_02U,2020-12-09 12:00,L, 2, 1, 21,-12.4,110.7, 3, 37, 2, 1.5, 1.5, 2, 2,990.0, , 5, 8, 1002, , 148, , , 111, , , 111, , , , , , , , , , , 37, , , , , , 7, , , ,20.6, , 11, , 28.3, 1, , , , , , , , , , , , , , , , , , , , , , , ,,2020-12-09 12:00:00,20.6,74.16000000000001,A
noname ,AU202021_02U,2020-12-09 18:00,L, 2, 1, 21,-13.3,111.0, 11, 28, 2.5, 2, 2.5, 2.5, 2.5,995.0, , 5, 8, 1004, , 241, , , , , 167, , , , , , , , , , , , 74, , , , , , 10, , , ,18.0, , 11, , 25.7, 1, , , , , , , , , , , , , , , , , , , , , , , ,,2020-12-09 18:00:00,18.0,64.8,A
noname ,AU202021_02U,2020-12-10 00:00,L, 2, 1, 21,-14.2,111.5, 3, 56, 2.5, 2.5, 2.5, 2.5, 2.5,995.0, , 5, 8, 1004, , 241, , , , , 130, 93, , , , , , , , , , , 37, , , , , , 10, , , ,18.0, , 11, , 25.7, 1, , , , , , , , , , , , , , , , , , , , , , , ,Adjusted after ASCAT pass arrived,2020-12-10 00:00:00,18.0,64.8,A
noname ,AU202021_02U,2020-12-10 06:00,L, 2, 1, 20,-14.7,112.4, 3, 37, 2.5, 2, 2.5, 2.5, 2.5,998.0, , 5, 8, 1004, , 241, , , , , , , , , , , , , , , , , , , , , , , 7, , , ,15.4, , 11, , 23.2, 1, , , , , , , , , , , , , , , , , , , , , , , ,,2020-12-10 06:00:00,15.4,55.440000000000005,A
noname ,AU202021_02U,2020-12-10 12:00,L, 2, 1, 20,-15.6,113.9, 11, 56, , , , , ,999.0, , 5, 8, 1004, , 222, , , , , , , , , , , , , , , , , , , , , , , 7, , , ,15.4, , 11, , 23.2, 1, , , , , , , , , , , , , , , , , , , , , , , ,,2020-12-10 12:00:00,15.4,55.440000000000005,A
noname ,AU202021_02U,2020-12-10 18:00,L, 2, 1, 21,-16.91,115.46, 3, 74, , , , , ,995.0, , 5, 8, 1002, , 167, , , 167, 111, , , , , , , , , , , , , 37, , , , , , 7, , , ,18.0, , 11, , 25.7, 1, , , , , , , , , , , , , , , , , , , , , , , ,,2020-12-10 18:00:00,18.0,64.8,A
noname ,AU202021_02U,2020-12-11 00:00,L, 2, 1, 21,-19.36,117.12, 6, 83, , , , , ,992.0, , 5, 8, 1004, , 222, , , 167, 111, , , , , , , , , , , , , 37, , , , , , 2, , , ,23.2, , 6, , 33.4, 1, , , , , , , , , , , , , , , , , , , , , , , ,Betwen 18z and 00z an obs point to the southwest of the low indicates there may have been a brief period when gales wrapped 3/4 around the system but this did not persist long enough to class it a tc,2020-12-11 00:00:00,23.2,83.52,A
noname ,AU202021_02U,2020-12-11 03:00,L, 2, 3, 21,-20.39,118.2, 6, 56, , , , , ,995.0, , 5, 8, 1004, , 222, , , 167, , , , , , , , , , , , , , 37, , , , , , 2, , , ,20.6, , 6, , 28.3, 1, , , , , , , , , , , , , , , , , , , , , , , ,,2020-12-11 03:00:00,20.6,74.16000000000001,A
noname ,AU202021_02U,2020-12-11 06:00,L, 2, 2, 20,-21.2,119.1, 3, 56, , , , , ,998.0, , 5, 8, 1002, , 185, , , , , , , , , , , , , , , , , , , , , , , , , , ,15.4, , 6, , 23.2, 1, , , , , , , , , , , , , , , , , , , , , , , ,,2020-12-11 06:00:00,15.4,55.440000000000005,A
noname ,AU202021_08U,2021-01-18 00:00,L, 2, 1, 10,-10.9,132.5, 3, 111, , , , , ,1004.0, , 9, 8, 1008, , 130, , , , , , , , , , , , , , , , , , , , , , , , , , 10,7.7, 5.1, 20, 3, 20.6, 1, , , , , , , , , , , , , , , , , , , , , , , ,,2021-01-18 00:00:00,7.7,27.720000000000002,A
noname ,AU202021_08U,2021-01-18 06:00,L, 2, 1, 10,-10.7,131.3, 3, 111, , , , , ,1003.0, , 9, 8, 1006, , 259, , , , , , , , , , , , , , , , , , , , , , , , , , 10,7.7, 5.1, 20, 3, 20.6, 1, , , , , , , , , , , , , , , , , , , , , , , ,,2021-01-18 06:00:00,7.7,27.720000000000002,A
noname ,AU202021_08U,2021-01-18 12:00,L, 2, 1, 10,-10.7,129.7, 10, 56, , , , , ,1004.0, , 9, 8, 1007, , 167, , , , , , , , , , , , , , , , , , , , , , , , , , 10,7.7, 5.1, 20, 3, 20.6, 1, , , , , , , , , , , , , , , , , , , , , , , ,SCATSAT 1153UTC reasonably well-defined circulation though NOAA position further south than KNMI,2021-01-18 12:00:00,7.7,27.720000000000002,A
noname ,AU202021_08U,2021-01-18 18:00,L, 2, 1, 10,-10.8,128.6, 11, 74, , , , , ,1002.0, , 9, 8, 1006, , 222, , , , , , , , , , , , , , , , , , , , , , , , , , 10,7.7, 5.1, 20, 3, 20.6, 1, , , , , , , , , , , , , , , , , , , , , , , ,,2021-01-18 18:00:00,7.7,27.720000000000002,A
noname ,AU202021_08U,2021-01-19 00:00,L, 2, 1, 20,-10.8,127.6, 11, 74, , , , 1, 1,1003.0, , 9, 8, 1008, , 222, , , , , , , , , , , , , , , , , , , , , , , , , , 10,10.3, 5.1, 11, 3, 23.2, 1, , , , , , , , , , , , , , , , , , , , , , , ,HY-2B 2030UTC shows some elongation,2021-01-19 00:00:00,10.3,37.080000000000005,A
noname ,AU202021_08U,2021-01-19 06:00,L, 2, 1, 20,-10.8,126.5, 3, 74, , , , 1, 1,1001.0, , 9, 8, 1006, , 222, , , , , , , , , , , , , , , , , , , , , , , , , , 10,10.3, 5.1, 11, 3, 23.2, 1, , , , , , , , , , , , , , , , , , , , , , , ,,2021-01-19 06:00:00,10.3,37.080000000000005,A
noname ,AU202021_08U,2021-01-19 12:00,L, 2, 1, 20,-11.2,125.6, 10, 74, , , , 1.5, 1.5,1000.0, , 9, 8, 1006, , 111, , , , , , , , , , , , , , , , , , , , , , , , , , 10,10.3, 5.1, 11, 3, 23.2, 1, , , , , , , , , , , , , , , , , , , , , , , ,Elongated circulation on scatterometer pass; 20 knots to the south; 10/15 knots to the north.,2021-01-19 12:00:00,10.3,37.080000000000005,A
noname ,AU202021_08U,2021-01-19 18:00,L, 2, 1, 20,-11.8,124.8, 11, 74, , , , 1.5, 1.5,1002.0, , 9, 8, 1006, , 167, , , , , , , , , , , , , , , , , , , , , , , , , , 10,12.9, 5.1, 11, 3, 23.2, 1, , , , , , , , , , , , , , , , , , , , , , , ,,2021-01-19 18:00:00,12.9,46.440000000000005,A
noname ,AU202021_08U,2021-01-20 00:00,L, 2, 1, 20,-12.4,123.6, 10, 74, 1, 1, 1.5, 1.5, 1.5,1000.0, , 9, 8, 1006, , 148, , , , , , , , , , , , , , , , , , , , , , , , , , 10,12.9, 5.1, 11, 3, 23.2, 1, , , , , , , , , , , , , , , , , , , , , , , ,25 knots on scatterometer pass on the southern side; 10/15 knots on the north. Not much of a circulation; more like a band of fresh ESE winds on the southern side of a trough.,2021-01-20 00:00:00,12.9,46.440000000000005,A
noname ,AU202021_08U,2021-01-20 06:00,L, 2, 1, 20,-12.9,122.8, 11, 93, 1, 1, 1.5, 1, 1,1000.0, , 9, 8, 1006, , 148, , , , , , , , , , , , , , , , , , , , , , , , , , 10,12.9, 5.1, 11, 3, 23.2, 1, , , , , , , , , , , , , , , , , , , , , , , ,,2021-01-20 06:00:00,12.9,46.440000000000005,A
noname ,AU202021_08U,2021-01-20 12:00,L, 2, 1, 20,-13.8,121.5, 10, 56, 1.5, 1.5, 1.5, 1.5, 1.5,1000.0, , 9, 8, 1006, , 148, , , , , , , , , , , , , , , , , , , , , , , , , , 10,15.4, 5.1, 11, 3, 23.2, 1, , , , , , , , , , , , , , , , , , , , , , , ,25-30 knots on scatterometer pass; with near gales in the SE quadrant.,2021-01-20 12:00:00,15.4,55.440000000000005,A
noname ,AU202021_08U,2021-01-20 18:00,L, 2, 1, 20,-14.6,120.7, 11, 56, 2, 2.5, 2, 2, 2,998.0, , 9, 8, 1006, , 185, , , , , , , , , , , , , , , , , , , , , , , , , , 10,15.4, 5.1, 11, 3, 23.2, 1, , , , , , , , , , , , , , , , , , , , , , , ,,2021-01-20 18:00:00,15.4,55.440000000000005,A
noname ,AU202021_08U,2021-01-21 00:00,L, 2, 1, 21,-15.0,120.3, 10, 74, 2.5, 2.5, 2, 2, 2,998.0, , 9, 8, 1006, , 185, , , , 185, , , , , , , , , , , , , 46, , , , , , , , , 10,18.0, 5.1, 11, 3, 25.7, 1, , , , , , , , , , , , , , , , , , , , , , , ,Surface circulation poorly defined on microwave 35 knots winds observed on scatterometer in the SE quadrant; may be rain affected. 30 knot winds around the remainder. Convection all displaced to the south of the centre.,2021-01-21 00:00:00,18.0,64.8,A
noname ,AU202021_08U,2021-01-21 06:00,L, 2, 1, 21,-15.8,119.9, 11, 74, 2.5, 2, 2, 2, 2,996.0, , 9, 8, 1006, , 185, , , , 185, , , , , , , , , , , , , 46, , , , , , , , , 10,18.0, 5.1, 11, 3, 25.7, 1, , , , , , , , , , , , , , , , , , , , , , , ,Convection all displaced to the south of the centre.,2021-01-21 06:00:00,18.0,64.8,A
noname ,AU202021_08U,2021-01-21 12:00,L, 2, 1, 21,-16.6,119.8, 10, 74, 2.5, 2, 2, 2, 2,996.0, , 7, 8, 1004, , 167, , , , 185, , , , , , , , , , , , , 46, , , , , , , , , 10,18.0, 5.1, 11, 3, 25.7, 1, , , , , , , , , , , , , , , , , , , , , , , ,35 knots winds observed on scatterometer in the SE quadrant; may be rain affected. 30 knot winds around the remainder. Convection all displaced to the south of the centre.,2021-01-21 12:00:00,18.0,64.8,A
noname ,AU202021_08U,2021-01-21 18:00,L, 2, 1, 21,-17.5,119.8, 11, 74, 2.5, 2, 2, 2, 2,994.0, , 7, 8, 1004, , 185, , , , 185, , , , , , , , , , , , , 46, , , , , , , , , 10,18.0, 5.1, 11, 3, 25.7, 1, , , , , , , , , , , , , , , , , , , , , , , ,Estimated to be east of Rowley Shoals; based on surface obs. Winds approx 30 knots at Rowley Shoals; still may be 35 knots winds in the SE quadrant. Convection all displaced to the south of the centre.,2021-01-21 18:00:00,18.0,64.8,A
noname ,AU202021_08U,2021-01-22 00:00,L, 2, 1, 21,-18.3,119.9, 11, 74, 2.5, 2, 2, 2, 2,992.0, , 9, 8, 1004, , 222, , , , 148, , , , , , , , , , , , , 46, , , , , , , , , 10,18.0, 5.1, 11, 3, 25.7, 1, , , , , , , , , , , , , , , , , , , , , , , ,Surface circulation poorly defined on microwave and scatterometer. 35 knots winds observed on scatterometer in the SE quadrant; may be rain affected. 30 knot winds around the remainder. Convection all displaced to the south of the centre.,2021-01-22 00:00:00,18.0,64.8,A
noname ,AU202021_08U,2021-01-22 06:00,L, 2, 1, 20,-19.5,120.5, 2, 56, 2.5, 2, 2, 2, 2,992.0, , 7, 8, 1004, , 222, , , , , , , , , , , , , , , , , , , , , , , , , , 10,15.4, 5.1, 9, 3, 23.2, 1, , , , , , , , , , , , , , , , , , , , , , , ,Crossed the coast just west of Mandora at 4pm; based on surface obs. Central pressure based on surface obs.,2021-01-22 06:00:00,15.4,55.440000000000005,A
noname ,AU202021_08U,2021-01-22 12:00,L, 2, 3, 20,-20.6,121.1, 1, 56, , , , , ,994.0, , 9, 8, , , , , , , , , , , , , , , , , , , , , , , , , , , , , 10,12.9, 5.1, 20, 3, 20.6, 1, , , , , , , , , , , , , , , , , , , , , , , ,Position interpolated; due to lack poorly defined satellite imagery and no radar coverage.,2021-01-22 12:00:00,12.9,46.440000000000005,A
noname ,AU202021_08U,2021-01-22 18:00,L, 2, 2, 20,-21.5,122.1, 2, 56, , , , , ,996.0, , 3, 8, , , , , , , , , , , , , , , , , , , , , , , , , , , , , 10,10.3, 5.1, 9, 3, 18, 1, , , , , , , , , , , , , , , , , , , , , , , ,Passed just to the east of Telfer at 4am; based on surface obs. Central pressur based on surface obs.,2021-01-22 18:00:00,10.3,37.080000000000005,A
noname ,AU202021_08U,2021-01-23 00:00,L, 2, 2, 20,-22.3,123.2, 2, 56, , , , , ,998.0, , 9, 8, , , , , , , , , , , , , , , , , , , , , , , , , , , , , 10,7.7, 5.1, 20, 3, 15.4, 1, , , , , , , , , , , , , , , , , , , , , , , ,Low level centre apparent on visible satellite imagery.,2021-01-23 00:00:00,7.7,27.720000000000002,A
noname ,AU202021_08U,2021-01-23 06:00,L, 2, 2, 20,-23.2,124.0, 4, 56, , , , , ,998.0, , 9, 8, , , , , , , , , , , , , , , , , , , , , , , , , , , , , 10,7.7, 5.1, 20, 3, 15.4, 1, , , , , , , , , , , , , , , , , , , , , , , ,Low level centre apparent on visible satellite imagery.,2021-01-23 06:00:00,7.7,27.720000000000002,A
noname ,AU202021_12U,2021-01-28 00:00,L, 2, 2, 20,-15.15,127.71, 6, 56, , , , , ,998.0, , 7, 40, 1006, , 185, , , , , , , , , , , , , , , , , , , , , , , , , , 10,7.7, , 6, 3, 23.2, , , , , , , , , , , , , , , , , , , , , , , , ,using Wyndham obs and radar but signature poor,2021-01-28 00:00:00,7.7,27.720000000000002,A
noname ,AU202021_12U,2021-01-28 06:00,L, 2, 2, 20,-15.17,127.25, 6, 56, , , , , ,998.0, , 7, 40, 1006, , 185, , , , , , , , , , , , , , , , , , , , , , , , , , 10,7.7, , 6, 3, 23.2, , , , , , , , , , , , , , , , , , , , , , , , ,,2021-01-28 06:00:00,7.7,27.720000000000002,A
noname ,AU202021_12U,2021-01-28 12:00,L, 2, 2, 20,-15.2,126.8, 6, 56, , , , , ,996.0, , 7, 40, 1006, , 185, , , , , , , , , , , , , , , , , , , , , , , , , , 10,7.7, , 6, 3, 23.2, , , , , , , , , , , , , , , , , , , , , , , , ,using Wyndham radar but signature poor,2021-01-28 12:00:00,7.7,27.720000000000002,A
noname ,AU202021_12U,2021-01-28 18:00,L, 2, 2, 20,-15.5,126.9, 6, 56, , , , , ,996.0, , 7, 40, 1006, , 185, , , , , , , , , , , , , , , , , , , , , , , , , , 10,7.7, , 6, 3, 23.2, , , , , , , , , , , , , , , , , , , , , , , , ,Wyndham radar cobined with microwave pass over land,2021-01-28 18:00:00,7.7,27.720000000000002,A
noname ,AU202021_12U,2021-01-29 00:00,L, 2, 2, 20,-16.2,126.3, 3, 56, , , , , ,996.0, , 7, 40, 1002, , 185, , , , , , , , , , , , , , , , , , , , , , , , , , 10,7.7, , 6, 3, 23.2, , , , , , , , , , , , , , , , , , , , , , , , ,,2021-01-29 00:00:00,7.7,27.720000000000002,A
noname ,AU202021_12U,2021-01-29 06:00,L, 2, 2, 20,-16.3,126.0, 11, 56, , , , , ,996.0, , 7, 40, 1002, , 185, , , , , , , , , , , , , , , , , , , , , , , , , , 10,7.7, , 6, 3, 23.2, , , , , , , , , , , , , , , , , , , , , , , , ,,2021-01-29 06:00:00,7.7,27.720000000000002,A
noname ,AU202021_12U,2021-01-29 12:00,L, 2, 2, 20,-16.57,125.78, 3, 56, , , , , ,996.0, , 7, 40, 1002, , 185, , , , , , , , , , , , , , , , , , , , , , , , , , 10,7.7, , 6, 3, 23.2, , , , , , , , , , , , , , , , , , , , , , , , ,,2021-01-29 12:00:00,7.7,27.720000000000002,A
noname ,AU202021_12U,2021-01-29 18:00,L, 2, 2, 20,-16.85,125.56, 11, 56, , , , , ,996.0, , 7, 40, 1002, , 185, , , , , , , , , , , , , , , , , , , , , , , , , , 10,7.7, , 6, 3, 23.2, , , , , , , , , , , , , , , , , , , , , , , , ,,2021-01-29 18:00:00,7.7,27.720000000000002,A
noname ,AU202021_12U,2021-01-30 00:00,L, 2, 2, 20,-17.12,125.4, 11, 56, , , , , ,994.0, , 7, 40, 1002, , 185, , , , , , , , , , , , , , , , , , , , , , , , , , 10,10.3, , 6, 3, 23.2, , , , , , , , , , , , , , , , , , , , , , , , ,,2021-01-30 00:00:00,10.3,37.080000000000005,A
noname ,AU202021_12U,2021-01-30 06:00,L, 2, 2, 20,-17.6,124.8, 3, 56, , , , , ,994.0, , 7, 40, 1002, , 185, , , , , , , , , , , , , , , , , , , , , , , , , , 10,10.3, , 6, 3, 23.2, , , , , , , , , , , , , , , , , , , , , , , , ,,2021-01-30 06:00:00,10.3,37.080000000000005,A
noname ,AU202021_12U,2021-01-30 12:00,L, 2, 2, 20,-18.2,124.45, 3, 56, , , , , ,994.0, , 7, 40, 1002, , 185, , , , , , , , , , , , , , , , , , , , , , , , , , 10,10.3, , 6, 3, 23.2, , , , , , , , , , , , , , , , , , , , , , , , ,,2021-01-30 12:00:00,10.3,37.080000000000005,A
noname ,AU202021_12U,2021-01-30 18:00,L, 2, 2, 20,-18.8,124.1, 11, 56, , , , , ,994.0, , 7, 40, 1002, , 259, , , , , , , , , , , , , , , , , , , , , , , , , , 10,10.3, , 6, 3, 23.2, , , , , , , , , , , , , , , , , , , , , , , , ,,2021-01-30 18:00:00,10.3,37.080000000000005,A
noname ,AU202021_12U,2021-01-31 00:00,L, 2, 2, 20,-19.7,123.2, 3, 56, , , , , ,996.0, , 7, 40, 1004, , 333, , , , , , , , , , , , , , , , , , , , , , , , , , 10,10.3, , 6, 3, 23.2, , , , , , , , , , , , , , , , , , , , , , , , ,,2021-01-31 00:00:00,10.3,37.080000000000005,A
noname ,AU202021_12U,2021-01-31 06:00,L, 2, 2, 20,-20.3,122.7, 3, 56, , , , , ,996.0, , 7, 40, 1002, , 222, , , , , , , , , , , , , , , , , , , , , , , , , , 10,10.3, , 6, 3, 23.2, , , , , , , , , , , , , , , , , , , , , , , , ,,2021-01-31 06:00:00,10.3,37.080000000000005,A
noname ,AU202021_12U,2021-01-31 12:00,L, 2, 2, 20,-20.8,121.8, 11, 56, , , , , ,994.0, , 7, 40, 1000, , 148, , , , , , , , , , , , , , , , , , , , , , , , , , 10,10.3, , 6, 3, 23.2, , , , , , , , , , , , , , , , , , , , , , , , ,,2021-01-31 12:00:00,10.3,37.080000000000005,A
noname ,AU202021_12U,2021-01-31 18:00,L, 2, 2, 20,-20.7,120.5, 6, 37, , , , , ,994.0, , 7, 40, 1000, , 185, , , , , , , , , , , , , , , , , , , , , , , , , , 10,15.4, , 6, 3, 23.2, , , , , , , , , , , , , , , , , , , , , , , , ,using YPPD obs to estimate mean wind and pressure,2021-01-31 18:00:00,15.4,55.440000000000005,A
noname ,AU202021_12U,2021-02-01 00:00,L, 2, 2, 20,-20.7,119.4, 6, 19, , , , , ,992.0, , 7, 40, 1002, , 222, , , , , , , , , , , , , , , , , , , , , , , , , , 10,15.4, , 6, 3, 23.2, , , , , , , , , , , , , , , , , , , , , , , , ,,2021-02-01 00:00:00,15.4,55.440000000000005,A
noname ,AU202021_12U,2021-02-01 06:00,L, 2, 2, 20,-20.5,119.2, 6, 9, , , , , ,992.0, , 7, 40, 1002, , 222, , , , , , , , , , , , , , , , , , , , , , , , , , 10,15.4, , 6, 3, 23.2, , , , , , , , , , , , , , , , , , , , , , , , ,,2021-02-01 06:00:00,15.4,55.440000000000005,A
noname ,AU202021_12U,2021-02-01 12:00,L, 2, 2, 20,-21.1,118.2, 6, 9, , , , , ,992.0, , 7, 40, 1000, , 185, , , , , , , , , , , , , , , , , , , , , , , , , , 10,15.4, , 6, 3, 23.2, , , , , , , , , , , , , , , , , , , , , , , , ,,2021-02-01 12:00:00,15.4,55.440000000000005,A
noname ,AU202021_12U,2021-02-01 18:00,L, 2, 2, 20,-21.5,117.2, 6, 9, , , , , ,992.0, , 7, 40, 1000, , 185, , , , , , , , , , , , , , , , , , , , , , , , , , 10,15.4, , 6, 3, 23.2, , , , , , , , , , , , , , , , , , , , , , , , ,,2021-02-01 18:00:00,15.4,55.440000000000005,A
noname ,AU202021_12U,2021-02-02 00:00,L, 2, 2, 20,-22.0,116.2, 6, 19, , , , , ,992.0, , 7, 40, 1000, , 185, , , , , , , , , , , , , , , , , , , , , , , , , , 10,15.4, , 6, 3, 23.2, , , , , , , , , , , , , , , , , , , , , , , , ,,2021-02-02 00:00:00,15.4,55.440000000000005,A
noname ,AU202021_12U,2021-02-02 06:00,L, 2, 2, 20,-22.8,115.8, 3, 37, , , , , ,992.0, , 7, 40, 1000, , 185, , , , , , , , , , , , , , , , , , , , , , , , , , 10,15.4, , 6, 3, 23.2, , , , , , , , , , , , , , , , , , , , , , , , ,,2021-02-02 06:00:00,15.4,55.440000000000005,A
noname ,AU202021_12U,2021-02-02 12:00,L, 2, 2, 20,-23.7,115.1, 6, 19, , , , , ,992.0, , 7, 40, 1000, , 185, , , , , , , , , , , , , , , , , , , , , , , , , , 10,15.4, , 6, 3, 23.2, , , , , , , , , , , , , , , , , , , , , , , , ,,2021-02-02 12:00:00,15.4,55.440000000000005,A
noname ,AU202021_12U,2021-02-02 18:00,L, 2, 2, 20,-23.9,114.4, 6, 19, , , , , ,992.0, , 7, 40, 1000, , 185, , , , , , , , , , , , , , , , , , , , , , , , , , 10,15.4, , 6, 3, 23.2, , , , , , , , , , , , , , , , , , , , , , , , ,,2021-02-02 18:00:00,15.4,55.440000000000005,A
noname ,AU202021_12U,2021-02-03 00:00,L, 2, 2, 20,-23.6,114.4, 6, 19, , , , , ,992.0, , 7, 40, 1000, , 185, , , , , , , , , , , , , , , , , , , , , , , , , , 10,15.4, , 6, 3, 23.2, , , , , , , , , , , , , , , , , , , , , , , , ,,2021-02-03 00:00:00,15.4,55.440000000000005,A
noname ,AU202021_12U,2021-02-03 06:00,L, 2, 2, 20,-23.8,114.4, 6, 19, , , , , ,992.0, , 7, 40, 1000, , 185, , , , , , , , , , , , , , , , , , , , , , , , , , 10,15.4, , 6, 3, 23.2, , , , , , , , , , , , , , , , , , , , , , , , ,,2021-02-03 06:00:00,15.4,55.440000000000005,A
noname ,AU202021_12U,2021-02-03 12:00,L, 2, 2, 20,-23.7,114.5, 6, 19, , , , , ,992.0, , 7, 40, 1000, , 185, , , , , , , , , , , , , , , , , , , , , , , , , , 10,15.4, , 6, 3, 23.2, , , , , , , , , , , , , , , , , , , , , , , , ,,2021-02-03 12:00:00,15.4,55.440000000000005,A
noname ,AU202021_12U,2021-02-03 18:00,L, 2, 2, 20,-23.1,114.6, 6, 37, , , , , ,992.0, , 7, 40, 1000, , 185, , , , , , , , , , , , , , , , , , , , , , , , , , 10,15.4, , 6, 3, 23.2, , , , , , , , , , , , , , , , , , , , , , , , ,,2021-02-03 18:00:00,15.4,55.440000000000005,A
noname ,AU202021_12U,2021-02-04 00:00,L, 2, 2, 20,-24.3,114.1, 3, 19, , , , , ,990.0, , 7, 40, 1000, , 185, , , , , , , , , , , , , , , , , , , , , , , , , , 10,15.4, , 6, 3, 23.2, , , , , , , , , , , , , , , , , , , , , , , , ,,2021-02-04 00:00:00,15.4,55.440000000000005,A
noname ,AU202021_12U,2021-02-04 06:00,L, 2, 2, 20,-24.4,113.6, 3, 19, , , , , ,990.0, , 7, 40, 1000, , 185, , , , , , , , , , , , , , , , , , , , , , , , , , 10,15.4, , 6, 3, 23.2, , , , , , , , , , , , , , , , , , , , , , , , ,,2021-02-04 06:00:00,15.4,55.440000000000005,A
noname ,AU202021_12U,2021-02-04 12:00,L, 2, 4, 20,-24.6,113.4, 6, 28, , , , , ,992.0, , 7, 40, 1000, , 222, , , , , , , , , , , , , , , , , , , , , , , , , , 10,15.4, , 6, 3, 23.2, , , , , , , , , , , , , , , , , , , , , , , , ,,2021-02-04 12:00:00,15.4,55.440000000000005,A
noname ,AU202021_12U,2021-02-04 18:00,L, 2, 1, 20,-24.6,113.0, 11, 28, , , , , ,992.0, , 7, 40, 1000, , 222, , , , , , , , , , , , , , , , , , , , , , , , , , 10,15.4, , 6, 3, 23.2, , , , , , , , , , , , , , , , , , , , , , , , ,,2021-02-04 18:00:00,15.4,55.440000000000005,A
noname ,AU202021_12U,2021-02-05 00:00,L, 2, 1, 20,-25.0,112.3, 3, 19, , , , , ,994.0, , 7, 40, 1000, , 222, , , , , , , , , , , , , , , , , , , , , , , , , , 10,15.4, , 6, 3, 23.2, , , , , , , , , , , , , , , , , , , , , , , , ,clearly exposed low level centre,2021-02-05 00:00:00,15.4,55.440000000000005,A
noname ,AU202021_12U,2021-02-05 06:00,L, 2, 1, 20,-24.9,112.0, 3, 19, , , , , ,994.0, , 7, 40, 1000, , 222, , , , , , , , , , , , , , , , , , , , , , , , , , 10,15.4, , 6, 3, 23.2, , , , , , , , , , , , , , , , , , , , , , , , ,,2021-02-05 06:00:00,15.4,55.440000000000005,A
noname ,AU202021_12U,2021-02-05 12:00,L, 2, 1, 21,-25.0,112.8, 11, 28, , , , , ,992.0, , 7, 40, 1000, , 222, , , , , 407, , , , , , , , , , , , 185, , , , , 10, 10, , , 10,18.0, , 11, 3, 25.7, , , , , , , , , , , , , , , , , , , , , , , , ,,2021-02-05 12:00:00,18.0,64.8,A
noname ,AU202021_12U,2021-02-05 18:00,L, 2, 1, 21,-25.1,112.8, 3, 28, , , , , ,992.0, , 7, 40, 1000, , 222, , , , , 407, , , , , , , , , , , , 185, , , , , 10, 10, , , 10,18.0, , 11, 3, 25.7, , , , , , , , , , , , , , , , , , , , , , , , ,,2021-02-05 18:00:00,18.0,64.8,A
noname ,AU202021_12U,2021-02-06 00:00,L, 2, 1, 21,-26.4,113.1, 3, 19, , , , , ,992.0, , 7, 40, 1002, , 278, , , , , 407, , , , , , , , , , , , 74, , , , , 10, 10, , , 10,18.0, , 11, 3, 25.7, , , , , , , , , , , , , , , , , , , , , , , , ,,2021-02-06 00:00:00,18.0,64.8,A
noname ,AU202021_12U,2021-02-06 06:00,L, 2, 1, 21,-27.1,113.4, 3, 19, , , , , ,992.0, , 7, 40, 1002, , 278, , , , , 407, , , , , , , , , , , , 74, , , , , 10, 10, , , 10,18.0, , 11, 3, 25.7, , , , , , , , , , , , , , , , , , , , , , , , ,,2021-02-06 06:00:00,18.0,64.8,A
noname ,AU202021_12U,2021-02-06 12:00,L, 2, 1, 21,-28.0,113.8, 3, 37, , , , , ,992.0, , 7, 40, 998, , 167, , , , , 333, , , , , , , , , , , , 74, , , , , 10, 10, , , 10,18.0, , 11, 3, 25.7, , , , , , , , , , , , , , , , , , , , , , , , ,,2021-02-06 12:00:00,18.0,64.8,A
noname ,AU202021_12U,2021-02-06 18:00,L, 2, 1, 21,-29.3,114.2, 11, 19, , , , , ,992.0, , 7, 40, 998, , 167, , , , , 333, , , , , , , , , , , , 130, , , , , 10, 10, , , 10,18.0, , 11, 3, 25.7, , , , , , , , , , , , , , , , , , , , , , , , ,,2021-02-06 18:00:00,18.0,64.8,A
noname ,AU202021_12U,2021-02-07 00:00,L, 2, 1, 21,-30.3,114.7, 3, 28, , , , , ,992.0, , 7, 40, 1000, , 167, , , , , 333, , , , , , , , , , , , 130, , , , , 10, 10, , , 10,18.0, , 11, 3, 25.7, , , , , , , , , , , , , , , , , , , , , , , , ,,2021-02-07 00:00:00,18.0,64.8,A
noname ,AU202021_12U,2021-02-07 06:00,L, 2, 1, 21,-31.4,115.1, 3, 28, , , , , ,990.0, , 7, 40, 1000, , 167, , , , , 333, , , , , , , , , , , , 130, , , , , 20, 10, , , 10,18.0, , 6, 3, 25.7, , , , , , , , , , , , , , , , , , , , , , , , ,,2021-02-07 06:00:00,18.0,64.8,A
noname ,AU202021_12U,2021-02-07 12:00,L, 2, 3, 21,-32.6,115.8, 3, 37, , , , , ,992.0, , 7, 40, 1000, , 130, , , , , 222, , , , , , , , , , , , 130, , , , , 10, 10, , , 10,18.0, , 11, 3, 23.2, , , , , , , , , , , , , , , , , , , , , , , , ,,2021-02-07 12:00:00,18.0,64.8,A
noname ,AU202021_12U,2021-02-07 18:00,L, 2, 4, 21,-34.0,115.9, 3, 37, , , , , ,994.0, , 7, 40, 998, , 120, , , , , 333, , , , , , , , , , , , 130, , , , , , 10, , , 10,18.0, , , 3, 23.2, , , , , , , , , , , , , , , , , , , , , , , , ,,2021-02-07 18:00:00,18.0,64.8,A
noname ,AU202021_12U,2021-02-08 00:00,L, 2, 1, 21,-35.5,116.2, 10, 37, , , , , ,994.0, , 7, 40, 998, , 120, , , , , 222, , , , , , , , , , , , 111, , , , , 10, 10, , , 10,18.0, , , 3, 23.2, , , , , , , , , , , , , , , , , , , , , , , , ,,2021-02-08 00:00:00,18.0,64.8,A
Anika ,AU202122_23U,2022-02-24 00:00,T, 20, 1, 20,-12.7,128.7, 10, 37, 1.5, , , 1.5, 1.5,1004.0, , 5, 8, 1008, , 130, , , , , , , , , , , , , , , , , , , , , , , , , , ,12.9, , 11, , 23.2, 1, , , , , , , , , , , , , , , , , , , , , , , ,Position based on ASCAT B+C; and Wyndham radar. Good confidence in position and intensity,2022-02-24 00:00:00,12.9,46.440000000000005,A
Anika ,AU202122_23U,2022-02-24 06:00,T, 20, 1, 20,-12.8,128.4, 11, 37, 1.5, , , 1.5, 1.5,1002.0, , 5, 8, 1008, , 167, , , , , , , , , , , , , , , , , , , , , , , , , , ,12.9, , 11, , 23.2, 1, , , , , , , , , , , , , , , , , , , , , , , ,Position based on Wyndham radar and consistent with 0734 GMI and 0801 SSMIS,2022-02-24 06:00:00,12.9,46.440000000000005,A
Anika ,AU202122_23U,2022-02-24 12:00,T, 20, 1, 20,-12.6,127.9, 10, 37, 1.5, , , 1.5, 1.5,1001.0, , 5, 8, 1006, , 167, , , , , , , , , , , , , , , , , , , , , , , , , , ,12.9, , 11, , 23.2, 1, , , , , , , , , , , , , , , , , , , , , , , ,Position based on (poor) Wyndham radar as ASCAT B+C. Fair to good confidence in position and intensity.,2022-02-24 12:00:00,12.9,46.440000000000005,A
Anika ,AU202122_23U,2022-02-24 18:00,T, 20, 1, 20,-12.4,127.7, 11, 37, , 1.5, 1.5, 1.5, 1.5,998.0, , 5, 8, 1006, , 185, , , , , , , , , , , , , , , , , , , , , , , , , , ,15.4, , 11, , 23.2, 1, , , , , , , , , , , , , , , , , , , , , , , ,Position based on 1900 GMI and 1931 SSMIS. Consistent with Wyndham radar,2022-02-24 18:00:00,15.4,55.440000000000005,A
Anika ,AU202122_23U,2022-02-25 00:00,T, 20, 1, 20,-12.4,127.8, 11, 56, , 2.5, 2, 2, 2,998.0, , 5, 8, 1006, , 185, , , , , , , , , , , , , , , , , , , , , , , , , , ,15.4, , 11, , 23.2, 1, , , , , , , , , , , , , , , , , , , , , , , ,Position based on 2125 SSMIS with extrapolation. No good coverage on Wyndham radar.,2022-02-25 00:00:00,15.4,55.440000000000005,A
Anika ,AU202122_23U,2022-02-25 06:00,T, 20, 1, 20,-12.5,127.8, 11, 37, 3, 2.5, 2.5, 2.5, 2.5,997.0, , 5, 8, 1006, , 222, , , , , , , , , , , , , , , , , , , , , , , , , , ,15.4, , 11, , 23.2, 1, , , , , , , , , , , , , , , , , , , , , , , ,Position consistent with 0748 SSMIS,2022-02-25 06:00:00,15.4,55.440000000000005,A
Anika ,AU202122_23U,2022-02-25 12:00,T, 20, 1, 21,-12.7,127.6, 6, 37, 3.5, 2.5, 2.5, 2.5, 2.5,995.0, , 5, 8, 1006, , 222, , , , , , 111, , , , , , , , , , , , , , , , , , , , ,18.0, , 11, , 25.7, 1, , , , , , , , , , , , , , , , , , , , , , , ,Significant improvement on sat imagery compared to 06Z. Not enough evidence for gales more than 50% around; so not yet a TC.,2022-02-25 12:00:00,18.0,64.8,A
Anika ,AU202122_23U,2022-02-25 15:00,T, 20, 1, 30,-12.8,127.6, 6, 28, 3, 2.5, 3, 3, 3,995.0, , 5, 8, 1006, , 222, , , 111, 93, 111, 130, , , , , , , , , , , 46, , , , , 10, , , , ,18.0, , 11, , 25.7, 1, , , , , , , , , , , , , , , , , , , , , , , ,TC named; confimed by 1615 HY-2B,2022-02-25 15:00:00,18.0,64.8,A
Anika ,AU202122_23U,2022-02-25 18:00,T, 20, 1, 30,-12.9,127.6, 6, 28, 3, 2.5, 3, 3, 3,990.0, , 5, 8, 1006, , 222, , , 111, 93, 111, 130, , , , , , , , , , , 37, , , , , 10, , , , ,23.2, , 11, , 33.4, 1, , , , , , , , , , , , , , , , , , , , , , , ,TC confirmed by 1615 HY-2B (small area of gales have developed on the southern side to go with northern semicircle gales). Consistent with dvorak analysis,2022-02-25 18:00:00,23.2,83.52,A
Anika ,AU202122_23U,2022-02-26 00:00,T, 20, 1, 30,-12.9,127.5, 10, 28, 3.5, 3, 3, 3, 3,988.0, , 5, 8, 1004, , 222, , , 111, 93, 111, 111, , , , , , , , , , , 37, , , , , 10, , , , ,23.2, , 11, , 33.4, 1, , , , , , , , , , , , , , , , , , , , , , , ,Position; intensity and wind structure from 0024 ASCAT-B,2022-02-26 00:00:00,23.2,83.52,A
Anika ,AU202122_23U,2022-02-26 06:00,T, 20, 1, 30,-13.4,127.5, 6, 28, 3.5, 3.5, 3.5, 3.5, 3.5,986.0, , 5, 8, 1004, , 222, , , 111, 111, 130, 148, , 56, , , 74, , , , , , 46, , , , , 3, , , , ,25.7, , 11, , 33.4, 1, , , , , , , , , , , , , , , , , , , , , , , ,Position based on Wyndham radar and 0725 GMI,2022-02-26 06:00:00,25.7,92.52,A
Anika ,AU202122_23U,2022-02-26 12:00,T, 20, 3, 30,-13.85,127.1, 6, 19, 3.5, 3, 3.5, 3.5, 3.5,986.0, , 7, 8, 1006, , 259, , , 111, 74, 37, 148, , 56, , , 56, , , , , , 37, , , , , 3, , , , ,25.7, , 11, , 36, 1, , , , , , , , , , , , , , , , , , , , , , , ,Storm force winds on 1256 ASCAT-B; consistent with improved structure on radar and dvorak estimate.,2022-02-26 12:00:00,25.7,92.52,A
Anika ,AU202122_23U,2022-02-26 18:00,T, 20, 2, 81,-14.25,126.7, 6, 28, , , , , ,988.0, , 7, 8, 1004, , 185, , , 93, , , 130, , , , , , , , , , , , , , , , , , , , ,20.6, , 20, , 28.3, 1, , , , , , , , , , , , , , , , , , , , , , , ,No gales observed at Kalumburu and Truscott; and no evidence of gales on the southern side. No longer a TC.,2022-02-26 18:00:00,20.6,74.16000000000001,A
Anika ,AU202122_23U,2022-02-27 00:00,T, 20, 2, 81,-14.3,126.6, 6, 28, , , , , ,993.0, , 7, 8, 1006, , 185, , , 93, , , 148, , , , , , , , , , , , , , , , , , , , ,20.6, , 20, , 28.3, 1, , , , , , , , , , , , , , , , , , , , , , , ,Radar significant deteriorated and no gales obs over land. Gales continue in the northern semicircle over water,2022-02-27 00:00:00,20.6,74.16000000000001,A
Anika ,AU202122_23U,2022-02-27 06:00,T, 20, 2, 81,-14.45,126.4, 6, 46, , , , , ,992.0, , 5, 8, 1002, , 185, , , , , , 111, , , , , , , , , , , , , , , , , , , , ,18.0, , 20, , 25.7, 1, , , , , , , , , , , , , , , , , , , , , , , ,Maintained gales over water in the NW quadrant; consistent with model guidance and to maintain continuity with observed gales at 00Z Feb 28,2022-02-27 06:00:00,18.0,64.8,A
Anika ,AU202122_23U,2022-02-27 12:00,T, 20, 2, 81,-14.9,126.0, 6, 56, , , , , ,994.0, , 5, 8, 1006, , 222, , , , , , 111, , , , , , , , , , , , , , , , , , , , ,18.0, , 20, , 23.2, 1, , , , , , , , , , , , , , , , , , , , , , , ,Maintained gales over water in the NW quadrant; consistent with model guidance and to maintain continuity with observed gales at 00Z Feb 28,2022-02-27 12:00:00,18.0,64.8,A
Anika ,AU202122_23U,2022-02-27 18:00,T, 20, 2, 81,-15.5,125.5, 11, 56, , , , , ,996.0, , 5, 8, 1004, , 167, , , , , , 111, , , , , , , , , , , , , , , , , , , , ,18.0, , 11, , 23.2, 1, , , , , , , , , , , , , , , , , , , , , , , ,Maintained gales over water in the NW quadrant; consistent with model guidance and to maintain continuity with observed gales at 00Z Feb 28,2022-02-27 18:00:00,18.0,64.8,A
Anika ,AU202122_23U,2022-02-28 00:00,T, 20, 2, 81,-15.6,125.1, 11, 56, , , , , ,997.0, , 5, 8, 1004, , 167, , , , , , 111, , , , , , , , , , , , , , , , , , , , ,18.0, , 11, , 23.2, 1, , , , , , , , , , , , , , , , , , , , , , , ,Gales still observed in NW quadrant (over water) on 0124 ASCAT-B,2022-02-28 00:00:00,18.0,64.8,A
Anika ,AU202122_23U,2022-02-28 06:00,T, 20, 2, 80,-16.0,124.9, 3, 56, , , , , ,996.0, , 5, 8, 1006, , 204, , , , , , , , , , , , , , , , , , , , , , , , , , ,15.4, , 20, , 23.2, 1, , , , , , , , , , , , , , , , , , , , , , , ,No evidence for gales in NW quadrant.,2022-02-28 06:00:00,15.4,55.440000000000005,A
Anika ,AU202122_23U,2022-02-28 12:00,T, 20, 2, 80,-16.5,124.2, 6, 37, , , , , ,998.0, , 5, 8, 1006, , 185, , , , , , , , , , , , , , , , , , , , , , , , , , ,12.9, , 20, , 23.2, 1, , , , , , , , , , , , , , , , , , , , , , , ,No evidence for gales,2022-02-28 12:00:00,12.9,46.440000000000005,A
Anika ,AU202122_23U,2022-02-28 18:00,T, 20, 4, 20,-16.7,123.6, 6, 56, 1.5, , , 1.5, 1.5,998.0, , 5, 8, 1006, , 185, , , , , , , , , , , , , , , , , , , , , , , , , , ,12.9, , 20, , 23.2, 1, , , , , , , , , , , , , , , , , , , , , , , ,No evidence for gales. Mid level circ displaced long distance south of surface circ.,2022-02-28 18:00:00,12.9,46.440000000000005,A
Anika ,AU202122_23U,2022-03-01 00:00,T, 20, 4, 20,-16.7,122.55, 6, 56, 1.5, , , 1.5, 1.5,997.0, , 7, 8, 1004, , 222, , , , , , , , , , , , , , , , , , , , , , , , , , ,12.9, , 11, , 23.2, 1, , , , , , , , , , , , , , , , , , , , , , , ,Passed south of Lombadina at 22Z; no strong winds; lowest pressure 998.8,2022-03-01 00:00:00,12.9,46.440000000000005,A
Anika ,AU202122_23U,2022-03-01 06:00,T, 20, 1, 20,-17.0,122.15, 6, 56, 2.5, , , 1.5, 1.5,996.0, , 5, 8, 1002, , 167, , , , , , , , , , , , , , , , , , , , , , , , , , ,15.4, , 11, , 23.2, 1, , , , , , , , , , , , , , , , , , , , , , , ,Surafce circ weak and ill-defined. Mid level circ down near Broome.,2022-03-01 06:00:00,15.4,55.440000000000005,A
Anika ,AU202122_23U,2022-03-01 12:00,T, 20, 1, 20,-17.4,122.0, 6, 37, 3, , , 2, 2,995.0, , 5, 8, 1002, , 185, , , , , , , , , , , , , , , , , , , , , , , , , , ,15.4, , 11, , 23.2, 1, , , , , , , , , , , , , , , , , , , , , , , ,Mid level circ south of Broome; surface circ still to the NNW.,2022-03-01 12:00:00,15.4,55.440000000000005,A
Anika ,AU202122_23U,2022-03-01 18:00,T, 20, 1, 20,-18.2,121.95, 6, 37, 3, 2.5, 2.5, 2.5, 2.5,992.0, , 7, 8, 1002, , 148, , , , , , , , , , , , , , , , , , , , , , , , , , ,15.4, , 11, , 23.2, 1, , , , , , , , , , , , , , , , , , , , , , , ,Convection still south of LLCC; but improving,2022-03-01 18:00:00,15.4,55.440000000000005,A
Anika ,AU202122_23U,2022-03-02 00:00,T, 20, 1, 21,-18.9,121.0, 6, 37, 3, 3, 2.5, 2.5, 2.5,993.0, , 5, 8, 1002, , 148, , , , 56, 93, , , , , , , , , , , , , , , , , , , , , ,18.0, , 11, , 25.7, 1, , , , , , , , , , , , , , , , , , , , , , , ,Low-level centre moving closer to convection and improving rapidly. Gales observed on southern side,2022-03-02 00:00:00,18.0,64.8,A
Anika ,AU202122_23U,2022-03-02 06:00,T, 20, 1, 30,-19.5,120.6, 6, 56, 3, 3, 3, 3, 3,986.0, , 7, 8, 1000, , 148, , , , 37, 56, 56, , , , , , , , , , , 28, , , , , 10, , , , ,20.6, 0, 11, , 28.3, 1, 0, , , 0, , , 0, 0, 0, , 0, 0, 0, , , , 0, 0, 0, 0, , 0, 0,Convection and radar signature indicates gales may have wrapped around to the north. Back at TC intensity.,2022-03-02 06:00:00,20.6,74.16000000000001,A
Anika ,AU202122_23U,2022-03-02 12:00,T, 20, 3, 30,-19.75,120.53, 6, 28, 3.5, 3.5, 3.5, 3.5, 3.5,978.0, , 7, 8, 1000, , 130, , , 56, 37, 56, 74, , 28, , , 28, , , , , , 22, , , , , 5, , , , ,25.7, , 11, , 36, 1, , , , , , , , , , , , , , , , , , , , , , , ,Landfall; Mandora 980.0hPa at 1350UTC. Good eye on Broome and Port Hedland radars; huge improvement on 06Z. 45-50kt on 1313Z ASCAT-B,2022-03-02 12:00:00,25.7,92.52,A
Anika ,AU202122_23U,2022-03-02 18:00,T, 20, 2, 30,-20.2,121.0, 6, 28, , , , , ,982.0, , 5, 8, 1000, , , , , 56, 56, 56, 46, , , , , , , , , , , 22, , , , , 5, , , , ,20.6, , 20, , 28.3, 1, , , , , , , , , , , , , , , , , , , , , , , ,Still looks like an eye on Broome radar; but structure deteriorating. Minatain TC intensity.,2022-03-02 18:00:00,20.6,74.16000000000001,A
Anika ,AU202122_23U,2022-03-03 00:00,T, 20, 2, 30,-21.0,121.6, 1, 37, , , , , ,982.0, , 5, 8, 1000, , , , , 56, 56, 37, , , , , , , , , , , , 28, , , , , 20, , , , ,20.6, , 20, , 28.3, 1, , , , , , , , , , , , , , , , , , , , , , , ,Still good microwave structure on 2150 SSMIS; and based on 06Z estimate; maintained TC intensity.,2022-03-03 00:00:00,20.6,74.16000000000001,A
Anika ,AU202122_23U,2022-03-03 06:00,T, 20, 2, 30,-22.1,122.1, 11, 56, , , , , ,986.0, , 7, 8, 1000, , , , , 37, 56, 37, , , , , , , , , , , , 28, , , , , 20, , , , ,20.6, , 7, , 28.3, 1, , , , , , , , , , , , , , , , , , , , , , , ,Gales observed at Telfer prior to this time; in the SE and NE quadrant. Microwave signature indicates gales may also be in SW quadrant; TC intensity maintained.,2022-03-03 06:00:00,20.6,74.16000000000001,A
Anika ,AU202122_23U,2022-03-03 12:00,T, 20, 2, 81,-22.7,122.9, 11, 83, , , , , ,988.0, , 5, 8, 1002, , , , , , 74, 74, , , , , , , , , , , , , , , , , , , , , ,18.0, , 20, , 25.7, 1, 27.8, , , , , , , , , , , , , , , , , , , , , , ,Significant deterioration in structure on 1022Z SSMIS. System below TC intensity and rapidly deteriorating,2022-03-03 12:00:00,18.0,64.8,A
Anika ,AU202122_23U,2022-03-03 18:00,T, 20, 2, 80,-22.7,123.4, 1, 111, , , , , ,999.0, , 5, 8, 1004, , , , , , , , , , , , , , , , , , , , , , , , , , , , ,15.4, , 20, , 23.2, 1, , , , , , , , , , , , , , , , , , , , , , , ,Low level circulation may be falling about as upper clouds shear off.,2022-03-03 18:00:00,15.4,55.440000000000005,A
Anika ,AU202122_23U,2022-03-04 00:00,T, 20, 2, 60,-22.7,123.9, 3, 37, , , , , ,1001.0, , 5, 8, 1006, , , , , , , , , , , , , , , , , , , , , , , , , , , , ,12.9, , 20, , 23.2, 1, , , , , , , , , , , , , , , , , , , , , , , ,Weak low level circ on VIS imagery; dissipates by 0200Z.,2022-03-04 00:00:00,12.9,46.440000000000005,A
noname ,AU202223_16U,2023-02-22 14:00,L, 20, 1, 10,-18.5,117.0, 3, 37, , , , , ,1004.0, , 5, 8, 1008, , 148, , , , , , , , , , , , , , , , , , , , , , , , , , 10,5.1, , 11, 3, 23.2, 1, , , , , , , , , , , , , , , , , , , , , , , ,,2023-02-22 14:00:00,5.1,18.36,A
noname ,AU202223_16U,2023-02-22 18:00,L, 20, 1, 20,-18.5,116.88, 3, 37, , , , , ,1004.0, , 5, 8, 1008, , 148, , , , , , , , , , , , , , , , , , , , , , , , , , 10,5.1, , 11, 3, 23.2, 1, , , , , , , , , , , , , , , , , , , , , , , ,,2023-02-22 18:00:00,5.1,18.36,A
noname ,AU202223_16U,2023-02-23 00:00,L, 20, 1, 20,-18.5,116.7, 3, 37, , , , , ,1002.0, , 5, 8, 1006, , 148, , , , , , , , , , , , , , , , , , , , , , , , , , 10,5.1, , 11, 3, 23.2, 1, , , , , , , , , , , , , , , , , , , , , , , ,,2023-02-23 00:00:00,5.1,18.36,A
noname ,AU202223_16U,2023-02-23 06:00,L, 20, 1, 20,-18.3,116.5, 3, 37, , , , , ,1002.0, , 5, 8, 1006, , 241, , , , , , , , , , , , , , , , , , , , , , , , , , 10,5.1, , 20, 3, 23.2, 1, , , , , , , , , , , , , , , , , , , , , , , ,,2023-02-23 06:00:00,5.1,18.36,A
noname ,AU202223_16U,2023-02-23 12:00,L, 20, 1, 20,-18.15,116.58, 3, 56, , , , , ,1001.0, , 5, 8, 1004, , 222, , , , , , , , , , , , , , , , , , , , , , , , , , 10,7.7, , 20, 3, 23.2, 1, , , , , , , , , , , , , , , , , , , , , , , ,,2023-02-23 12:00:00,7.7,27.720000000000002,A
noname ,AU202223_16U,2023-02-23 18:00,L, 20, 1, 20,-18.1,116.7, 3, 74, , , , , ,1001.0, , 5, 8, 1004, , 259, , , , , , , , , , , , , , , , , , , , , , , , , , 10,7.7, , 20, 3, 23.2, 1, , , , , , , , , , , , , , , , , , , , , , , ,,2023-02-23 18:00:00,7.7,27.720000000000002,A
noname ,AU202223_16U,2023-02-24 00:00,L, 20, 1, 20,-18.0,117.0, 3, 37, , , , , ,1001.0, , 5, 8, 1006, , 259, , , , , , , , , , , , , , , , , , , , , , , , , , 10,7.7, , 20, 3, 23.2, 1, , , , , , , , , , , , , , , , , , , , , , , ,,2023-02-24 00:00:00,7.7,27.720000000000002,A
noname ,AU202223_16U,2023-02-24 06:00,L, 20, 1, 20,-17.85,117.07, 3, 56, , , , , ,1001.0, , 5, 8, 1004, , 222, , , , , , , , , , , , , , , , , , , , , , , , , , 10,7.7, , 20, 3, 23.2, 1, , , , , , , , , , , , , , , , , , , , , , , ,,2023-02-24 06:00:00,7.7,27.720000000000002,A
noname ,AU202223_16U,2023-02-24 12:00,L, 20, 1, 20,-17.8,117.2, 3, 46, , , , , ,1003.0, , 5, 8, 1004, , 222, , , , , , , , , , , , , , , , , , , , , , , , , , 10,7.7, , 20, 3, 23.2, 1, , , , , , , , , , , , , , , , , , , , , , , ,,2023-02-24 12:00:00,7.7,27.720000000000002,A
noname ,AU202223_16U,2023-02-24 18:00,L, 20, 1, 20,-17.5,117.5, 3, 74, , , , , ,1003.0, , 5, 8, 1004, , 222, , , , , , , , , , , , , , , , , , , , , , , , , , 10,7.7, , 20, 3, 23.2, 1, , , , , , , , , , , , , , , , , , , , , , , ,,2023-02-24 18:00:00,7.7,27.720000000000002,A
noname ,AU202223_16U,2023-02-25 00:00,L, 20, 1, 20,-17.1,117.7, 3, 74, , , , , ,1002.0, , 5, 8, 1004, , 222, , , , , , , , , , , , , , , , , , , , , , , , , , 10,7.7, , 20, 3, 23.2, 1, , , , , , , , , , , , , , , , , , , , , , , ,,2023-02-25 00:00:00,7.7,27.720000000000002,A
noname ,AU202223_16U,2023-02-25 06:00,L, 20, 1, 20,-16.6,118.3, 3, 74, , , , , ,1003.0, , 5, 8, 1006, , 222, , , , , , , , , , , , , , , , , , , , , , , , , , 10,7.7, , 20, 3, 23.2, 1, , , , , , , , , , , , , , , , , , , , , , , ,,2023-02-25 06:00:00,7.7,27.720000000000002,A
noname ,AU202223_16U,2023-02-25 12:00,L, 20, 1, 20,-16.0,120.1, 3, 56, , , , , ,1003.0, , 5, 8, 1006, , 222, , , , , , , , , , , , , , , , , , , , , , , , , , 10,12.9, , 20, 3, 23.2, 1, , , , , , , , , , , , , , , , , , , , , , , ,,2023-02-25 12:00:00,12.9,46.440000000000005,A
noname ,AU202223_16U,2023-02-25 18:00,L, 20, 1, 20,-15.52,120.4, 3, 56, , , , , ,1002.0, , 5, 8, 1006, , 222, , , , , , , , , , , , , , , , , , , , , , , , , , 10,12.9, , 20, 3, 23.2, 1, , , , , , , , , , , , , , , , , , , , , , , ,,2023-02-25 18:00:00,12.9,46.440000000000005,A
noname ,AU202223_16U,2023-02-26 00:00,L, 20, 1, 20,-14.8,121.28, 3, 46, , , , , ,1001.0, , 5, 8, 1006, , 185, , , , , , , , , , , , , , , , , , , , , , , , , , 10,12.9, , 20, 3, 23.2, 1, , , , , , , , , , , , , , , , , , , , , , , ,,2023-02-26 00:00:00,12.9,46.440000000000005,A
noname ,AU202223_16U,2023-02-26 06:00,L, 20, 1, 20,-14.1,122.5, 3, 56, 2.5, , , 1.5, 1.5,1000.0, , 5, 8, 1006, , 148, , , , , , , , , , , , , , , , , , , , , , , , , , 10,12.9, , 20, 3, 23.2, 1, , , , , , , , , , , , , , , , , , , , , , , ,,2023-02-26 06:00:00,12.9,46.440000000000005,A
noname ,AU202223_16U,2023-02-26 12:00,L, 20, 1, 20,-14.02,122.92, 3, 74, 2, , , 2, 2,998.0, , 5, 8, 1004, , 148, , , , , , , , , , , , , , , , , , , , , , , , , , 10,15.4, , 20, 3, 23.2, 1, , , , , , , , , , , , , , , , , , , , , , , ,,2023-02-26 12:00:00,15.4,55.440000000000005,A
noname ,AU202223_16U,2023-02-26 18:00,L, 20, 1, 20,-13.9,124.0, 3, 83, 2, , , 2, 2,998.0, , 5, 8, 1004, , 148, , , , , , , , , , , , , , , , , , , , , , , , , , 10,15.4, , 20, 3, 23.2, 1, , , , , , , , , , , , , , , , , , , , , , , ,,2023-02-26 18:00:00,15.4,55.440000000000005,A
noname ,AU202223_16U,2023-02-27 00:00,L, 20, 1, 20,-13.7,125.3, 3, 28, 2.5, 2.5, 2.5, 2.5, 2.5,998.0, , 5, 8, 1004, , 148, , , , , , , , , , , , , , , , , , , , , , , , , , 10,15.4, , 20, 3, 23.2, 1, , , , , , , , , , , , , , , , , , , , , , , ,,2023-02-27 00:00:00,15.4,55.440000000000005,A
noname ,AU202223_16U,2023-02-27 06:00,L, 20, 3, 21,-13.9,126.4, 3, 28, , , , , ,995.0, , 5, 8, 1004, , 167, , , 185, , , 222, , , , , , , , , , , , , , , , , , , , 10,20.6, , 7, 3, 28.3, 1, , , , , , , , , , , , , , , , , , , , , , , ,,2023-02-27 06:00:00,20.6,74.16000000000001,A
noname ,AU202223_16U,2023-02-27 12:00,L, 20, 2, 21,-14.5,127.4, 3, 28, , , , , ,995.0, , 5, 8, 1006, , 222, , , 185, , , 222, , , , , , , , , , , , , , , , , , , , 10,20.6, , 7, 3, 28.3, 1, , , , , , , , , , , , , , , , , , , , , , , ,,2023-02-27 12:00:00,20.6,74.16000000000001,A
noname ,AU202223_16U,2023-02-27 18:00,L, 20, 2, 21,-15.0,128.5, 3, 28, , , , , ,994.0, , 5, 8, 1004, , 222, , , 185, , , 222, , , , , , , , , , , , , , , , , , , , 10,18.0, , 11, 3, 25.7, 1, , , , , , , , , , , , , , , , , , , , , , , ,,2023-02-27 18:00:00,18.0,64.8,A
noname ,AU202223_16U,2023-02-28 00:00,L, 20, 2, 80,-15.8,129.5, 3, 28, , , , , ,998.0, , 5, 8, 1006, , 370, , , , , , , , , , , , , , , , , , , , , , , , , , 10,15.4, , 6, 3, 23.2, 1, , , , , , , , , , , , , , , , , , , , , , , ,,2023-02-28 00:00:00,15.4,55.440000000000005,A
noname ,AU202223_16U,2023-02-28 06:00,L, 20, 2, 80,-16.1,129.6, 3, 37, , , , , ,998.0, , 5, 8, 1006, , 370, , , , , , , , , , , , , , , , , , , , , , , , , , 10,12.9, , 6, 3, 23.2, 1, , , , , , , , , , , , , , , , , , , , , , , ,,2023-02-28 06:00:00,12.9,46.440000000000005,A
noname ,AU202223_16U,2023-02-28 12:00,L, 20, 2, 80,-17.0,130.2, 3, 37, , , , , ,998.0, , 5, 8, 1006, , 370, , , , , , , , , , , , , , , , , , , , , , , , , , 10,10.3, , 6, 3, 23.2, 1, , , , , , , , , , , , , , , , , , , , , , , ,,2023-02-28 12:00:00,10.3,37.080000000000005,A
noname ,AU202223_16U,2023-02-28 18:00,L, 20, 2, 80,-17.4,130.9, 3, 46, , , , , ,998.0, , 5, 8, 1006, , 370, , , , , , , , , , , , , , , , , , , , , , , , , , 10,10.3, , 6, 3, 23.2, 1, , , , , , , , , , , , , , , , , , , , , , , ,,2023-02-28 18:00:00,10.3,37.080000000000005,A
noname ,AU202223_16U,2023-03-01 00:00,L, 20, 2, 80,-17.9,131.4, 3, 37, , , , , ,998.0, , 5, 8, 1006, , 370, , , , , , , , , , , , , , , , , , , , , , , , , , 10,10.3, , 6, 3, 23.2, 1, , , , , , , , , , , , , , , , , , , , , , , ,,2023-03-01 00:00:00,10.3,37.080000000000005,A
noname ,AU202223_16U,2023-03-01 06:00,L, 20, 2, 80,-17.8,130.6, 3, 56, , , , , ,998.0, , 5, 8, 1006, , 370, , , , , , , , , , , , , , , , , , , , , , , , , , 10,10.3, , 6, 3, 23.2, 1, , , , , , , , , , , , , , , , , , , , , , , ,,2023-03-01 06:00:00,10.3,37.080000000000005,A
noname ,AU202223_16U,2023-03-01 12:00,L, 20, 2, 80,-17.2,130.7, 3, 74, , , , , ,998.0, , 5, 8, 1004, , 259, , , , , , , , , , , , , , , , , , , , , , , , , , 10,10.3, , 6, 3, 23.2, 1, , , , , , , , , , , , , , , , , , , , , , , ,,2023-03-01 12:00:00,10.3,37.080000000000005,A
noname ,AU202223_16U,2023-03-01 18:00,L, 20, 2, 80,-17.0,131.0, 3, 74, , , , , ,998.0, , 5, 8, 1004, , 278, , , , , , , , , , , , , , , , , , , , , , , , , , 10,10.3, , 6, 3, 23.2, 1, , , , , , , , , , , , , , , , , , , , , , , ,,2023-03-01 18:00:00,10.3,37.080000000000005,A
noname ,AU202223_16U,2023-03-02 00:00,L, 20, 2, 80,-17.1,131.2, 3, 65, , , , , ,998.0, , 5, 8, 1006, , 278, , , , , , , , , , , , , , , , , , , , , , , , , , 10,10.3, , 6, 3, 23.2, 1, , , , , , , , , , , , , , , , , , , , , , , ,,2023-03-02 00:00:00,10.3,37.080000000000005,A
noname ,AU202223_16U,2023-03-02 06:00,L, 20, 2, 80,-17.32,131.9, 3, 74, , , , , ,998.0, , 5, 8, 1004, , 222, , , , , , , , , , , , , , , , , , , , , , , , , , 10,10.3, , 6, 3, 23.2, 1, , , , , , , , , , , , , , , , , , , , , , , ,,2023-03-02 06:00:00,10.3,37.080000000000005,A
noname ,AU202223_16U,2023-03-02 12:00,L, 20, 2, 80,-17.36,132.7, 3, 74, , , , , ,999.0, , 5, 8, 1005, , 296, , , , , , , , , , , , , , , , , , , , , , , , , , 10,7.7, , 6, 3, 23.2, 1, , , , , , , , , , , , , , , , , , , , , , , ,,2023-03-02 12:00:00,7.7,27.720000000000002,A
noname ,AU202223_16U,2023-03-02 18:00,L, 20, 2, 80,-17.4,133.5, 3, 74, , , , , ,1000.0, , 5, 8, 1006, , 370, , , , , , , , , , , , , , , , , , , , , , , , , , 10,7.7, , 6, 3, 23.2, 1, , , , , , , , , , , , , , , , , , , , , , , ,,2023-03-02 18:00:00,7.7,27.720000000000002,A
noname ,AU202223_16U,2023-03-03 00:00,L, 20, 2, 80,-17.3,133.8, 3, 56, , , , , ,1002.0, , 5, 8, 1010, , 519, , , , , , , , , , , , , , , , , , , , , , , , , , 10,7.7, , 6, 3, 20.6, 1, , , , , , , , , , , , , , , , , , , , , , , ,,2023-03-03 00:00:00,7.7,27.720000000000002,A
noname ,AU202223_16U,2023-03-03 06:00,L, 20, 2, 80,-17.14,134.47, 3, 56, , , , , ,1002.0, , 5, 8, 1010, , 556, , , , , , , , , , , , , , , , , , , , , , , , , , 10,7.7, , 6, 3, 20.6, 1, , , , , , , , , , , , , , , , , , , , , , , ,,2023-03-03 06:00:00,7.7,27.720000000000002,A
noname ,AU202223_16U,2023-03-03 12:00,L, 20, 2, 80,-17.03,135.21, 3, 56, , , , , ,1002.0, , 5, 8, 1010, , 556, , , , , , , , , , , , , , , , , , , , , , , , , , 10,7.7, , 6, 3, 20.6, 1, , , , , , , , , , , , , , , , , , , , , , , ,,2023-03-03 12:00:00,7.7,27.720000000000002,A
noname ,AU202223_16U,2023-03-03 18:00,L, 20, 2, 80,-16.91,135.96, 3, 56, , , , , ,1002.0, , 5, 8, 1010, , 556, , , , , , , , , , , , , , , , , , , , , , , , , , 10,7.7, , 6, 3, 20.6, 1, , , , , , , , , , , , , , , , , , , , , , , ,,2023-03-03 18:00:00,7.7,27.720000000000002,A
noname ,AU202223_16U,2023-03-04 00:00,L, 20, 2, 80,-16.8,136.7, 3, 56, , , , , ,1002.0, , 5, 8, 1010, , 556, , , , , , , , , , , , , , , , , , , , , , , , , , 10,7.7, , 6, 3, 20.6, 1, , , , , , , , , , , , , , , , , , , , , , , ,,2023-03-04 00:00:00,7.7,27.720000000000002,A
noname ,AU202223_16U,2023-03-04 06:00,L, 20, 2, 80,-16.6,137.16, 3, 46, , , , , ,1001.0, , 5, 8, 1008, , 556, , , , , , , , , , , , , , , , , , , , , , , , , , 10,7.7, , 6, 3, 20.6, 1, , , , , , , , , , , , , , , , , , , , , , , ,,2023-03-04 06:00:00,7.7,27.720000000000002,A
noname ,AU202223_16U,2023-03-04 12:00,L, 20, 2, 80,-16.39,137.28, 3, 46, , , , , ,1001.0, , 5, 8, 1008, , 556, , , , , , , , , , , , , , , , , , , , , , , , , , 10,7.7, , 6, 3, 20.6, 1, , , , , , , , , , , , , , , , , , , , , , , ,,2023-03-04 12:00:00,7.7,27.720000000000002,A
noname ,AU202223_16U,2023-03-04 18:00,L, 20, 4, 80,-16.18,137.4, 3, 46, , , , , ,1001.0, , 5, 8, 1008, , 556, , , , , , , , , , , , , , , , , , , , , , , , , , 10,7.7, , 6, 3, 20.6, 1, , , , , , , , , , , , , , , , , , , , , , , ,,2023-03-04 18:00:00,7.7,27.720000000000002,A
noname ,AU202223_16U,2023-03-05 00:00,L, 20, 1, 80,-16.0,137.5, 3, 46, , , , , ,1000.0, , 5, 8, 1008, , 463, , , , , , , , , , , , , , , , , , , , , , , , , , 10,7.7, , 6, 3, 20.6, 1, , , , , , , , , , , , , , , , , , , , , , , ,,2023-03-05 00:00:00,7.7,27.720000000000002,A
noname ,AU202223_16U,2023-03-05 06:00,L, 20, 1, 80,-16.03,138.03, 3, 46, , , , , ,1000.0, , 5, 8, 1006, , 333, , , , , , , , , , , , , , , , , , , , , , , , , , 10,10.3, , 6, 3, 23.2, 1, , , , , , , , , , , , , , , , , , , , , , , ,,2023-03-05 06:00:00,10.3,37.080000000000005,A
noname ,AU202223_16U,2023-03-05 12:00,L, 20, 1, 80,-16.09,138.09, 3, 46, , , , , ,1000.0, , 5, 8, 1006, , 333, , , , , , , , , , , , , , , , , , , , , , , , , , 10,10.3, , 6, 3, 23.2, 1, , , , , , , , , , , , , , , , , , , , , , , ,,2023-03-05 12:00:00,10.3,37.080000000000005,A
noname ,AU202223_16U,2023-03-05 18:00,L, 20, 1, 80,-16.16,138.16, 3, 46, , , , , ,998.0, , 5, 8, 1006, , 333, , , , , , , , , , , , , , , , , , , , , , , , , , 10,10.3, , 6, 3, 23.2, 1, , , , , , , , , , , , , , , , , , , , , , , ,,2023-03-05 18:00:00,10.3,37.080000000000005,A
noname ,AU202223_16U,2023-03-06 00:00,L, 20, 1, 80,-16.0,138.0, 3, 28, , , , , ,1000.0, , 5, 8, 1006, , 278, , , , , , , , , , , , , , , , , , , , , , , , , , 10,10.3, , 6, 3, 23.2, 1, , , , , , , , , , , , , , , , , , , , , , , ,,2023-03-06 00:00:00,10.3,37.080000000000005,A
noname ,AU202223_16U,2023-03-06 06:00,L, 20, 1, 80,-16.3,137.9, 3, 37, , , , , ,998.0, , 5, 8, 1006, , 278, , , , , , , , , , , , , , , , , , , , , , , , , , 10,10.3, , 6, 3, 23.2, 1, , , , , , , , , , , , , , , , , , , , , , , ,,2023-03-06 06:00:00,10.3,37.080000000000005,A
noname ,AU202223_16U,2023-03-06 12:00,L, 20, 1, 80,-16.53,138.13, 3, 37, , , , , ,998.0, , 5, 8, 1006, , 278, , , , , , , , , , , , , , , , , , , , , , , , , , 10,10.3, , 6, 3, 23.2, 1, , , , , , , , , , , , , , , , , , , , , , , ,,2023-03-06 12:00:00,10.3,37.080000000000005,A
noname ,AU202223_16U,2023-03-06 18:00,L, 20, 3, 80,-16.77,138.37, 3, 37, , , , , ,998.0, , 5, 8, 1006, , 370, , , , , , , , , , , , , , , , , , , , , , , , , , 10,10.3, , 6, 3, 23.2, 1, , , , , , , , , , , , , , , , , , , , , , , ,,2023-03-06 18:00:00,10.3,37.080000000000005,A
noname ,AU202223_16U,2023-03-07 00:00,L, 20, 2, 80,-17.0,138.6, 3, 28, , , , , ,999.0, , 5, 8, 1006, , 333, , , , , , , , , , , , , , , , , , , , , , , , , , 10,12.9, , 6, 3, 23.2, 1, , , , , , , , , , , , , , , , , , , , , , , ,,2023-03-07 00:00:00,12.9,46.440000000000005,A
noname ,AU202223_16U,2023-03-07 06:00,L, 20, 2, 80,-17.43,138.15, 3, 19, , , , , ,997.0, , 5, 8, 1006, , 444, , , , , , , , , , , , , , , , , , , , , , , , , , 10,12.9, , 6, 3, 23.2, 1, , , , , , , , , , , , , , , , , , , , , , , ,,2023-03-07 06:00:00,12.9,46.440000000000005,A
noname ,AU202223_16U,2023-03-07 12:00,L, 20, 2, 80,-17.52,138.3, 3, 28, , , , , ,997.0, , 5, 8, 1006, , 333, , , , , , , , , , , , , , , , , , , , , , , , , , 10,12.9, , 6, 3, 23.2, 1, , , , , , , , , , , , , , , , , , , , , , , ,,2023-03-07 12:00:00,12.9,46.440000000000005,A
noname ,AU202223_16U,2023-03-07 18:00,L, 20, 2, 80,-17.61,138.45, 3, 28, , , , , ,997.0, , 5, 8, 1006, , 333, , , , , , , , , , , , , , , , , , , , , , , , , , 10,12.9, , 6, 3, 23.2, 1, , , , , , , , , , , , , , , , , , , , , , , ,,2023-03-07 18:00:00,12.9,46.440000000000005,A
noname ,AU202223_16U,2023-03-08 00:00,L, 20, 2, 80,-17.7,138.6, 3, 28, , , , , ,997.0, , 5, 8, 1008, , 407, , , , , , , , , , , , , , , , , , , , , , , , , , 10,12.9, , 6, 3, 23.2, 1, , , , , , , , , , , , , , , , , , , , , , , ,,2023-03-08 00:00:00,12.9,46.440000000000005,A
noname ,AU202223_16U,2023-03-08 06:00,L, 20, 2, 80,-17.98,139.1, 3, 37, , , , , ,998.0, , 5, 8, 1006, , 444, , , , , , , , , , , , , , , , , , , , , , , , , , 10,12.9, , 6, 3, 23.2, 1, , , , , , , , , , , , , , , , , , , , , , , ,,2023-03-08 06:00:00,12.9,46.440000000000005,A
noname ,AU202223_16U,2023-03-08 12:00,L, 20, 2, 80,-17.95,139.7, 3, 37, , , , , ,998.0, , 5, 8, 1006, , 444, , , , , , , , , , , , , , , , , , , , , , , , , , 10,12.9, , 6, 3, 23.2, 1, , , , , , , , , , , , , , , , , , , , , , , ,,2023-03-08 12:00:00,12.9,46.440000000000005,A
noname ,AU202223_16U,2023-03-08 18:00,L, 20, 2, 80,-17.92,140.3, 3, 37, , , , , ,998.0, , 5, 8, 1006, , 444, , , , , , , , , , , , , , , , , , , , , , , , , , 10,12.9, , 6, 3, 23.2, 1, , , , , , , , , , , , , , , , , , , , , , , ,,2023-03-08 18:00:00,12.9,46.440000000000005,A
noname ,AU202223_16U,2023-03-09 00:00,L, 20, 2, 80,-18.0,140.7, 3, 37, , , , , ,1000.0, , 5, 8, 1006, , 333, , , , , , , , , , , , , , , , , , , , , , , , , , 10,12.9, , 6, 3, 23.2, 1, , , , , , , , , , , , , , , , , , , , , , , ,,2023-03-09 00:00:00,12.9,46.440000000000005,A
noname ,AU202223_16U,2023-03-09 06:00,L, 20, 2, 80,-18.4,140.63, 3, 37, , , , , ,998.0, , 5, 8, 1006, , 333, , , , , , , , , , , , , , , , , , , , , , , , , , 10,12.9, , 6, 3, 23.2, 1, , , , , , , , , , , , , , , , , , , , , , , ,,2023-03-09 06:00:00,12.9,46.440000000000005,A
noname ,AU202223_16U,2023-03-09 12:00,L, 20, 2, 80,-18.6,140.49, 3, 37, , , , , ,1000.0, , 5, 8, 1008, , 333, , , , , , , , , , , , , , , , , , , , , , , , , , 10,10.3, , 6, 3, 23.2, 1, , , , , , , , , , , , , , , , , , , , , , , ,,2023-03-09 12:00:00,10.3,37.080000000000005,A
noname ,AU202223_16U,2023-03-09 18:00,L, 20, 2, 80,-18.8,140.34, 3, 37, , , , , ,1000.0, , 5, 8, 1006, , 222, , , , , , , , , , , , , , , , , , , , , , , , , , 10,10.3, , 6, 3, 23.2, 1, , , , , , , , , , , , , , , , , , , , , , , ,,2023-03-09 18:00:00,10.3,37.080000000000005,A
noname ,AU202223_16U,2023-03-10 00:00,L, 20, 2, 80,-19.0,140.2, 3, 37, , , , , ,1004.0, , 5, 8, 1006, , 222, , , , , , , , , , , , , , , , , , , , , , , , , , 10,7.7, , 6, 3, 23.2, 1, , , , , , , , , , , , , , , , , , , , , , , ,,2023-03-10 00:00:00,7.7,27.720000000000002,A
noname ,AU202223_16U,2023-03-10 06:00,L, 20, 2, 80,-19.1,140.0, 3, 37, , , , , ,1002.0, , 5, 8, 1006, , 222, , , , , , , , , , , , , , , , , , , , , , , , , , 10,7.7, , 6, 3, 23.2, 1, , , , , , , , , , , , , , , , , , , , , , , ,,2023-03-10 06:00:00,7.7,27.720000000000002,A
Ilsa ,AU202223_23U,2023-04-06 00:00,T, 20, 1, 20,-7.6,133.0, 10, 56, 1, , , 1, 1,1006.0, , 5, 8, 1010, , 333, , , , , , , , , , , , , , , , , , , , , , , , , , ,10.3, , 11, , 23.2, 1, , , , , , , , , , , , , , , , , , , , , , , ,SCAT -7.6 133; trough like,2023-04-06 00:00:00,10.3,37.080000000000005,A
Ilsa ,AU202223_23U,2023-04-06 06:00,T, 20, 1, 20,-7.8,132.8, 3, 56, 1, , , 1, 1,1005.0, , 5, 8, 1008, , 222, , , , , , , , , , , , , , , , , , , , , , , , , , ,10.3, , 11, , 23.2, 1, , , , , , , , , , , , , , , , , , , , , , , ,,2023-04-06 06:00:00,10.3,37.080000000000005,A
Ilsa ,AU202223_23U,2023-04-06 12:00,T, 20, 1, 20,-8.4,132.0, 3, 56, 1.5, , , 1.5, 1.5,1005.0, , 5, 8, 1010, , 259, , , , , , , , , , , , , , , , , , , , , , , , , , ,12.9, , 13, , 23.2, 1, , , , , , , , , , , , , , , , , , , , , , , ,,2023-04-06 12:00:00,12.9,46.440000000000005,A
Ilsa ,AU202223_23U,2023-04-06 18:00,T, 20, 1, 20,-8.92,131.1, 11, 37, 1.5, , , 1.5, 1.5,1005.0, , 5, 8, 1010, , 259, , , , , , , , , , , , , , , , , , , , , , , , , , ,12.9, , 11, , 23.2, 1, , , , , , , , , , , , , , , , , , , , , , , ,MW,2023-04-06 18:00:00,12.9,46.440000000000005,A
Ilsa ,AU202223_23U,2023-04-07 00:00,T, 20, 1, 20,-8.8,130.8, 3, 28, 2, 2, 2, 2, 2,1004.0, , 5, 8, 1010, , 241, , , , , , , , , , , , , , , , , , , , , , , , , , ,12.9, , 13, , 23.2, 1, , , , , , , , , , , , , , , , , , , , , , , ,,2023-04-07 00:00:00,12.9,46.440000000000005,A
Ilsa ,AU202223_23U,2023-04-07 06:00,T, 20, 1, 20,-9.0,130.7, 3, 28, , 1, 1.5, 1.5, 2,1002.0, , 5, 8, 1008, , 259, , , , , , , , , , , , , , , , , , , , , , , , , , ,12.9, , 13, , 23.2, 1, , , , , , , , , , , , , , , , , , , , , , , ,DT ambigious,2023-04-07 06:00:00,12.9,46.440000000000005,A
Ilsa ,AU202223_23U,2023-04-07 12:00,T, 20, 1, 20,-9.1,130.4, 10, 28, 3, 2, 2, 2, 2,1003.0, , 5, 8, 1010, , 333, , , , , , , , , , , , , , , , , , , , , , , , , , ,15.4, , 11, , 23.2, 1, , , , , , , , , , , , , , , , , , , , , , , ,,2023-04-07 12:00:00,15.4,55.440000000000005,A
Ilsa ,AU202223_23U,2023-04-07 18:00,T, 20, 1, 20,-9.2,130.4, 11, 46, 3, 2, 2, 2, 2,1003.0, , 5, 8, 1010, , 296, , , , , , , , , , , , , , , , , , , , , , , , , , ,15.4, , 13, , 23.2, 1, , , , , , , , , , , , , , , , , , , , , , , ,,2023-04-07 18:00:00,15.4,55.440000000000005,A
Ilsa ,AU202223_23U,2023-04-08 00:00,T, 20, 1, 21,-9.7,129.7, 10, 28, 3, 2, 2, 2, 2,1003.0, , 5, 8, 1010, , 222, , , , , 56, 56, , , , , , , , , , , , , , , , , 10, , , ,18.0, , 11, , 25.7, 1, , , , , , , , , , , , , , , , , , , , , , , ,SCAT winds show gales in SW quad 30nm,2023-04-08 00:00:00,18.0,64.8,A
Ilsa ,AU202223_23U,2023-04-08 06:00,T, 20, 1, 21,-9.7,129.3, 11, 28, 3, 1.5, 2, 2, 2,1000.0, , 9, 8, 1008, , 185, , , , , 56, 56, , , , , , , , , , , , , , , , , 10, , , ,18.0, , 11, , 25.7, 1, , , , , , , , , , , , , , , , , , , , , , , ,,2023-04-08 06:00:00,18.0,64.8,A
Ilsa ,AU202223_23U,2023-04-08 12:00,T, 20, 1, 21,-10.3,129.0, 11, 56, 2.5, 2, 2.5, 2.5, 2.5,1002.0, , 9, 8, 1010, , 241, , , , , 56, 56, , , , , , , , , , , , , , , , , 20, , , ,18.0, , 20, , 25.7, 1, , , , , , , , , , , , , , , , , , , , , , , ,Limited imagery,2023-04-08 12:00:00,18.0,64.8,A
Ilsa ,AU202223_23U,2023-04-08 18:00,T, 20, 1, 21,-11.1,128.6, 3, 65, 3, 2.5, 2.5, 2.5, 2.5,1000.0, , 9, 8, 1008, , 259, , , , , 56, 56, , , , , , , , , , , , , , , , , 20, , , ,18.0, , 20, , 25.7, 1, , , , , , , , , , , , , , , , , , , , , , , ,Limited imagery,2023-04-08 18:00:00,18.0,64.8,A
Ilsa ,AU202223_23U,2023-04-09 00:00,T, 20, 1, 21,-11.4,127.7, 3, 56, 3, 2.5, 2.5, 2.5, 2.5,1003.0, , 9, 8, 1010, , 296, , , , , 56, 56, , , , , , , , , , , , , , , , , 20, , , ,18.0, , 20, , 25.7, 1, , , , , , , , , , , , , , , , , , , , , , , ,,2023-04-09 00:00:00,18.0,64.8,A
Ilsa ,AU202223_23U,2023-04-09 06:00,T, 20, 1, 21,-11.81,126.8, 3, 46, 2, 2.5, 2, 2, 2.5,1000.0, , 9, 8, 1008, , 296, , , , , 56, 56, , , , , , , , , , , , , , , , , 20, , , ,18.0, , 20, , 25.7, 1, , , , , , , , , , , , , , , , , , , , , , , ,,2023-04-09 06:00:00,18.0,64.8,A
Ilsa ,AU202223_23U,2023-04-09 12:00,T, 20, 1, 20,-12.1,125.5, 11, 56, 2, , , 2, 2.5,1002.0, , 9, 8, 1010, , 370, , , , , , , , , , , , , , , , , , , , , , , , , , ,15.4, , 13, , 23.2, 1, , , , , , , , , , , , , , , , , , , , , , , ,HY-2B 0940UTC -12.0 126.3; 25-30 knots; lack of sat imagery no MET/PAT,2023-04-09 12:00:00,15.4,55.440000000000005,A
Ilsa ,AU202223_23U,2023-04-09 18:00,T, 20, 1, 20,-12.2,124.69, 11, 56, 3, 2.5, 2.5, 2.5, 2.5,1001.0, , 5, 8, 1008, , 333, , , , , , , , , , , , , , , , , , , , , , , , , , ,15.4, , 13, , 23.2, 1, , , , , , , , , , , , , , , , , , , , , , , ,MW 1915UTC -12.1 124.6,2023-04-09 18:00:00,15.4,55.440000000000005,A
Ilsa ,AU202223_23U,2023-04-10 00:00,T, 20, 1, 20,-12.5,123.6, 3, 56, 2.5, 3, 2.5, 2.5, 2.5,1002.0, , 5, 8, 1010, , 370, , , , , , , , , , , , , , , , , , , , , , , , , , ,15.4, , 13, , 23.2, 1, , , , , , , , , , , , , , , , , , , , , , , ,SCAT 0036UTC -12.5 123.6,2023-04-10 00:00:00,15.4,55.440000000000005,A
Ilsa ,AU202223_23U,2023-04-10 06:00,T, 20, 1, 20,-12.9,123.0, 10, 37, 2.5, 2.5, 2.5, 2.5, 2.5,998.0, , 5, 8, 1006, , 259, , , , , , , , , , , , , , , , , , , , , , , , , , ,15.4, , 13, , 23.2, 1, , , , , , , , , , , , , , , , , , , , , , , ,,2023-04-10 06:00:00,15.4,55.440000000000005,A
Ilsa ,AU202223_23U,2023-04-10 12:00,T, 20, 1, 21,-13.3,122.9, 10, 28, 2.5, 2.5, 2.5, 2.5, 2.5,994.0, , 5, 8, 1008, , 278, , , , , 167, , , , , , , , , , , , , , , , , , 10, , , ,20.6, , 11, , 28.3, 1, , , , , , , , , , , , , , , , , , , , , , , ,SSMIS 1049UTC 13.2 123; SCAT 1308UTC -13.3 122.8 40 knots SW Quad 90nm,2023-04-10 12:00:00,20.6,74.16000000000001,A
Ilsa ,AU202223_23U,2023-04-10 18:00,T, 20, 1, 21,-13.7,122.1, 10, 28, 3, 2.5, 2.5, 2.5, 2.5,994.0, , 5, 8, 1006, , 241, , , , , 167, , , , , , , , , , , , , , , , , , 10, , , ,20.6, , 11, , 28.3, 1, , , , , , , , , , , , , , , , , , , , , , , ,GMI 1919UTC -13.7 122; AMSR2 1726UTC -13.7 122.2,2023-04-10 18:00:00,20.6,74.16000000000001,A
Ilsa ,AU202223_23U,2023-04-11 00:00,T, 20, 1, 21,-14.1,121.6, 10, 28, , 2.5, 2, 2, 2.5,998.0, , 5, 8, 1008, , 259, , , , , 93, , , , , , , , , , , , , , , , , , 10, , , ,18.0, , 11, , 25.7, 1, , , , , , , , , , , , , , , , , , , , , , , ,ASCAT 0104 -14.3 121.5; SMAP 2138UTC gales SW Quad; SSMIS 2159UTC -13.7 121.8. DT 2-2.5,2023-04-11 00:00:00,18.0,64.8,A
Ilsa ,AU202223_23U,2023-04-11 06:00,T, 20, 1, 30,-14.6,121.5, 11, 28, 2.5, 3, 3, 2.5, 2.5,993.0, , 5, 8, 1006, , 296, , , 111, 167, 167, 130, , , , , , , , , , , 37, , , , , 10, 10, , , ,20.6, , 13, , 28.3, 1, , , , , , , , , , , , , , , , , , , , , , , ,,2023-04-11 06:00:00,20.6,74.16000000000001,A
Ilsa ,AU202223_23U,2023-04-11 12:00,T, 20, 1, 30,-15.3,120.6, 11, 37, , 3.5, 3.5, 3, 3,990.0, , 5, 8, 1008, , 296, , , 111, 148, 148, 111, 56, , , , , , , , , , 33, , , , , 10, 10, 10, , ,25.7, , 13, , 36, 1, , , , , , , , , , , , , , , , , , , , , , , ,SMAP 0950UTC Gales 60nm in north; 80nm in south,2023-04-11 12:00:00,25.7,92.52,A
Ilsa ,AU202223_23U,2023-04-11 18:00,T, 20, 1, 30,-15.5,120.2, 10, 19, 4, 3.5, 4, 3.5, 3.5,985.0, , 5, 8, 1008, , 370, , , 111, 148, 148, 111, 65, , , , , , , , , , 31, , , , , 10, 10, 10, , ,28.3, , 13, , 38.6, 1, , , , , , , , , , , , , , , , , , , , , , , ,HSCAT 1735UTC -15.6 121; SSMIS 2045UTC -15.5 120.2,2023-04-11 18:00:00,28.3,101.88000000000001,A
Ilsa ,AU202223_23U,2023-04-12 00:00,T, 20, 1, 40,-15.6,119.9, 10, 19, 3.5, 3.5, 3.5, 4, 4,981.0, , 5, 8, 1008, , 296, , , 102, 139, 130, 102, , 37, 37, 46, 37, 30, , , , , 26, , , , , 10, 10, 10, 9, ,33.4, , 20, , 46.3, 1, , , , , , , , , , , , , , , , , , , , , , , ,,2023-04-12 00:00:00,33.4,120.24,A
Ilsa ,AU202223_23U,2023-04-12 06:00,T, 20, 1, 40,-16.1,119.7, 11, 19, 4.5, 3.5, 4, 4.5, 4.5,973.0, , 5, 8, 1006, , 352, , , 93, 139, 111, 93, , 37, 37, 46, 37, 28, , , , , 22, , , , , 10, 10, 10, 9, ,36.0, , 13, , 51.4, 1, , , , , , , , , , , , , , , , , , , , , , , ,GPM -16.1 119.7,2023-04-12 06:00:00,36.0,129.6,A
Ilsa ,AU202223_23U,2023-04-12 12:00,T, 20, 1, 40,-16.5,119.5, 11, 28, 4.5, 4, 4, 4.5, 4.5,965.0, , 5, 8, 1008, , 352, , , 93, 130, 65, 74, , 37, 37, 37, 37, 28, , , , , 19, , , , , 10, 10, 10, 10, ,41.2, , 20, , 56.6, 1, , , , , , , , , , , , , , , , , , , , , , , ,SSMIS 1022UTC -16.4 119.5; ASCAT B 1314UTC -16.6 119.5,2023-04-12 12:00:00,41.2,148.32000000000002,A
Ilsa ,AU202223_23U,2023-04-12 18:00,T, 20, 1, 40,-17.1,119.1, 6, 19, 4.5, 4.5, 4.5, 4.5, 4.5,955.0, , 5, 8, 1006, , 296, , , 111, 93, 65, 74, , 65, 65, 37, 46, , 37, 37, 22, 28, 19, , , , , 2, 2, 2, 2, ,46.3, , 20, , 64.3, 1, , , , , , , , , , , , , , , , , , , , , , , ,AMSR2 1715UTC -17 119; SSMIS 2045UTC -17.5 119.2,2023-04-12 18:00:00,46.3,166.68,A
Ilsa ,AU202223_23U,2023-04-13 00:00,T, 20, 1, 40,-17.7,119.0, 6, 15, 5.5, 5, 5, 5.5, 5.5,940.0, , 5, 8, 1008, , 333, , , 111, 93, 65, 74, , 65, 65, 37, 46, , 37, 37, 22, 28, 19, , , , , 4, 10, 10, 10, ,51.4, , 13, , 72, 2, 20.4, , 3, , , , , , , , , , , , , , , , , , , , ,Positions from Port Hedland RADAR; SAR,2023-04-13 00:00:00,51.4,185.04,A
Ilsa ,AU202223_23U,2023-04-13 06:00,T, 20, 1, 40,-18.7,118.7, 6, 11, 6.5, 6, 6.5, 6.5, 6.5,935.0, , 7, 8, 1004, , 222, , , 130, 120, 93, 130, , 74, 74, 56, 74, , 56, 46, 46, 46, 17, , , , , 4, 2, 2, 2, ,56.6, , 13, , 79.7, 2, 13, , 3, , , , , , , , , , , , , , , , , , , , ,RADAR has eye 14-15nm diameter,2023-04-13 06:00:00,56.6,203.76000000000002,A
Ilsa ,AU202223_23U,2023-04-13 12:00,T, 20, 1, 40,-19.4,119.1, 6, 11, 6.5, 5.5, 6, 6.5, 6.5,930.0, , 7, 8, 1004, , 185, , , 130, 120, 93, 130, , 74, 74, 56, 74, , 56, 46, 46, 46, 15, , , , , 4, 10, 10, 10, ,64.3, , 7, , 90, 1, 13, , 3, , , , , , , , , , , , , , , , , , , , ,Max Wind derived Bedo Is. obs 118 kn,2023-04-13 12:00:00,64.3,231.48,A
Ilsa ,AU202223_23U,2023-04-13 16:00,T, 20, 3, 40,-20.0,119.7, 6, 11, 6, 5.5, 6, 6, 6.5,930.0, , 3, 8, 1004, , 185, , , 130, 93, 74, 130, , 93, 56, 46, 93, , 56, 46, 37, 46, 17, , , , , 4, 20, 20, 20, ,64.3, , 7, , 90, 1, 14.8, , 3, , , , , , , , , , , , , , , , , , , , ,Crossed just west of Pardoo Roadhouse; 112 kn 3m mask Pardoo Ag site. Privately deployed barometer measure a MSLP of 931.9 hPa in the eye,2023-04-13 16:00:00,64.3,231.48,A
Ilsa ,AU202223_23U,2023-04-13 18:00,T, 20, 2, 40,-20.4,120.0, 6, 11, , , , , ,935.0, , 7, 8, 1002, , 167, , , 130, 74, 56, 130, , 93, 46, 37, 93, , 56, 37, 28, 46, 20, , , , , 4, 20, 20, 20, ,56.6, , 20, , 79.7, 1, 14.8, , 3, , , , , , , , , , , , , , , , , , , , ,,2023-04-13 18:00:00,56.6,203.76000000000002,A
Ilsa ,AU202223_23U,2023-04-14 00:00,T, 20, 2, 40,-21.4,121.3, 3, 28, , , , , ,965.0, , 7, 8, 1002, , 120, , , 93, 65, 56, 65, , 46, 37, 37, 37, , 33, , , , 28, , , , , 20, 20, 20, 20, ,33.4, , 20, , 46.3, 1, , , , , , , , , , , , , , , , , , , , , , , ,Telfer observed 972.7hPa MSLP as the centre passed over (or just a tiny bit to the south),2023-04-14 00:00:00,33.4,120.24,A
Ilsa ,AU202223_23U,2023-04-14 06:00,T, 20, 2, 30,-22.0,123.4, 7, 46, , , , , ,980.0, , 7, 8, 1002, , 120, , , 93, , 56, 56, , , , , , , , , , , 37, , , , , 20, 20, , , ,23.2, , 20, , 33.4, 1, , , , , , , , , , , , , , , , , , , , , , , ,,2023-04-14 06:00:00,23.2,83.52,A
Ilsa ,AU202223_23U,2023-04-14 12:00,T, 20, 2, 21,-22.2,126.5, 3, 65, , , , , ,997.0, , 9, 8, 1004, , 102, , , , , 56, 56, , , , , , , , , , , , , , , , , 20, , , ,18.0, , 20, , 25.7, 1, , , , , , , , , , , , , , , , , , , , , , , ,,2023-04-14 12:00:00,18.0,64.8,A
Ilsa ,AU202223_23U,2023-04-14 18:00,T, 20, 2, 20,-22.6,128.5, 3, 65, , , , , ,998.0, , 9, 8, 1004, , 148, , , , , , , , , , , , , , , , , , , , , , , , , , ,15.4, , 20, , 23.2, 1, , , , , , , , , , , , , , , , , , , , , , , ,,2023-04-14 18:00:00,15.4,55.440000000000005,A
Ilsa ,AU202223_23U,2023-04-15 00:00,T, 20, 2, 20,-23.0,130.5, 3, 65, , , , , ,1003.0, , 9, 8, 1006, , 74, , , , , , , , , , , , , , , , , , , , , , , , , , ,12.9, , 20, , 23.2, 1, , , , , , , , , , , , , , , , , , , , , , , ,,2023-04-15 00:00:00,12.9,46.440000000000005,A
Lincoln ,AU202324_07U,2024-02-14 00:00,T, 20, 1, 20,-15.12,136.7, 3, 74, , , , , ,1003.0, , 7, , 1006, , 222, , , , , , , , , , , , , , , , , , , , , , , , , , ,10.3, , , , 23.2, 1, , , , , , , , , , , , , , , , , , , , , , , ,Circulation appears elongated WNW,2024-02-14 00:00:00,10.3,37.080000000000005,A
Lincoln ,AU202324_07U,2024-02-14 06:00,T, 20, 1, 20,-15.1,136.8, 3, 56, , , , , ,1001.0, , 7, , 1004, , 148, , , , , , , , , , , , , , , , , , , , , , , , , , ,10.3, , , , 23.2, 1, , , , , , , , , , , , , , , , , , , , , , , ,,2024-02-14 06:00:00,10.3,37.080000000000005,A
Lincoln ,AU202324_07U,2024-02-14 12:00,T, 20, 1, 20,-15.0,137.0, 10, 37, , , , 1, 1,1001.0, , 7, , 1005, , 185, , , , , , , , , , , , , , , , , , , , , , , , , , ,10.3, , , , 23.2, 1, , , , , , , , , , , , , , , , , , , , , , , ,Position based on 1157 and 1252 ASCAT passes - elongated circulation. Initial T1.,2024-02-14 12:00:00,10.3,37.080000000000005,A
Lincoln ,AU202324_07U,2024-02-14 18:00,T, 20, 1, 20,-14.9,137.2, 3, 37, , , , 1.5, 1.5,999.0, , 7, , 1004, , 185, , , , , , , , , , , , , , , , , , , , , , , , , , ,12.9, , , , 23.2, 1, , , , , , , , , , , , , , , , , , , , , , , ,,2024-02-14 18:00:00,12.9,46.440000000000005,A
Lincoln ,AU202324_07U,2024-02-15 00:00,T, 20, 1, 20,-14.8,137.4, 11, 37, , , , 1.5, 1.5,998.0, , 7, , 1006, , 222, , , , , , , , , , , , , , , , , , , , , , , , , , ,12.9, , 11, , 23.2, 1, , , , , , , , , , , , , , , , , , , , , , , ,SSMIS 2007 and 2028UTC identify a more defined low level circulation; HSCATB 2031UTC 25kn max,2024-02-15 00:00:00,12.9,46.440000000000005,A
Lincoln ,AU202324_07U,2024-02-15 06:00,T, 20, 1, 20,-15.0,137.8, 3, 37, , , , 1.5, 1.5,997.0, , 5, 8, 1006, , 278, , , , , , , , , , , , , , , , , , , , , , , , , , ,15.4, , , , 23.2, 1, , , , , , , , , , , , , , , , , , , , , , , ,,2024-02-15 06:00:00,15.4,55.440000000000005,A
Lincoln ,AU202324_07U,2024-02-15 12:00,T, 20, 1, 20,-15.4,137.9, 11, 37, , , , 2, 2,996.0, , 5, 8, 1004, , 278, , , , , , , , , , , , , , , , , , , , , , , , , , ,15.4, , 11, , 23.2, 1, , , , , , , , , , , , , , , , , , , , , , , ,HSCAT 0925UTC identifies position and max wind 30kn,2024-02-15 12:00:00,15.4,55.440000000000005,A
Lincoln ,AU202324_07U,2024-02-15 18:00,T, 20, 1, 21,-15.6,137.8, 7, 37, , , , 2.5, 2.5,996.0, , 5, 8, 1006, , 278, , , , , 56, 65, , , , , , , , , , , , , , , , , 20, , , ,18.0, , 20, , 25.7, 1, , , , , , , , , , , , , , , , , , , , , , , ,AMSR2 1554UTC; near gales reported from centre Is. Mornington Is radar.,2024-02-15 18:00:00,18.0,64.8,A
Lincoln ,AU202324_07U,2024-02-16 00:00,T, 20, 1, 30,-15.6,137.6, 7, 28, , , , 3, 3,992.0, , 5, 8, 1006, , 370, , , 46, 46, 65, 65, , , , , , , , , , , 28, , , , , 10, 10, , , ,20.6, , 11, , 28.3, 1, , , , , , , , , , , , , , , , , , , , , , , ,Named Lincoln based on ASCAT-B (0026UTC) and C (2336UTC) passes showing gales around centre. Centre Is to west reporting 30-35kn.,2024-02-16 00:00:00,20.6,74.16000000000001,A
Lincoln ,AU202324_07U,2024-02-16 03:00,T, 20, 1, 30,-15.7,137.4, 7, 22, , , , 3, 3,992.0, , 5, 8, 1006, , 333, , , 56, 46, 56, 65, , , , , , , , , , , 28, , , , , 7, 20, , , ,23.2, , , , 33.4, 1, , , , , , , , , , , , , , , , , , , , , , , ,,2024-02-16 03:00:00,23.2,83.52,A
Lincoln ,AU202324_07U,2024-02-16 06:00,T, 20, 3, 30,-16.1,137.3, 7, 22, , , , 3, 3,990.0, , 5, 8, 1006, , 407, , , 65, 46, 46, 65, , , , , , , , , , , 28, , , , , 7, 20, , , ,23.2, , , , 33.4, 1, , , , , , , , , , , , , , , , , , , , , , , ,Landfall between NT/Qld border and Bing Bong. Centre Is 993.4hPa and winds 30-35kn.,2024-02-16 06:00:00,23.2,83.52,A
Lincoln ,AU202324_07U,2024-02-16 09:00,T, 20, 2, 30,-16.2,136.9, 7, 28, , , , , ,990.0, , 5, 8, 1006, , 407, , , 65, 37, , 56, , , , , , , , , , , 37, , , , , 3, 2, , , ,20.6, , 7, , 28.3, 1, , , , , , , , , , , , , , , , , , , , , , , ,Centre Island to the NNW continuing to report 30-35kn. Strong curvature on SSMIS microwave 0826UTC.,2024-02-16 09:00:00,20.6,74.16000000000001,A
Lincoln ,AU202324_07U,2024-02-16 12:00,T, 20, 2, 20,-16.4,136.6, 3, 37, , , , , ,992.0, , 5, 8, 1008, , 370, , , , , , , , , , , , , , , , , , , , , , , , , , ,15.4, , , , 23.2, 1, , , , , , , , , , , , , , , , , , , , , , , ,Below TC intensity as moved inland. Winds at Centre Is to the north less than 30kn.,2024-02-16 12:00:00,15.4,55.440000000000005,A
Lincoln ,AU202324_07U,2024-02-16 18:00,T, 20, 2, 20,-16.9,136.3, 3, 37, , , , , ,992.0, , 5, 8, 1008, , 333, , , , , , , , , , , , , , , , , , , , , , , , , , ,15.4, , , , 23.2, 1, , , , , , , , , , , , , , , , , , , , , , , ,,2024-02-16 18:00:00,15.4,55.440000000000005,A
Lincoln ,AU202324_07U,2024-02-17 00:00,T, 20, 2, 20,-17.4,135.6, 3, 37, , , , , ,995.0, , 7, , 1008, , 278, , , , , , , , , , , , , , , , , , , , , , , , , , ,10.3, , , , 20.6, 1, , , , , , , , , , , , , , , , , , , , , , , ,,2024-02-17 00:00:00,10.3,37.080000000000005,A
Lincoln ,AU202324_07U,2024-02-17 06:00,T, 20, 2, 20,-17.6,134.7, 3, 37, , , , , ,996.0, , 7, , 1006, , 333, , , , , , , , , , , , , , , , , , , , , , , , , , ,10.3, , , , 23.2, 1, , , , , , , , , , , , , , , , , , , , , , , ,,2024-02-17 06:00:00,10.3,37.080000000000005,A
Lincoln ,AU202324_07U,2024-02-17 12:00,T, 20, 2, 20,-18.0,134.1, 3, 46, , , , , ,996.0, , 7, , 1006, , 333, , , , , , , , , , , , , , , , , , , , , , , , , , ,10.3, , , , 23.2, 1, , , , , , , , , , , , , , , , , , , , , , , ,,2024-02-17 12:00:00,10.3,37.080000000000005,A
Lincoln ,AU202324_07U,2024-02-17 18:00,T, 20, 2, 20,-18.2,133.1, 3, 56, , , , , ,998.0, , 7, , 1006, , 259, , , , , , , , , , , , , , , , , , , , , , , , , , ,10.3, , , , 23.2, 1, , , , , , , , , , , , , , , , , , , , , , , ,,2024-02-17 18:00:00,10.3,37.080000000000005,A
Lincoln ,AU202324_07U,2024-02-18 00:00,T, 20, 2, 20,-18.2,132.4, 3, 37, , , , , ,1000.0, , 7, , 1008, , 185, , , , , , , , , , , , , , , , , , , , , , , , , , ,10.3, , , , 23.2, 1, , , , , , , , , , , , , , , , , , , , , , , ,,2024-02-18 00:00:00,10.3,37.080000000000005,A
Lincoln ,AU202324_07U,2024-02-18 06:00,T, 20, 2, 20,-18.5,131.5, 3, 46, , , , , ,1000.0, , 7, , 1004, , 167, , , , , , , , , , , , , , , , , , , , , , , , , , ,10.3, , , , 20.6, 1, , , , , , , , , , , , , , , , , , , , , , , ,,2024-02-18 06:00:00,10.3,37.080000000000005,A
Lincoln ,AU202324_07U,2024-02-18 12:00,T, 20, 2, 20,-18.7,130.4, 3, 56, , , , , ,1001.0, , 7, , 1008, , 167, , , , , , , , , , , , , , , , , , , , , , , , , , ,10.3, , , , 20.6, 1, , , , , , , , , , , , , , , , , , , , , , , ,,2024-02-18 12:00:00,10.3,37.080000000000005,A
Lincoln ,AU202324_07U,2024-02-18 18:00,T, 20, 2, 20,-18.7,129.4, 3, 56, , , , , ,1002.0, , 7, , 1008, , 167, , , , , , , , , , , , , , , , , , , , , , , , , , ,10.3, , , , 23.2, 1, , , , , , , , , , , , , , , , , , , , , , , ,,2024-02-18 18:00:00,10.3,37.080000000000005,A
Lincoln ,AU202324_07U,2024-02-19 00:00,T, 20, 2, 20,-18.2,129.0, 3, 37, , , , , ,1004.0, , 7, , 1010, , 167, , , , , , , , , , , , , , , , , , , , , , , , , , ,10.3, , , , 20.6, 1, , , , , , , , , , , , , , , , , , , , , , , ,,2024-02-19 00:00:00,10.3,37.080000000000005,A
Lincoln ,AU202324_07U,2024-02-19 06:00,T, 20, 2, 20,-18.0,128.9, 3, 19, , , , , ,1003.0, , 7, , 1008, , 167, , , , , , , , , , , , , , , , , , , , , , , , , , ,10.3, , , , 20.6, 1, , , , , , , , , , , , , , , , , , , , , , , ,,2024-02-19 06:00:00,10.3,37.080000000000005,A
Lincoln ,AU202324_07U,2024-02-19 12:00,T, 20, 2, 20,-18.0,128.7, 3, 37, , , , , ,1003.0, , 7, , 1008, , 167, , , , , , , , , , , , , , , , , , , , , , , , , , ,10.3, , , , 20.6, 1, , , , , , , , , , , , , , , , , , , , , , , ,,2024-02-19 12:00:00,10.3,37.080000000000005,A
Lincoln ,AU202324_07U,2024-02-19 18:00,T, 20, 2, 20,-18.1,128.3, 3, 37, , , , , ,999.0, , 7, , 1006, , 185, , , , , , , , , , , , , , , , , , , , , , , , , , ,10.3, , , , 20.6, 1, , , , , , , , , , , , , , , , , , , , , , , ,,2024-02-19 18:00:00,10.3,37.080000000000005,A
Lincoln ,AU202324_07U,2024-02-20 00:00,T, 20, 2, 20,-18.0,127.8, 3, 28, , , , , ,1000.0, , 7, , 1008, , 185, , , , , , , , , , , , , , , , , , , , , , , , , , ,10.3, , , , 20.6, 1, , , , , , , , , , , , , , , , , , , , , , , ,,2024-02-20 00:00:00,10.3,37.080000000000005,A
Lincoln ,AU202324_07U,2024-02-20 06:00,T, 20, 2, 20,-17.7,127.2, 3, 37, , , , , ,1000.0, , 7, , 1006, , 185, , , , , , , , , , , , , , , , , , , , , , , , , , ,10.3, , , , 20.6, 1, , , , , , , , , , , , , , , , , , , , , , , ,,2024-02-20 06:00:00,10.3,37.080000000000005,A
Lincoln ,AU202324_07U,2024-02-20 12:00,T, 20, 2, 20,-17.3,126.5, 3, 37, , , , , ,1001.0, , 7, , 1008, , 222, , , , , , , , , , , , , , , , , , , , , , , , , , ,10.3, , , , 20.6, 1, , , , , , , , , , , , , , , , , , , , , , , ,,2024-02-20 12:00:00,10.3,37.080000000000005,A
Lincoln ,AU202324_07U,2024-02-20 18:00,T, 20, 2, 20,-16.1,125.3, 3, 56, , , , , ,1000.0, , 7, , 1006, , 222, , , , , , , , , , , , , , , , , , , , , , , , , , ,10.3, , , , 20.6, 1, , , , , , , , , , , , , , , , , , , , , , , ,,2024-02-20 18:00:00,10.3,37.080000000000005,A
Lincoln ,AU202324_07U,2024-02-21 00:00,T, 20, 2, 20,-15.9,124.6, 3, 46, , , , , ,1001.0, , 7, , 1006, , 222, , , , , , , , , , , , , , , , , , , , , , , , , , ,10.3, , , , 23.2, 1, , , , , , , , , , , , , , , , , , , , , , , ,Near coast,2024-02-21 00:00:00,10.3,37.080000000000005,A
Lincoln ,AU202324_07U,2024-02-21 03:00,T, 20, 4, 20,-15.9,124.2, 3, 37, , , , , ,1000.0, , 7, , 1006, , 222, , , , , , , , , , , , , , , , , , , , , , , , , , ,10.3, , , , 23.2, 1, , , , , , , , , , , , , , , , , , , , , , , ,moving west over water,2024-02-21 03:00:00,10.3,37.080000000000005,A
Lincoln ,AU202324_07U,2024-02-21 06:00,T, 20, 1, 20,-15.7,123.6, 3, 37, , , , , ,998.0, , 7, , 1006, , 222, , , , , , , , , , , , , , , , , , , , , , , , , , ,10.3, , , , 23.2, 1, , , , , , , , , , , , , , , , , , , , , , , ,,2024-02-21 06:00:00,10.3,37.080000000000005,A
Lincoln ,AU202324_07U,2024-02-21 12:00,T, 20, 1, 20,-15.4,122.8, 10, 46, , , , 2, 2,1000.0, , 5, 8, 1006, , 407, , , , , , , , , , , , , , , , , , , , , , , , , , ,10.3, , , , 23.2, 1, , , , , , , , , , , , , , , , , , , , , , , ,ASCAT--B 1251UTC and ASCAT-C 1346UTC show elongated circulation,2024-02-21 12:00:00,10.3,37.080000000000005,A
Lincoln ,AU202324_07U,2024-02-21 18:00,T, 20, 1, 20,-15.6,121.8, 3, 46, , , , 2, 2,999.0, , 5, 8, 1006, , 222, , , , , , , , , , , , , , , , , , , , , , , , , , ,12.9, , , , 23.2, 1, , , , , , , , , , , , , , , , , , , , , , , ,AMSR2 1653UTC shows convection to west; HYSCAT 1551UTC 20-25kn;,2024-02-21 18:00:00,12.9,46.440000000000005,A
Lincoln ,AU202324_07U,2024-02-22 00:00,T, 20, 1, 20,-16.2,120.5, 3, 46, , , , 2.5, 2.5,999.0, , 5, 8, 1006, , 222, , , , , , , , , , , , , , , , , , , , , , , , , , ,15.4, , , , 23.2, 1, , , , , , , , , , , , , , , , , , , , , , , ,HYSCAT 2123UTC 25kn; ASCAT-B 0145UTC -16.4 119.8; ASCAT-C 0057UTC show 30-35kn winds to west,2024-02-22 00:00:00,15.4,55.440000000000005,A
Lincoln ,AU202324_07U,2024-02-22 06:00,T, 20, 1, 20,-16.9,119.2, 3, 46, , , , 2.5, 2.5,998.0, , 5, 8, 1006, , 185, , , , , , , , , , , , , , , , , , , , , , , , , , ,15.4, , , , 23.2, 1, , , , , , , , , , , , , , , , , , , , , , , ,Passing north of Rowley Shoals. SSMIS 0835UTC -17.3 118.9; HSCAT 0502 UTC max 30kn to west.,2024-02-22 06:00:00,15.4,55.440000000000005,A
Lincoln ,AU202324_07U,2024-02-22 12:00,T, 20, 1, 20,-17.2,118.0, 11, 37, , , , 2.5, 2.5,998.0, , 5, 8, 1006, , 222, , , , , , , , , , , , , , , , , , , , , , , , , , ,15.4, , 20, , 23.2, 1, , , , , , , , , , , , , , , , , , , , , , , ,SSMIS 0835 and 1049UTC shows consolidating deep convection west of centre but HSCAT 1017UTC; and later ASCAT-C 1327UTC and ASCAT-B 1412UTC indicates 25kn max winds despite deep convection near centre.,2024-02-22 12:00:00,15.4,55.440000000000005,A
Lincoln ,AU202324_07U,2024-02-22 18:00,T, 20, 1, 20,-17.4,116.5, 11, 37, , , , 2.5, 2.5,998.0, , 5, 8, 1006, , 222, , , , , , , , , , , , , , , , , , , , , , , , , , ,12.9, , 11, , 23.2, 1, , , , , , , , , , , , , , , , , , , , , , , ,SSMIS 1948UTC; 25kn from ASCAT-C 1327 UTC; ASCAT-B 1415UTC and HSCAT-C 1608UTC,2024-02-22 18:00:00,12.9,46.440000000000005,A
Lincoln ,AU202324_07U,2024-02-23 00:00,T, 20, 1, 20,-17.9,115.1, 3, 37, , , , 2.5, 2.5,997.0, , 5, 8, 1008, , 222, , , , , , , , , , , , , , , , , , , , , , , , , , ,15.4, , 13, , 23.2, 1, , , , , , , , , , , , , , , , , , , , , , , ,SSMIS 2204UTC shows curvature in deepest convection southwest of centre,2024-02-23 00:00:00,15.4,55.440000000000005,A
Lincoln ,AU202324_07U,2024-02-23 06:00,T, 20, 1, 20,-18.2,114.0, 11, 28, , , , 2, 2.5,997.0, , 5, 8, 1008, , 222, , , , , , , , , , , , , , , , , , , , , , , , , , ,15.4, , 11, , 23.2, 1, , , , , , , , , , , , , , , , , , , , , , , ,AMSR2 0551UTC; HSCAT-C 0520UTC shows 30kn to south and west,2024-02-23 06:00:00,15.4,55.440000000000005,A
Lincoln ,AU202324_07U,2024-02-23 12:00,T, 20, 1, 20,-19.1,113.7, 11, 37, , , , 2.5, 2.5,998.0, , 5, 8, 1008, , 259, , , , , , , , , , , , , , , , , , , , , , , , , , ,15.4, , 13, , 23.2, 1, , , , , , , , , , , , , , , , , , , , , , , ,GMI 1149UTC shows centre removed east of deep convection,2024-02-23 12:00:00,15.4,55.440000000000005,A
Lincoln ,AU202324_07U,2024-02-23 18:00,T, 20, 1, 20,-20.0,113.4, 10, 37, , , , 2, 2.5,999.0, , 5, 8, 1008, , 222, , , , , , , , , , , , , , , , , , , , , , , , , , ,15.4, , 11, , 23.2, 1, , , , , , , , , , , , , , , , , , , , , , , ,HSCAT at 1626UTC indicates winds only 20-25kn,2024-02-23 18:00:00,15.4,55.440000000000005,A
Lincoln ,AU202324_07U,2024-02-24 00:00,T, 20, 1, 21,-21.0,113.2, 3, 37, , , , 2, 2,999.0, , 5, 8, 1008, , 222, , , , , 93, , , , , , , , , , , , , , , , , , , , , ,18.0, , 11, , 23.2, 1, , , , , , , , , , , , , , , , , , , , , , , ,HYSCAT-B 2209UTC 30-35kn southwest of the centre,2024-02-24 00:00:00,18.0,64.8,A
Lincoln ,AU202324_07U,2024-02-24 06:00,T, 20, 1, 20,-22.2,113.3, 3, 28, , , , 1.5, 2,1000.0, , 5, 8, 1006, , 185, , , , , , , , , , , , , , , , , , , , , , , , , , ,12.9, , 11, , 23.2, 1, , , , , , , , , , , , , , , , , , , , , , , ,HYSCAT-C 0520UTC,2024-02-24 06:00:00,12.9,46.440000000000005,A
Lincoln ,AU202324_07U,2024-02-24 12:00,T, 20, 1, 20,-23.4,113.4, 11, 37, , , , 1, 1.5,1001.0, , 7, , 1007, , 185, , , , , , , , , , , , , , , , , , , , , , , , , , ,12.9, , , , 23.2, 1, , , , , , , , , , , , , , , , , , , , , , , ,,2024-02-24 12:00:00,12.9,46.440000000000005,A
Lincoln ,AU202324_07U,2024-02-24 13:30,T, 20, 3, 20,-23.75,113.55, 3, 37, , , , , ,1002.0, , 7, , 1007, , 167, , , , , , , , , , , , , , , , , , , , , , , , , , ,12.9, , , , 23.2, 1, , , , , , , , , , , , , , , , , , , , , , , ,Landfall,2024-02-24 13:30:00,12.9,46.440000000000005,A
Lincoln ,AU202324_07U,2024-02-24 15:00,T, 20, 2, 20,-24.1,113.6, 3, 37, , , , , ,1003.0, , 7, , 1007, , 148, , , , , , , , , , , , , , , , , , , , , , , , , , ,12.9, , , , 23.2, 1, , , , , , , , , , , , , , , , , , , , , , , ,,2024-02-24 15:00:00,12.9,46.440000000000005,A
Lincoln ,AU202324_07U,2024-02-24 18:00,T, 20, 2, 20,-24.6,113.8, 3, 37, , , , , ,1004.0, , 7, , 1008, , 148, , , , , , , , , , , , , , , , , , , , , , , , , , ,7.7, , , , 23.2, 1, , , , , , , , , , , , , , , , , , , , , , , ,,2024-02-24 18:00:00,7.7,27.720000000000002,A
Lincoln ,AU202324_07U,2024-02-25 00:00,T, 20, 2, 20,-25.4,114.0, 3, 37, , , , , ,1005.0, , 7, , 1010, , 148, , , , , , , , , , , , , , , , , , , , , , , , , , ,7.7, , , , 23.2, 1, , , , , , , , , , , , , , , , , , , , , , , ,Passes east of Carnarvon,2024-02-25 00:00:00,7.7,27.720000000000002,A
Lincoln ,AU202324_07U,2024-02-25 06:00,T, 20, 2, 20,-26.1,114.4, 3, 37, , , , , ,1004.0, , 7, , 1008, , 111, , , , , , , , , , , , , , , , , , , , , , , , , , ,7.7, , , , 18, 1, , , , , , , , , , , , , , , , , , , , , , , ,,2024-02-25 06:00:00,7.7,27.720000000000002,A
Lincoln ,AU202324_07U,2024-02-25 12:00,T, 20, 2, 20,-26.9,114.6, 3, 37, , , , , ,1006.0, , 7, , 1010, , 111, , , , , , , , , , , , , , , , , , , , , , , , , , ,7.7, , , , 18, 1, , , , , , , , , , , , , , , , , , , , , , , ,,2024-02-25 12:00:00,7.7,27.720000000000002,A
Neville ,AU202324_08U,2024-03-07 00:00,T, 20, 1, 20,-10.2,89.8, 3, 83, , , , , ,1006.0, , 5, 8, 1009, , 407, , , , , , , , , , , , , , , , , , , , , , , , , , 10,10.3, , 20, 3, 20.6, 1, , , , , , , , , , , , , , , , , , , , , , , ,Earlier time steps didn't show a clear; long lived circulation so were truncated from best track,2024-03-07 00:00:00,10.3,37.080000000000005,A
Neville ,AU202324_08U,2024-03-07 06:00,T, 20, 1, 20,-9.6,91.0, 4, 56, , , , , ,1006.0, , 5, 8, 1009, , 444, , , , , , , , , , , , , , , , , , , , , , , , , , 10,10.3, , 20, 3, 20.6, 1, , , , , , , , , , , , , , , , , , , , , , , ,,2024-03-07 06:00:00,10.3,37.080000000000005,A
Neville ,AU202324_08U,2024-03-07 12:00,T, 20, 1, 20,-9.9,92.0, 11, 83, , , , , ,1006.0, , 5, 8, 1009, , 444, , , , , , , , , , , , , , , , , , , , , , , , , , 10,10.3, , 11, 3, 20.6, 1, , , , , , , , , , , , , , , , , , , , , , , ,,2024-03-07 12:00:00,10.3,37.080000000000005,A
Neville ,AU202324_08U,2024-03-07 18:00,T, 20, 1, 20,-10.0,92.9, 11, 83, , , , , ,1006.0, , 5, 8, 1009, , 444, , , , , , , , , , , , , , , , , , , , , , , , , , 10,10.3, , 20, 3, 20.6, 1, , , , , , , , , , , , , , , , , , , , , , , ,,2024-03-07 18:00:00,10.3,37.080000000000005,A
Neville ,AU202324_08U,2024-03-08 00:00,T, 20, 1, 20,-10.2,93.9, 11, 83, , , , , ,1005.0, , 5, 8, 1009, , 444, , , , , , , , , , , , , , , , , , , , , , , , , , 10,10.3, , 20, 3, 20.6, 1, , , , , , , , , , , , , , , , , , , , , , , ,,2024-03-08 00:00:00,10.3,37.080000000000005,A
Neville ,AU202324_08U,2024-03-08 06:00,T, 20, 1, 20,-10.4,93.9, 3, 111, , , , , ,1004.0, , 5, 8, 1009, , 370, , , , , , , , , , , , , , , , , , , , , , , , , , 10,10.3, , 20, 3, 20.6, 1, , , , , , , , , , , , , , , , , , , , , , , ,,2024-03-08 06:00:00,10.3,37.080000000000005,A
Neville ,AU202324_08U,2024-03-08 12:00,T, 20, 1, 20,-10.7,94.0, 11, 111, , , , 1, 1,1004.0, , 5, 8, 1008, , 444, , , , , , , , , , , , , , , , , , , , , , , , , , 10,12.9, , 11, 3, 20.6, 1, , , , , , , , , , , , , , , , , , , , , , , ,,2024-03-08 12:00:00,12.9,46.440000000000005,A
Neville ,AU202324_08U,2024-03-08 18:00,T, 20, 1, 20,-11.3,93.7, 10, 111, , , , 1, 1,1002.0, , 5, 8, 1008, , 444, , , , , , , , , , , , , , , , , , , , , , , , , , 10,12.9, , 11, 3, 23.2, 1, , , , , , , , , , , , , , , , , , , , , , , ,,2024-03-08 18:00:00,12.9,46.440000000000005,A
Neville ,AU202324_08U,2024-03-09 00:00,T, 20, 1, 20,-11.5,93.5, 11, 83, , , , 1, 1,1002.0, , 5, 8, 1008, , 444, , , , , , , , , , , , , , , , , , , , , , , , , , 10,15.4, , 11, 3, 23.2, 1, , , , , , , , , , , , , , , , , , , , , , , ,May have been multiple circulations along a trough over the next 24 hours - have put the centre in the 'most likely' location for the next few fixes,2024-03-09 00:00:00,15.4,55.440000000000005,A
Neville ,AU202324_08U,2024-03-09 06:00,T, 20, 1, 21,-11.5,93.8, 3, 83, , , , 1, 1,1001.0, , 5, 8, 1008, , 407, , , , , , 204, , , , , , , , , , , , , , , , , 10, , , 10,18.0, , 11, 3, 23.2, 1, , , , , , , , , , , , , , , , , , , , , , , ,,2024-03-09 06:00:00,18.0,64.8,A
Neville ,AU202324_08U,2024-03-09 12:00,T, 20, 1, 21,-11.9,94.2, 11, 83, , , , 1, 1,1000.0, , 5, 8, 1008, , 444, , , , , , 204, , , , , , , , , , , , , , , , , 20, , , 10,18.0, , 20, 3, 25.7, 1, , , , , , , , , , , , , , , , , , , , , , , ,,2024-03-09 12:00:00,18.0,64.8,A
Neville ,AU202324_08U,2024-03-09 18:00,T, 20, 1, 21,-11.8,95.2, 11, 56, , 1, 1, 1, 1,1000.0, , 5, 8, 1008, , 407, , , , , , 204, , , , , , , , , , , , , , , , , 20, , , 10,18.0, , 20, 3, 25.7, 1, , , , , , , , , , , , , , , , , , , , , , , ,,2024-03-09 18:00:00,18.0,64.8,A
Neville ,AU202324_08U,2024-03-10 00:00,T, 20, 1, 21,-12.1,95.8, 10, 37, , 1, 1, 1, 1,1000.0, , 5, 8, 1010, , 556, , , , , , 204, , , , , , , , , , , , , , , , , 20, , , 10,18.0, , 11, 3, 23.2, 1, , , , , , , , , , , , , , , , , , , , , , , ,A clear circulation is now forming,2024-03-10 00:00:00,18.0,64.8,A
Neville ,AU202324_08U,2024-03-10 06:00,T, 20, 1, 21,-12.4,97.3, 4, 19, , 1, 1, 1, 1,1000.0, , 5, 8, 1009, , 426, , , , , , 278, , , , , , , , , , , , , , , , , 10, , , 10,18.0, , 11, 3, 23.2, 1, , , , , , , , , , , , , , , , , , , , , , , ,,2024-03-10 06:00:00,18.0,64.8,A
Neville ,AU202324_08U,2024-03-10 12:00,T, 20, 1, 21,-12.2,97.8, 11, 37, 1.5, 1.5, 1.5, 1.5, 1.5,999.0, , 5, 8, 1008, , 426, , , , , , 278, , , , , , , , , , , , , , , , , 10, , , 10,18.0, , 20, 3, 23.2, 1, , , , , , , , , , , , , , , , , , , , , , , ,,2024-03-10 12:00:00,18.0,64.8,A
Neville ,AU202324_08U,2024-03-10 18:00,T, 20, 1, 21,-11.8,99.1, 11, 56, 2, 2, 2, 2, 2,999.0, , 5, 8, 1010, , 370, , , 167, , , 259, , , , , , , , , , , , , , , , , 10, , , 10,20.6, , 20, 3, 28.3, 1, , , , , , , , , , , , , , , , , , , , , , , ,,2024-03-10 18:00:00,20.6,74.16000000000001,A
Neville ,AU202324_08U,2024-03-11 00:00,T, 20, 1, 21,-11.7,100.6, 4, 46, 1.5, 2, 2, 1.5, 2,996.0, , 5, 8, 1008, , 352, , , 222, , , 278, , , , , , , , , , , , , , , , , 10, , , 10,20.6, , 11, 3, 28.3, 1, , , , , , , , , , , , , , , , , , , , , , , ,,2024-03-11 00:00:00,20.6,74.16000000000001,A
Neville ,AU202324_08U,2024-03-11 06:00,T, 20, 1, 21,-12.3,101.8, 4, 28, 1, 1, 1, 1, 1.5,995.0, , 5, 8, 1008, , 333, , , 259, , , 278, , , , , , , , , , , , , , , , , 10, , , 10,20.6, , 11, 3, 28.3, 1, , , , , , , , , , , , , , , , , , , , , , , ,,2024-03-11 06:00:00,20.6,74.16000000000001,A
Neville ,AU202324_08U,2024-03-11 12:00,T, 20, 1, 21,-12.3,102.5, 11, 37, 1.5, 1.5, 1.5, 1.5, 1.5,993.0, , 5, 8, 1008, , 333, , , 333, , , 296, , , , , , , , , , , , , , , , , 10, , , 10,23.2, , 11, 3, 33.4, 1, , , , , , , , , , , , , , , , , , , , , , , ,,2024-03-11 12:00:00,23.2,83.52,A
Neville ,AU202324_08U,2024-03-11 18:00,T, 20, 1, 21,-12.8,104.7, 11, 56, 1.5, 2, 2, 2, 2,993.0, , 5, 8, 1010, , 259, , , 259, , , 296, , , , , , , , , , , , , , , , , 10, , , 10,23.2, , 11, 3, 33.4, 1, , , , , , , , , , , , , , , , , , , , , , , ,,2024-03-11 18:00:00,23.2,83.52,A
Neville ,AU202324_08U,2024-03-12 00:00,T, 20, 1, 21,-13.4,105.5, 4, 28, 1, 1.5, 1.5, 1.5, 2,996.0, , 5, 8, 1008, , 333, , , 241, , , 333, , , , , , , , , , , , , , , , , 10, , , 10,20.6, , 11, 3, 28.3, 1, , , , , , , , , , , , , , , , , , , , , , , ,,2024-03-12 00:00:00,20.6,74.16000000000001,A
Neville ,AU202324_08U,2024-03-12 06:00,T, 20, 1, 21,-13.5,106.2, 3, 37, 1.5, 1.5, 1.5, 1.5, 2,998.0, , 5, 8, 1006, , 278, , , 204, , , 333, , , , , , , , , , , , , , , , , 10, , , 10,20.6, , 11, 3, 28.3, 1, , , , , , , , , , , , , , , , , , , , , , , ,,2024-03-12 06:00:00,20.6,74.16000000000001,A
Neville ,AU202324_08U,2024-03-12 12:00,T, 20, 1, 21,-13.4,107.4, 11, 56, 2.5, 2.5, 2, 2, 2,996.0, , 5, 8, 1006, , 333, , , 204, , , 259, , , , , , , , , , , , , , , , , 10, , , 10,18.0, , 11, 3, 25.7, 1, , , , , , , , , , , , , , , , , , , , , , , ,,2024-03-12 12:00:00,18.0,64.8,A
Neville ,AU202324_08U,2024-03-12 18:00,T, 20, 1, 21,-13.9,108.8, 11, 46, 1.5, 2, 2, 2, 2,998.0, , 5, 8, 1008, , 370, , , 167, , , , , , , , , , , , , , , , , , , , 10, , , 10,18.0, , 11, 3, 25.7, 1, , , , , , , , , , , , , , , , , , , , , , , ,,2024-03-12 18:00:00,18.0,64.8,A
Neville ,AU202324_08U,2024-03-13 00:00,T, 20, 1, 20,-14.0,109.0, 3, 46, , 1, 1, 1.5, 2,998.0, , 5, 8, 1006, , 315, , , , , , , , , , , , , , , , , , , , , , , , , , 10,15.4, , 11, 3, 23.2, 1, , , , , , , , , , , , , , , , , , , , , , , ,A second circualation in the trough may have formed further east - it looks like the original circulation is absorbed by the new one in the following 6-12 hours.,2024-03-13 00:00:00,15.4,55.440000000000005,A
Neville ,AU202324_08U,2024-03-13 06:00,T, 20, 1, 20,-14.5,110.7, 3, 56, , 1, 1, 1, 1.5,998.0, , 5, 8, 1004, , 222, , , , , , , , , , , , , , , , , , , , , , , , , , 10,15.4, , 11, 3, 23.2, 1, , , , , , , , , , , , , , , , , , , , , , , ,,2024-03-13 06:00:00,15.4,55.440000000000005,A
Neville ,AU202324_08U,2024-03-13 12:00,T, 20, 1, 21,-15.3,112.0, 11, 56, , 1, 1, 1, 1.5,996.0, , 5, 8, 1004, , 222, , , , , , 185, , , , , , , , , , , , , , , , , 10, , , 10,18.0, , 11, 3, 25.7, 1, , , , , , , , , , , , , , , , , , , , , , , ,,2024-03-13 12:00:00,18.0,64.8,A
Neville ,AU202324_08U,2024-03-13 18:00,T, 20, 1, 21,-15.4,113.0, 10, 56, 1.5, 2, 1.5, 1.5, 1.5,996.0, , 5, 8, 1006, , 241, , , , , , 148, , , , , , , , , , , , , , , , , 10, , , 10,18.0, , 11, 3, 25.7, 1, , , , , , , , , , , , , , , , , , , , , , , ,,2024-03-13 18:00:00,18.0,64.8,A
Neville ,AU202324_08U,2024-03-14 00:00,T, 20, 1, 21,-15.6,113.8, 4, 19, 1.5, 2, 1.5, 1.5, 1.5,994.0, , 5, 8, 1006, , 278, , , 130, , , 148, , , , , , , , , , , , , , , , , 10, , , 10,18.0, , 11, 3, 25.7, 1, , , , , , , , , , , , , , , , , , , , , , , ,,2024-03-14 00:00:00,18.0,64.8,A
Neville ,AU202324_08U,2024-03-14 06:00,T, 20, 1, 21,-16.2,114.9, 4, 19, , 1, 1, 1, 1.5,996.0, , 5, 8, 1005, , 278, , , 130, , , 148, , , , , , , , , , , , , , , , , 20, , , 10,18.0, , 20, 3, 25.7, 1, , , , , , , , , , , , , , , , , , , , , , , ,,2024-03-14 06:00:00,18.0,64.8,A
Neville ,AU202324_08U,2024-03-14 12:00,T, 20, 1, 21,-16.9,115.2, 11, 37, 1.5, 1.5, 1.5, 1.5, 1.5,994.0, , 5, 8, 1004, , 278, , , 130, , , 167, , , , , , , , , , , , , , , , , 20, , , 10,18.0, , 20, 3, 25.7, 1, , , , , , , , , , , , , , , , , , , , , , , ,,2024-03-14 12:00:00,18.0,64.8,A
Neville ,AU202324_08U,2024-03-14 18:00,T, 20, 1, 21,-17.0,115.3, 11, 46, 1.5, 1.5, 1.5, 1.5, 1.5,993.0, , 5, 8, 1004, , 222, , , , , , 167, , , , , , , , , , , , , , , , , 10, , , 10,18.0, , 11, 3, 25.7, 1, , , , , , , , , , , , , , , , , , , , , , , ,,2024-03-14 18:00:00,18.0,64.8,A
Neville ,AU202324_08U,2024-03-15 00:00,T, 20, 1, 21,-17.3,115.3, 3, 56, 3, 2.5, 2, 2, 2,993.0, , 5, 8, 1004, , 296, , , , , , 130, , , , , , , , , , , , , , , , , 20, , , 10,18.0, , 11, 3, 25.7, 1, , , , , , , , , , , , , , , , , , , , , , , ,,2024-03-15 00:00:00,18.0,64.8,A
Neville ,AU202324_08U,2024-03-15 06:00,T, 20, 1, 20,-17.5,115.2, 3, 56, 1.5, 2, 2, 2, 2,996.0, , 5, 8, 1004, , 259, , , , , , , , , , , , , , , , , , , , , , , , , , 10,15.4, , 11, 3, 23.2, 1, , , , , , , , , , , , , , , , , , , , , , , ,,2024-03-15 06:00:00,15.4,55.440000000000005,A
Neville ,AU202324_08U,2024-03-15 12:00,T, 20, 1, 20,-17.7,115.0, 11, 56, 1.5, 2, 2, 2, 2,996.0, , 5, 8, 1004, , 259, , , , , , , , , , , , , , , , , , , , , , , , , , 10,15.4, , 11, 3, 23.2, 1, , , , , , , , , , , , , , , , , , , , , , , ,,2024-03-15 12:00:00,15.4,55.440000000000005,A
Neville ,AU202324_08U,2024-03-15 18:00,T, 20, 1, 20,-17.6,114.8, 11, 46, 1.5, 1.5, 1.5, 1.5, 2,996.0, , 5, 8, 1004, , 222, , , , , , , , , , , , , , , , , , , , , , , , , , 10,15.4, , 20, 3, 23.2, 1, , , , , , , , , , , , , , , , , , , , , , , ,,2024-03-15 18:00:00,15.4,55.440000000000005,A
Neville ,AU202324_08U,2024-03-16 00:00,T, 20, 1, 20,-17.3,114.5, 3, 46, 3, 2, 2, 2, 2,998.0, , 5, 8, 1006, , 444, , , , , , , , , , , , , , , , , , , , , , , , , , 10,15.4, , 11, 3, 23.2, 1, , , , , , , , , , , , , , , , , , , , , , , ,,2024-03-16 00:00:00,15.4,55.440000000000005,A
Neville ,AU202324_08U,2024-03-16 06:00,T, 20, 1, 20,-17.2,114.1, 3, 46, , 1, 1, 1.5, 2,998.0, , 5, 8, 1006, , 407, , , , , , , , , , , , , , , , , , , , , , , , , , 10,15.4, , 11, 3, 23.2, 1, , , , , , , , , , , , , , , , , , , , , , , ,,2024-03-16 06:00:00,15.4,55.440000000000005,A
Neville ,AU202324_08U,2024-03-16 12:00,T, 20, 1, 20,-17.2,113.9, 10, 46, 1.5, 2, 2, 2, 2,998.0, , 5, 8, 1006, , 370, , , , , , , , , , , , , , , , , , , , , , , , , , 10,12.9, , 11, 3, 23.2, 1, , , , , , , , , , , , , , , , , , , , , , , ,,2024-03-16 12:00:00,12.9,46.440000000000005,A
Neville ,AU202324_08U,2024-03-16 18:00,T, 20, 1, 20,-17.3,113.8, 11, 46, 3, 2, 2, 2, 2,998.0, , 5, 8, 1004, , 222, , , , , , , , , , , , , , , , , , , , , , , , , , 10,12.9, , 11, 3, 23.2, 1, , , , , , , , , , , , , , , , , , , , , , , ,,2024-03-16 18:00:00,12.9,46.440000000000005,A
Neville ,AU202324_08U,2024-03-17 00:00,T, 20, 1, 20,-17.3,113.7, 3, 37, 3, 2, 2, 2, 2,1000.0, , 5, 8, 1005, , 296, , , , , , , , , , , , , , , , , , , , , , , , , , 10,12.9, , 11, 3, 23.2, 1, , , , , , , , , , , , , , , , , , , , , , , ,,2024-03-17 00:00:00,12.9,46.440000000000005,A
Neville ,AU202324_08U,2024-03-17 06:00,T, 20, 1, 20,-17.3,112.9, 4, 28, 2, 2, 2, 2, 2,999.0, , 5, 8, 1004, , 259, , , , , , , , , , , , , , , , , , , , , , , , , , 10,12.9, , 11, 3, 23.2, 1, , , , , , , , , , , , , , , , , , , , , , , ,,2024-03-17 06:00:00,12.9,46.440000000000005,A
Neville ,AU202324_08U,2024-03-17 12:00,T, 20, 1, 20,-17.3,112.8, 11, 46, 2, 2, 2, 2, 2,999.0, , 5, 8, 1004, , 259, , , , , , , , , , , , , , , , , , , , , , , , , , 10,12.9, , 11, 3, 23.2, 1, , , , , , , , , , , , , , , , , , , , , , , ,,2024-03-17 12:00:00,12.9,46.440000000000005,A
Neville ,AU202324_08U,2024-03-17 18:00,T, 20, 1, 20,-17.3,112.7, 11, 46, 2, 2, 2, 2, 2,998.0, , 5, 8, 1004, , 296, , , , , , , , , , , , , , , , , , , , , , , , , , 10,12.9, , 11, 3, 23.2, 1, , , , , , , , , , , , , , , , , , , , , , , ,,2024-03-17 18:00:00,12.9,46.440000000000005,A
Neville ,AU202324_08U,2024-03-18 00:00,T, 20, 1, 20,-17.2,112.6, 10, 46, 2, 2, 2, 2, 2,998.0, , 5, 8, 1006, , 389, , , , , , , , , , , , , , , , , , , , , , , , , , 10,15.4, , 11, 3, 23.2, 1, , , , , , , , , , , , , , , , , , , , , , , ,,2024-03-18 00:00:00,15.4,55.440000000000005,A
Neville ,AU202324_08U,2024-03-18 06:00,T, 20, 1, 20,-17.3,112.4, 11, 56, 2, 2, 2, 2, 2,998.0, , 5, 8, 1006, , 389, , , , , , , , , , , , , , , , , , , , , , , , , , 10,15.4, , 11, 3, 23.2, 1, , , , , , , , , , , , , , , , , , , , , , , ,,2024-03-18 06:00:00,15.4,55.440000000000005,A
Neville ,AU202324_08U,2024-03-18 12:00,T, 20, 1, 21,-17.6,112.3, 10, 46, 3, 2.5, 2.5, 2.5, 2.5,996.0, , 5, 8, 1006, , 389, , , , 167, , , , , , , , , , , , , , , , , , , 10, , , 10,18.0, , 11, 3, 25.7, 1, , , , , , , , , , , , , , , , , , , , , , , ,,2024-03-18 12:00:00,18.0,64.8,A
Neville ,AU202324_08U,2024-03-18 18:00,T, 20, 1, 21,-17.8,112.1, 11, 37, 2.5, 2, 2.5, 2.5, 2.5,996.0, , 5, 8, 1006, , 296, , , , , 148, , , , , , , , , , , , , , , , , , 10, , , 10,18.0, , 11, 3, 25.7, 1, , , , , , , , , , , , , , , , , , , , , , , ,,2024-03-18 18:00:00,18.0,64.8,A
Neville ,AU202324_08U,2024-03-19 00:00,T, 20, 1, 21,-18.0,111.9, 11, 37, 3, 2.5, 2.5, 2.5, 2.5,996.0, , 5, 8, 1007, , 296, , , , , 148, , , , , , , , , , , , , , , , , , 10, , , 10,18.0, , 11, 3, 25.7, 1, , , , , , , , , , , , , , , , , , , , , , , ,,2024-03-19 00:00:00,18.0,64.8,A
Neville ,AU202324_08U,2024-03-19 06:00,T, 20, 1, 21,-18.1,111.7, 3, 37, 2.5, 2.5, 2.5, 2.5, 2.5,996.0, , 5, 8, 1008, , 370, , , , , 148, , , , , , , , , , , , , , , , , , 20, , , 10,18.0, , 20, 3, 25.7, 1, , , , , , , , , , , , , , , , , , , , , , , ,,2024-03-19 06:00:00,18.0,64.8,A
Neville ,AU202324_08U,2024-03-19 12:00,T, 20, 1, 21,-17.9,111.4, 3, 37, 2, 2, 2.5, 2.5, 2.5,996.0, , 5, 8, 1008, , 370, , , , , 148, , , , , , , , , , , , , , , , , , 10, , , 10,18.0, , 11, 3, 25.7, 1, , , , , , , , , , , , , , , , , , , , , , , ,,2024-03-19 12:00:00,18.0,64.8,A
Neville ,AU202324_08U,2024-03-19 18:00,T, 20, 1, 20,-17.8,110.8, 11, 19, 2.5, 3, 2.5, 2.5, 2.5,998.0, , 5, 8, 1010, , 444, , , , , , , , , , , , , , , , , , , , , , , , , , 10,15.4, , 11, 3, 23.2, 1, , , , , , , , , , , , , , , , , , , , , , , ,,2024-03-19 18:00:00,15.4,55.440000000000005,A
Neville ,AU202324_08U,2024-03-20 00:00,T, 20, 1, 20,-17.7,110.2, 11, 28, 2.5, 3, 2.5, 2.5, 2.5,999.0, , 5, 8, 1010, , 463, , , , , , , , , , , , , , , , , , , , , , , , , , 10,15.4, , 11, 3, 23.2, 1, , , , , , , , , , , , , , , , , , , , , , , ,,2024-03-20 00:00:00,15.4,55.440000000000005,A
Neville ,AU202324_08U,2024-03-20 06:00,T, 20, 1, 30,-17.7,109.6, 11, 28, 3, 3.5, 3.5, 3, 3,998.0, , 5, 8, 1008, , 370, , , 46, 83, 83, 46, , , , , , , , , , , 28, , , , , 9, 20, , , 10,18.0, , 11, 3, 25.7, 1, , , , , , , , , , , , , , , , , , , , , , , ,Surface wind field on scatterometry shows lighter winds than would be expected from the cloud signature,2024-03-20 06:00:00,18.0,64.8,A
Neville ,AU202324_08U,2024-03-20 12:00,T, 20, 1, 30,-17.7,108.7, 10, 28, 4, 4, 4, 3.5, 3.5,992.0, , 5, 8, 1008, , 333, , , 46, 83, 83, 46, , , , , , , , , , , 28, , , , , 8, 10, , , 10,23.2, , 11, 3, 33.4, 1, , , , , , , , , , , , , , , , , , , , , , , ,,2024-03-20 12:00:00,23.2,83.52,A
Neville ,AU202324_08U,2024-03-20 18:00,T, 20, 1, 30,-17.8,107.9, 11, 28, 4, 3.5, 4, 4, 4,986.0, , 5, 8, 1008, , 370, , , 56, 93, 93, 56, , 37, 46, 46, 37, , , , , , 24, , , , , 20, 20, , , 10,28.3, , 13, 3, 38.6, 1, , , , , , , , , , , , , , , , , , , , , , , ,,2024-03-20 18:00:00,28.3,101.88000000000001,A
Neville ,AU202324_08U,2024-03-21 00:00,T, 20, 1, 40,-17.9,106.8, 4, 28, 4.5, 4, 4.5, 4.5, 4.5,978.0, , 5, 8, 1010, , 370, , , 74, 111, 111, 74, , 37, 56, 56, 46, , 22, 28, 28, 22, 22, , , , , 8, 20, , , 10,36.0, , 13, 3, 51.4, 1, 9.3, , 1, , , , , , , , , , , , , , , , , , , , ,,2024-03-21 00:00:00,36.0,129.6,A
Neville ,AU202324_08U,2024-03-21 06:00,T, 20, 1, 40,-17.9,105.8, 4, 28, 5, 4.5, 5, 5, 5,967.0, , 5, 8, 1008, , 296, , , 74, 130, 130, 74, , 46, 56, 74, 46, , 28, 28, 28, 28, 19, , , , , 8, 20, , , 10,41.2, , 13, 3, 56.6, 1, 11.1, , 1, , , , , , , , , , , , , , , , , , , , ,,2024-03-21 06:00:00,41.2,148.32000000000002,A
Neville ,AU202324_08U,2024-03-21 12:00,T, 20, 1, 40,-17.8,104.7, 10, 19, 5.5, 5, 5, 5.5, 5.5,953.0, , 5, 8, 1008, , 278, , , 74, 157, 130, 74, , 46, 56, 83, 46, , 33, 37, 37, 28, 17, , , , , 20, 20, , , 10,48.9, , 20, 3, 69.5, 1, 11.1, , 1, , , , , , , , , , , , , , , , , , , , ,SAR pass from 1127Z gives good confidence in structure and intensity,2024-03-21 12:00:00,48.9,176.04,A
Neville ,AU202324_08U,2024-03-21 18:00,T, 20, 1, 40,-17.7,103.7, 4, 19, 5, 5.5, 5.5, 5.5, 5.5,953.0, , 5, 8, 1008, , 278, , , 74, 167, 130, 65, , 46, 56, 83, 46, , 33, 37, 37, 28, 15, , , , , 8, 20, , , 10,48.9, , 13, 3, 69.5, 1, 11.1, , 1, , , , , , , , , , , , , , , , , , , , ,,2024-03-21 18:00:00,48.9,176.04,A
Neville ,AU202324_08U,2024-03-22 00:00,T, 20, 1, 40,-17.8,102.6, 10, 19, 6, 6, 6, 6, 6,948.0, , 5, 8, 1008, , 241, , , 74, 167, 130, 74, , 46, 56, 83, 37, , 28, 33, 37, 28, 13, , , , , 20, 20, , , 10,51.4, , 20, 3, 72, 1, 13, , 1, , , , , , , , , , , , , , , , , , , , ,SAR pass from 2237Z gives good confidence in structure and intensity,2024-03-22 00:00:00,51.4,185.04,A
Neville ,AU202324_08U,2024-03-22 06:00,T, 20, 1, 40,-18.0,101.1, 4, 19, 5, 5.5, 5.5, 5, 5.5,952.0, , 5, 8, 1008, , 222, , , 74, 148, 130, 56, , 46, 56, 83, 37, , 28, 33, 37, 28, 15, , , , , 20, 20, , , 10,48.9, , 13, 3, 69.5, 1, 13, , 1, , , , , , , , , , , , , , , , , , , , ,,2024-03-22 06:00:00,48.9,176.04,A
Neville ,AU202324_08U,2024-03-22 12:00,T, 20, 1, 40,-18.3,99.5, 4, 19, 4.5, 4.5, 4.5, 4.5, 5,960.0, , 5, 8, 1006, , 185, , , 74, 148, 130, 56, , 46, 65, 83, 37, , 37, 37, 46, 28, 19, , , , , 8, 20, , , 10,43.7, , 13, 3, 61.7, 1, 13, , 1, , , , , , , , , , , , , , , , , , , , ,,2024-03-22 12:00:00,43.7,157.32000000000002,A
Neville ,AU202324_08U,2024-03-22 18:00,T, 20, 1, 40,-18.6,97.9, 11, 19, 4.5, 4.5, 4.5, 4.5, 5,961.0, , 5, 8, 1008, , 157, , , 74, 148, 130, 56, , 46, 74, 83, 37, , 37, 46, 46, 28, 24, , , , , 8, 20, , , 10,43.7, , 13, 3, 61.7, 1, 14.8, , 1, , , , , , , , , , , , , , , , , , , , ,,2024-03-22 18:00:00,43.7,157.32000000000002,A
Neville ,AU202324_08U,2024-03-23 00:00,T, 20, 1, 40,-19.0,96.5, 11, 28, 5, 5.5, 5, 5, 5,966.0, , 5, 8, 1008, , 130, , , 74, 130, 130, 56, , 56, 65, 65, 37, , 37, 46, 37, 28, 28, , , , , 10, 10, , , 10,41.2, , 11, 3, 56.6, 1, 16.7, , 1, , , , , , , , , , , , , , , , , , , , ,,2024-03-23 00:00:00,41.2,148.32000000000002,A
Neville ,AU202324_08U,2024-03-23 06:00,T, 20, 1, 40,-19.9,94.7, 3, 37, 4.5, 4, 4, 4, 4.5,972.0, , 5, 8, 1010, , 111, , , 74, 148, 130, 74, , 46, 65, 65, 37, , 37, 37, 37, 28, 28, , , , , 10, 10, , , 10,38.6, , 11, 3, 54, 1, , , , , , , , , , , , , , , , , , , , , , , ,,2024-03-23 06:00:00,38.6,138.96,A
Neville ,AU202324_08U,2024-03-23 12:00,T, 20, 1, 40,-20.5,93.8, 11, 37, 4, 3.5, 4, 4, 4.5,979.0, , 5, 8, 1010, , 185, , , 74, 148, 130, 74, , 37, 56, 56, 37, , , 37, , , 33, , , , , 8, 20, , , 10,33.4, , 13, 3, 46.3, 1, , , , , , , , , , , , , , , , , , , , , , , ,,2024-03-23 12:00:00,33.4,120.24,A
Neville ,AU202324_08U,2024-03-23 18:00,T, 20, 1, 30,-21.2,92.3, 11, 37, 3, 3, 3, 3.5, 4,986.0, , 5, 8, 1010, , 148, , , 74, 148, 130, 74, , , 56, 56, , , , , , , 37, , , , , 20, 20, , , 10,28.3, , 13, 3, 38.6, 1, , , , , , , , , , , , , , , , , , , , , , , ,,2024-03-23 18:00:00,28.3,101.88000000000001,A
Neville ,AU202324_08U,2024-03-24 00:00,T, 20, 1, 30,-22.1,91.4, 11, 28, 3, 3.5, 3, 3, 3.5,994.0, , 5, 8, 1014, , 167, , , 74, 148, 130, , , , 56, 56, , , , , , , 46, , , , , 8, 10, , , 10,25.7, , 11, 3, 36, 1, , , , , , , , , , , , , , , , , , , , , , , ,,2024-03-24 00:00:00,25.7,92.52,A
Neville ,AU202324_08U,2024-03-24 06:00,T, 20, 1, 21,-22.7,90.2, 3, 28, 3, 2.5, 2, 2.5, 3,997.0, , 5, 8, 1014, , 148, , , , 185, 148, , , , , , , , , , , , , , , , , , 10, , , 10,23.2, , 11, 3, 33.4, 1, , , , , , , , , , , , , , , , , , , , , , , ,,2024-03-24 06:00:00,23.2,83.52,A
Neville ,AU202324_08U,2024-03-24 12:00,T, 20, 1, 21,-23.0,89.3, 3, 28, 1.5, 2.5, 2, 2, 2.5,999.0, , 5, 8, 1014, , 148, , , , 167, 111, , , , , , , , , , , , , , , , , , 10, , , 10,20.6, , 11, 3, 28.3, 1, , , , , , , , , , , , , , , , , , , , , , , ,,2024-03-24 12:00:00,20.6,74.16000000000001,A
Neville ,AU202324_08U,2024-03-24 18:00,T, 20, 1, 21,-23.4,88.2, 3, 28, , 2, 1.5, 1.5, 2,1002.0, , 5, 8, 1016, , 148, , , , 111, 111, , , , , , , , , , , , , , , , , , 10, , , 10,18.0, , 11, 3, 25.7, 1, , , , , , , , , , , , , , , , , , , , , , , ,,2024-03-24 18:00:00,18.0,64.8,A
Neville ,AU202324_08U,2024-03-25 00:00,T, 20, 1, 20,-24.0,87.1, 3, 28, , , , , ,1002.0, , 5, 8, 1014, , 130, , , , , , , , , , , , , , , , , , , , , , , , , , 10,15.4, , 11, 3, 23.2, 1, , , , , , , , , , , , , , , , , , , , , , , ,,2024-03-25 00:00:00,15.4,55.440000000000005,A
Neville ,AU202324_08U,2024-03-25 06:00,T, 20, 1, 20,-24.6,86.4, 3, 28, , , , , ,1004.0, , 5, 8, 1014, , 111, , , , , , , , , , , , , , , , , , , , , , , , , , 10,12.9, , 11, 3, 23.2, 1, , , , , , , , , , , , , , , , , , , , , , , ,,2024-03-25 06:00:00,12.9,46.440000000000005,A
Neville ,AU202324_08U,2024-03-25 12:00,T, 20, 1, 20,-25.6,86.2, 3, 28, , , , , ,1005.0, , 5, 8, 1014, , 111, , , , , , , , , , , , , , , , , , , , , , , , , , 10,10.3, , 11, 3, 20.6, 1, , , , , , , , , , , , , , , , , , , , , , , ,,2024-03-25 12:00:00,10.3,37.080000000000005,A
Olga ,AU202324_11U,2024-04-04 12:00,T, 20, 1, 20,-11.0,119.5, 10, 56, , , , , ,1005.0, , 7, , , , , , , , , , , , , , , , , , , , , , , , , , , , , , 10,5.1, , 11, 3, 23.2, 1, , , , , , , , , , , , , , , , , , , , , , , ,14z ASCAT pass indicated a low in a trough south of Sumba,2024-04-04 12:00:00,5.1,18.36,A
Olga ,AU202324_11U,2024-04-04 18:00,T, 20, 1, 20,-11.5,119.7, 3, 56, 1.5, , , 1.5, 1.5,1005.0, , 5, 8, 1008, , 111, , , , , , , , , , , , , , , , , , , , , , , , , , 10,10.3, , 20, 3, 23.2, 1, , , , , , , , , , , , , , , , , , , , , , , ,,2024-04-04 18:00:00,10.3,37.080000000000005,A
Olga ,AU202324_11U,2024-04-05 00:00,T, 20, 1, 20,-11.9,119.9, 10, 37, 1.5, , , 1.5, 1.5,1005.0, , 5, 8, 1010, , 241, , , , , , , , , , , , , , , , , , , , , , , , , , 10,10.3, , 11, 3, 23.2, 1, , , , , , , , , , , , , , , , , , , , , , , ,01z ASCAT pass gave good fix,2024-04-05 00:00:00,10.3,37.080000000000005,A
Olga ,AU202324_11U,2024-04-05 06:00,T, 20, 1, 20,-12.2,119.9, 3, 37, 1.5, , , 1.5, 1.5,1003.0, , 5, 8, 1008, , 194, , , , , , , , , , , , , , , , , , , , , , , , , , 10,12.9, , 11, 3, 23.2, 1, , , , , , , , , , , , , , , , , , , , , , , ,,2024-04-05 06:00:00,12.9,46.440000000000005,A
Olga ,AU202324_11U,2024-04-05 12:00,T, 20, 1, 20,-12.5,119.95, 3, 56, 2, , , 2, 2,1000.0, , 5, 8, 1008, , 241, , , , , , , , , , , , , , , , , , , , , , , , , , 10,15.4, , 20, 3, 23.2, 1, , , , , , , , , , , , , , , , , , , , , , , ,,2024-04-05 12:00:00,15.4,55.440000000000005,A
Olga ,AU202324_11U,2024-04-05 18:00,T, 20, 1, 21,-12.6,120.0, 11, 37, 2.5, 2.5, 2.5, 2.5, 2.5,999.0, , 5, 8, 1010, , 278, , , , 111, 111, , , , , , , , , , , , , , , , , , 10, , , 10,18.0, , 20, 3, 25.7, 1, , , , , , , , , , , , , , , , , , , , , , , ,AMSR2 pass at 17z helped with fix and with wind radii,2024-04-05 18:00:00,18.0,64.8,A
Olga ,AU202324_11U,2024-04-06 00:00,T, 20, 1, 30,-12.7,120.1, 10, 37, 3, 3, 3, 3, 3,996.0, , 5, 8, 1010, , 296, , , 93, 93, 74, 74, , , , , , , , , , , 46, , , , , 10, 10, , , 10,20.6, , 11, 3, 28.3, 1, , , , , , , , , , , , , , , , , , , , , , , ,0130 ASCAT pass helped with location and radii,2024-04-06 00:00:00,20.6,74.16000000000001,A
Olga ,AU202324_11U,2024-04-06 06:00,T, 20, 1, 30,-13.1,120.1, 11, 19, 3.5, 3.5, 3.5, 3.5, 3.5,988.0, , 5, 8, 1007, , 204, , , 93, 111, 93, 74, , 56, 56, , , , , , , , 37, , , , , 7, 7, , , 10,25.7, , 20, 3, 36, 1, , , , , , , , , , , , , , , , , , , , , , , ,AMSR2 0533UTC,2024-04-06 06:00:00,25.7,92.52,A
Olga ,AU202324_11U,2024-04-06 12:00,T, 20, 1, 30,-13.6,120.1, 10, 28, 4, 4, 4, 4, 4,985.0, , 5, 8, 1008, , 222, , , 93, 130, 111, 93, , 56, 56, , , , , , , , 28, , , , , 10, 10, , , 10,28.3, , 20, 3, 38.6, 1, , , , , , , , , , , , , , , , , , , , , , , ,SSMIS 1053UTC,2024-04-06 12:00:00,28.3,101.88000000000001,A
Olga ,AU202324_11U,2024-04-06 18:00,T, 20, 1, 40,-14.1,119.85, 11, 28, 4, 4, 4, 4, 4,978.0, , 5, 8, 1008, , 278, , , 93, 130, 111, 74, , 46, 74, 56, 46, , 46, 46, , , 28, , , , , 10, 10, , , 10,33.4, , 20, 3, 46.3, 1, , , , , , , , , , , , , , , , , , , , , , , ,ASCAT-C 1318UTC and ASCAT-B 1403 (partial),2024-04-06 18:00:00,33.4,120.24,A
Olga ,AU202324_11U,2024-04-07 00:00,T, 20, 1, 40,-14.4,119.45, 4, 28, 5, 4.5, 4.5, 5, 5,970.0, , 5, 8, 1008, , 278, , , 93, 130, 111, 74, , 46, 74, 74, 46, , 46, 46, 46, 46, 28, , , , , 8, 8, , , 10,38.6, , 20, 3, 54, 1, 7.4, , 1, , , , , , , , , , , , , , , , , , , , ,estimating max wind radii from earlier microwave pass,2024-04-07 00:00:00,38.6,138.96,A
Olga ,AU202324_11U,2024-04-07 06:00,T, 20, 1, 40,-14.8,119.2, 4, 28, 6.5, 5, 5.5, 6, 6,949.0, , 5, 8, 1006, , 148, , , 93, 130, 130, 74, , 46, 74, 83, 46, , 56, 56, 56, 56, 22, , , , , 8, 8, , , 10,48.9, , 20, 3, 69.5, 1, 16.7, , 1, , , , , , , , , , , , , , , , , , , , ,partial AMSR2 pass for southwest radii; DT is 6.5 but FT constrained to 6.0,2024-04-07 06:00:00,48.9,176.04,A
Olga ,AU202324_11U,2024-04-07 12:00,T, 20, 1, 40,-15.4,119.1, 4, 19, 6.5, 5.5, 6, 6.5, 6.5,934.0, , 5, 8, 1006, , 148, , , 130, 148, 148, 93, , 74, 93, 93, 65, , 46, 56, 56, 46, 15, , , , , 10, 10, , , 10,56.6, , 20, 3, 79.7, 1, 11.1, , 1, , , , , , , , , , , , , , , , , , , , ,SAR pass gave good radii; DT reached a peak of 6.5 here,2024-04-07 12:00:00,56.6,203.76000000000002,A
Olga ,AU202324_11U,2024-04-07 18:00,T, 20, 1, 40,-15.8,119.0, 11, 19, 5, 4.5, 4.5, 5, 6,933.0, , 5, 8, 1006, , 222, , , 111, 148, 148, 93, , 65, 93, 93, 65, , 46, 46, 65, 37, 15, , , , , 10, 10, , , 10,56.6, , 20, 3, 79.7, 1, , , , , , , , , , , , , , , , , , , , , , , ,AMSR2 pass for radii,2024-04-07 18:00:00,56.6,203.76000000000002,A
Olga ,AU202324_11U,2024-04-08 00:00,T, 20, 1, 40,-16.2,118.8, 3, 28, 5, 4.5, 4.5, 4.5, 5,953.0, , 5, 8, 1010, , 222, , , 111, 148, 148, 93, , 65, 93, 93, 56, , 46, 46, 56, 37, 19, , , , , 10, 10, , , 10,48.9, , 20, 3, 69.5, 1, , , , , , , , , , , , , , , , , , , , , , , ,recent SAR pass for radii,2024-04-08 00:00:00,48.9,176.04,A
Olga ,AU202324_11U,2024-04-08 06:00,T, 20, 1, 40,-16.5,118.7, 11, 28, 3, 4.5, 4, 4, 4.5,969.0, , 5, 8, 1008, , 222, , , 74, 148, 111, 74, , 46, 56, 56, 46, , , 46, 46, , 28, , , , , 7, 7, , , 10,38.6, , 20, 3, 54, 1, , , , , , , , , , , , , , , , , , , , , , , ,ASCAT-C 0143UTC,2024-04-08 06:00:00,38.6,138.96,A
Olga ,AU202324_11U,2024-04-08 12:00,T, 20, 1, 30,-16.6,118.5, 11, 37, 3, 4.5, 4, 3.5, 4,981.0, , 5, 8, 1008, , 222, , , 74, 167, 167, 74, , 65, 65, 93, 46, , , , , , 37, , , , , 10, 10, , , 10,30.9, , 20, 3, 43.7, 1, , , , , , , , , , , , , , , , , , , , , , , ,recent SAR; SMAP and ASCAT passes helped with gale radii,2024-04-08 12:00:00,30.9,111.24,A
Olga ,AU202324_11U,2024-04-08 18:00,T, 20, 1, 30,-16.7,118.1, 11, 28, 3, 3.5, 3, 3, 3.5,991.0, , 5, 8, 1010, , 222, , , 74, 222, 185, 102, , , 74, 93, 65, , , , , , 46, , , , , 10, 10, , , 10,25.7, , 20, 3, 36, 1, , , , , , , , , , , , , , , , , , , , , , , ,ASCAT-B 1324UTC has AMSR2 1759UTC for position,2024-04-08 18:00:00,25.7,92.52,A
Olga ,AU202324_11U,2024-04-09 00:00,T, 20, 1, 30,-17.2,117.5, 3, 19, 2, 3, 2.5, 2.5, 3,993.0, , 5, 8, 1010, , 241, , , 65, 222, 185, 93, , , , , , , , , , , 46, , , , , 7, 7, , , 10,23.2, , 20, 3, 33.4, 1, , , , , , , , , , , , , , , , , , , , , , , ,Centre exposed on Vis imagery; SAR RCM-2 2148UTC,2024-04-09 00:00:00,23.2,83.52,A
Olga ,AU202324_11U,2024-04-09 06:00,T, 20, 1, 30,-17.6,116.7, 11, 28, 2.5, 3, 3, 2.5, 3,993.0, , 5, 8, 1008, , 241, , , 56, 185, 148, 74, , , , , , , , , , , 46, , , , , 7, 7, , , 10,23.2, , 20, 3, 28.3, 1, , , , , , , , , , , , , , , , , , , , , , , ,,2024-04-09 06:00:00,23.2,83.52,A
Olga ,AU202324_11U,2024-04-09 12:00,T, 20, 1, 30,-17.9,116.4, 3, 28, 2.5, 2.5, 2.5, 2.5, 3,993.0, , 5, 8, 1008, , 167, , , 56, 167, 148, , , , , , , , , , , , 37, , , , , 10, 10, , , 10,23.2, , 20, 3, 28.3, 1, , , , , , , , , , , , , , , , , , , , , , , ,SAR pass used for radii,2024-04-09 12:00:00,23.2,83.52,A
Olga ,AU202324_11U,2024-04-09 18:00,T, 20, 1, 21,-18.4,116.3, 3, 28, 2.5, 2.5, 2, 2, 2.5,993.0, , 5, 8, 1010, , 167, , , , 167, 222, , , , , , , , , , , , , , , , , , 7, , , 10,23.2, , 20, 3, 28.3, 1, , , , , , , , , , , , , , , , , , , , , , , ,Deep convection develops closer to centre; HSCAT at 1830UTC; Gales at VaranusIs not Legendre; gales start at Legendre at 19z,2024-04-09 18:00:00,23.2,83.52,A
Olga ,AU202324_11U,2024-04-10 00:00,T, 20, 1, 21,-18.9,116.1, 3, 28, 2, 2, 2, 2, 2.5,993.0, , 5, 8, 1010, , 167, , , , 185, 204, , , , , , , , , , , , , , , , , , 2, , , 10,23.2, , 20, 3, 33.4, 1, , , , , , , , , , , , , , , , , , , , , , , ,Gales at Legndre Is and Varanus,2024-04-10 00:00:00,23.2,83.52,A
Olga ,AU202324_11U,2024-04-10 06:00,T, 20, 1, 21,-19.8,115.6, 3, 28, 1.5, 2, 2, 2, 2,997.0, , 5, 8, 1010, , 167, , , , 148, 93, , , , , , , , , , , , , , , , , , 2, , , 10,20.6, , 20, 3, 28.3, 1, , , , , , , , , , , , , , , , , , , , , , , ,Gales at Varanus Is,2024-04-10 06:00:00,20.6,74.16000000000001,A
Olga ,AU202324_11U,2024-04-10 12:00,T, 20, 1, 21,-20.4,115.2, 3, 28, , 1.5, 1.5, 1.5, 2,1003.0, , 5, 8, 1013, , 130, , , , 56, 56, , , , , , , , , , , , , , , , , , 10, , , 10,18.0, , 20, 3, 25.7, 1, , , , , , , , , , , , , , , , , , , , , , , ,Varanus Is just out of gales at 12UTC; Barrow Is near gales,2024-04-10 12:00:00,18.0,64.8,A
Olga ,AU202324_11U,2024-04-10 18:00,T, 20, 1, 21,-21.0,114.7, 3, 28, , , , 1, 1.5,1004.0, , 5, 8, 1012, , 130, , , , 56, , , , , , , , , , , , , , , , , , , 2, , , 10,18.0, , 20, 3, 25.7, 1, , , , , , , , , , , , , , , , , , , , , , , ,ASCAT-B 1422UTC shows small area of gales south of centre. Near gales at Thevenard Is at 16UTC;,2024-04-10 18:00:00,18.0,64.8,A
Olga ,AU202324_11U,2024-04-11 00:00,T, 20, 1, 20,-21.7,114.0, 3, 28, , , , , ,1006.0, , 7, , 1012, , 111, , , , , , , , , , , , , , , , , , , , , , , , , , 10,12.9, , 20, 3, 23.2, 1, , , , , , , , , , , , , , , , , , , , , , , ,Centre exposed on visible imagery,2024-04-11 00:00:00,12.9,46.440000000000005,A
Olga ,AU202324_11U,2024-04-11 06:00,T, 20, 1, 20,-22.1,113.7, 3, 28, , , , , ,1007.0, , 7, , 1012, , 111, , , , , , , , , , , , , , , , , , , , , , , , , , 10,12.9, , 20, 3, 23.2, 1, , , , , , , , , , , , , , , , , , , , , , , ,,2024-04-11 06:00:00,12.9,46.440000000000005,A
Olga ,AU202324_11U,2024-04-11 12:00,T, 20, 1, 20,-22.2,113.6, 3, 28, , , , , ,1008.0, , 7, , , , , , , , , , , , , , , , , , , , , , , , , , , , , , 10,12.9, , 20, 3, 23.2, 1, , , , , , , , , , , , , , , , , , , , , , , ,,2024-04-11 12:00:00,12.9,46.440000000000005,A
Olga ,AU202324_11U,2024-04-11 18:00,T, 20, 1, 20,-22.2,113.6, 3, 28, , , , , ,1009.0, , 7, , , , , , , , , , , , , , , , , , , , , , , , , , , , , , 10,12.9, , 20, 3, 23.2, 1, , , , , , , , , , , , , , , , , , , , , , , ,,2024-04-11 18:00:00,12.9,46.440000000000005,A
Sean ,AU202425_11U,2025-01-17 00:00,T, 20, 4, 10,-17.7,122.2, 6, 56, , , , , ,1000.0, , 6, 8, 1004, , 185, , , , , , , , , , , , , , , , , , , , , , , , , , ,10.3, , 11, , 23.2, 1, , , , , , , , , , , , , , , , , , , , , , , ,Broome radar,2025-01-17 00:00:00,10.3,37.080000000000005,A
Sean ,AU202425_11U,2025-01-17 06:00,T, 20, 1, 10,-18.2,121.7, 6, 37, , , , , ,1000.0, , 6, 8, 1004, , 185, , , , , , , , , , , , , , , , , , , , , , , , , , ,12.9, , 11, , 23.2, 1, , , , , , , , , , , , , , , , , , , , , , , ,Broome radar for position. AMSR2-RSS 05:46Z for intensity,2025-01-17 06:00:00,12.9,46.440000000000005,A
Sean ,AU202425_11U,2025-01-17 12:00,T, 20, 1, 20,-18.9,120.7, 6, 56, , , , , ,998.0, , 6, 8, 1002, , 185, , , , , , , , , , , , , , , , , , , , , , , , , , ,12.9, , 11, , 23.2, 1, , , , , , , , , , , , , , , , , , , , , , , ,Broome radar,2025-01-17 12:00:00,12.9,46.440000000000005,A
Sean ,AU202425_11U,2025-01-17 18:00,T, 20, 1, 20,-19.1,120.2, 3, 74, 1, , , 1, 1,998.0, , 6, 8, 1002, , 333, , , , , , , , , , , , , , , , , , , , , , , , , , ,15.4, , 11, , 23.2, 1, , , , , , , , , , , , , , , , , , , , , , , ,,2025-01-17 18:00:00,15.4,55.440000000000005,A
Sean ,AU202425_11U,2025-01-18 00:00,T, 20, 1, 20,-19.5,119.2, 6, 56, 1.5, , , 1.5, 1.5,998.0, , 6, 8, 1002, , 333, , , , , , , , , , , , , , , , , , , , , , , , , , ,15.4, , 11, , 23.2, 1, , , , , , , , , , , , , , , , , , , , , , , ,Port Hedland radar,2025-01-18 00:00:00,15.4,55.440000000000005,A
Sean ,AU202425_11U,2025-01-18 06:00,T, 20, 1, 20,-19.3,117.9, 6, 37, 2.5, , , 2, 2,996.0, , 6, 8, 1002, , 370, , , , , , , , , , , , , , , , , , , , , , , , , , ,15.4, , 11, , 23.2, 1, , , , , , , , , , , , , , , , , , , , , , , ,Karratha and Port Hedland radars,2025-01-18 06:00:00,15.4,55.440000000000005,A
Sean ,AU202425_11U,2025-01-18 12:00,T, 20, 1, 21,-18.8,117.5, 6, 56, 2.5, , , 2.5, 2.5,996.0, , 6, 8, 1002, , 426, , , , 111, , , , , , , , , , , , , , , , , , , 10, , , ,18.0, , 11, , 25.7, 1, , , , , , , , , , , , , , , , , , , , , , , ,Karratha radar. ASCAT-C UHR 14:18Z for intensity,2025-01-18 12:00:00,18.0,64.8,A
Sean ,AU202425_11U,2025-01-18 18:00,T, 20, 1, 21,-19.1,117.2, 6, 37, 3.5, 2, 2.5, 2.5, 2.5,993.0, , 6, 8, 1002, , 500, , , , 148, 148, , , , , , , , , , , , , , , , , , 10, , , ,20.6, , 11, , 28.3, 1, , , , , , , , , , , , , , , , , , , , , , , ,Karratha radar. AMSR2-RSS 17:21Z for R34,2025-01-18 18:00:00,20.6,74.16000000000001,A
Sean ,AU202425_11U,2025-01-19 00:00,T, 20, 1, 30,-19.4,116.1, 6, 28, 3.5, 2.5, 3, 3, 3,989.0, , 6, 8, 1002, , 463, , , 130, 185, 167, 93, , , , , , , , , , , 46, , , , , 10, 10, , , ,23.2, , 13, , 33.4, 1, , , , , , , , , , , , , , , , , , , , , , , ,Karratha radar. SMAP 22:17 for R34,2025-01-19 00:00:00,23.2,83.52,A
Sean ,AU202425_11U,2025-01-19 06:00,T, 20, 1, 30,-19.5,115.2, 6, 28, 3.5, 3, 3, 3, 3,986.0, , 6, 8, 1002, , 463, , , 130, 278, 204, 130, , , 130, 111, , , , , , , 37, , , , , 10, 10, 10, , ,28.3, , 13, , 38.6, 1, , , , , , , , , , , , , , , , , , , , , , , ,Karratha radar,2025-01-19 06:00:00,28.3,101.88000000000001,A
Sean ,AU202425_11U,2025-01-19 12:00,T, 20, 1, 40,-20.1,114.4, 6, 28, 5.5, 4, 4, 4, 4,974.0, , 6, 8, 1002, , 463, , , 167, 278, 204, 148, , 74, 130, 111, 37, , , 56, 56, , 28, , , , , 10, 10, 10, 10, ,33.4, , 13, , 46.3, 1, , , , , , , , , , , , , , , , , , , , , , , ,Learmonth and Karratha radars. SAR 10:54 for structure large R50 in pass - gale radii in SE based on surface obs.at Karratha,2025-01-19 12:00:00,33.4,120.24,A
Sean ,AU202425_11U,2025-01-19 18:00,T, 20, 1, 40,-20.4,113.3, 6, 28, 5.5, 4, 4, 4, 4,965.0, , 6, 8, 1002, , 463, , , 278, 278, 241, 148, , 74, 130, 111, 74, , 37, 74, 74, 37, 19, , , , , 10, 10, 10, 10, ,38.6, , 13, , 54, 1, , , , , , , , , , , , , , , , , , , , , , , ,Learmonth radar. Extended NE gale radii due to curved band feature. AMSR2 pass.,2025-01-19 18:00:00,38.6,138.96,A
Sean ,AU202425_11U,2025-01-20 00:00,T, 20, 1, 40,-21.1,112.4, 6, 28, 1.5, 3.5, 4, 4, 4,959.0, , 6, 8, 1002, , 444, , , 333, 315, 259, 185, , 74, 130, 111, 74, , 37, 74, 74, 37, 15, , , , , 10, 10, 10, 10, ,43.7, , 13, , 61.7, 1, , , , , , , , , , , , , , , , , , , , , , , ,Learmonth radar. SAR 22:05Z. Radii based on combination of SAR pass and 01:52 ASCAT-B. NE gale radii larger based on convective band feature. Suppored by ASCAT,2025-01-20 00:00:00,43.7,157.32000000000002,A
Sean ,AU202425_11U,2025-01-20 06:00,T, 20, 1, 40,-21.7,111.6, 4, 28, 5.5, 4, 4.5, 5, 5,948.0, , 6, 8, 1002, , 444, , , 370, 333, 222, 185, , 111, 148, 111, 74, , 56, 74, 56, 37, 13, , , , , 10, 10, 10, 10, ,46.3, , 13, , 64.3, 1, 9.3, , 1, , , , , , , , , , , , , , , , , , , , ,06:15 AMSR2-RSS. Extended NE gale radii due to convective band feature,2025-01-20 06:00:00,46.3,166.68,A
Sean ,AU202425_11U,2025-01-20 09:00,T, 20, 1, 40,-22.1,111.1, 4, 28, 6, 5, 5, 5.5, 5.5,942.0, , 6, 8, 1002, , 444, , , 333, 315, 222, 204, , 130, 148, 111, 93, , 74, 93, 56, 37, 11, , , , , 10, 10, 10, 10, ,48.9, , 13, , 69.5, 1, 9.3, , 1, , , , , , , , , , , , , , , , , , , , ,Extended NE gale radii due to curved band feature,2025-01-20 09:00:00,48.9,176.04,A
Sean ,AU202425_11U,2025-01-20 12:00,T, 20, 1, 40,-22.5,110.7, 4, 28, 4.5, 4, 4.5, 5, 5.5,945.0, , 6, 8, 1002, , 444, , , 296, 296, 204, 204, , 130, 148, 111, 93, , 74, 93, 56, 46, 11, , , , , 10, 10, 10, 10, ,48.9, , 13, , 69.5, 1, 9.3, , 1, , , , , , , , , , , , , , , , , , , , ,SAR 11:02Z and ASCAT-B 14:19. Extended NE gale radii due to curved band feature,2025-01-20 12:00:00,48.9,176.04,A
Sean ,AU202425_11U,2025-01-20 18:00,T, 20, 1, 40,-23.2,109.8, 3, 37, 3.5, 3.5, 3.5, 4, 5,952.0, , 6, 8, 1004, , 500, , , 241, 241, 204, 204, , 130, 148, 111, 111, , 74, 83, 56, 46, 15, , , , , 10, 10, 10, 10, ,43.7, , 13, , 61.7, 1, , , , , , , , , , , , , , , , , , , , , , , ,,2025-01-20 18:00:00,43.7,157.32000000000002,A
Sean ,AU202425_11U,2025-01-21 00:00,T, 20, 1, 40,-24.0,109.1, 3, 37, 4, 3.5, 3.5, 3.5, 4.5,954.0, , 6, 8, 1004, , 500, , , 241, 241, 204, 185, , 111, 111, 130, 111, , 74, 74, 74, , 19, , , , , 10, 10, 10, 10, ,41.2, , 13, , 56.6, 1, , , , , , , , , , , , , , , , , , , , , , , ,SAR 22:14,2025-01-21 00:00:00,41.2,148.32000000000002,A
Sean ,AU202425_11U,2025-01-21 06:00,T, 20, 1, 40,-24.9,108.3, 3, 56, 4.5, 3.5, 3, 3, 4,968.0, , 6, 8, 1002, , 370, , , 222, 241, 204, 185, , 111, 130, 130, 56, , 74, 74, , , 28, , , , , 10, 10, 10, 10, ,33.4, , 11, , 46.3, 1, , , , , , , , , , , , , , , , , , , , , , , ,AMSR2-RSS 05:23Z,2025-01-21 06:00:00,33.4,120.24,A
Sean ,AU202425_11U,2025-01-21 12:00,T, 20, 1, 30,-25.9,107.7, 10, 37, 4, 4, 3.5, 3.5, 4,972.0, , 6, 8, 1002, , 370, , , 222, 222, 204, 167, , 93, 130, 111, , , , , , , 33, , , , , 10, 10, 10, , ,30.9, , 11, , 43.7, 1, , , , , , , , , , , , , , , , , , , , , , , ,SAR 11:26Z,2025-01-21 12:00:00,30.9,111.24,A
Sean ,AU202425_11U,2025-01-21 18:00,T, 20, 1, 30,-26.5,107.4, 10, 37, 3, 2.5, 2.5, 3, 3.5,978.0, , 6, 8, 1006, , 407, , , 185, 204, 204, 74, , 93, 130, , , , , , , , 41, , , , , 10, 10, 10, , ,25.7, , 11, , 36, 1, , , , , , , , , , , , , , , , , , , , , , , ,,2025-01-21 18:00:00,25.7,92.52,A
Sean ,AU202425_11U,2025-01-22 00:00,T, 20, 1, 30,-27.3,107.0, 3, 19, 2.5, 2, 1.5, 2.5, 3,987.0, , 6, 8, 1008, , 352, , , 148, 167, 222, , , , , , , , , , , , 56, , , , , 10, 10, , , ,23.2, , 11, , 33.4, 1, , , , , , , , , , , , , , , , , , , , , , , ,exposed LLCC,2025-01-22 00:00:00,23.2,83.52,A
Sean ,AU202425_11U,2025-01-22 06:00,T, 20, 1, 21,-27.8,107.1, 3, 19, , 1.5, 1, 2, 2.5,988.0, , 6, 8, 1006, , 352, , , , 167, 222, , , , , , , , , , , , , , , , , , 10, , , ,20.6, , 11, , 28.3, 1, , , , , , , , , , , , , , , , , , , , , , , ,exposed LLCC,2025-01-22 06:00:00,20.6,74.16000000000001,A
Sean ,AU202425_11U,2025-01-22 12:00,T, 20, 1, 51,-28.2,107.3, 3, 28, , , , , ,988.0, , 6, 8, 1006, , 333, , , , 167, 222, , , , , , , , , , , , , , , , , , 10, , , ,20.6, , 11, , 28.3, 1, , , , , , , , , , , , , , , , , , , , , , , ,exposed LLCC,2025-01-22 12:00:00,20.6,74.16000000000001,A
Sean ,AU202425_11U,2025-01-22 18:00,T, 20, 1, 51,-28.5,107.5, 3, 28, , , , , ,992.0, , 6, 8, 1006, , 333, , , , 167, 222, , , , , , , , , , , , , , , , , , 10, , , ,20.6, , 11, , 28.3, 1, , , , , , , , , , , , , , , , , , , , , , , ,exposed LLCC,2025-01-22 18:00:00,20.6,74.16000000000001,A
Sean ,AU202425_11U,2025-01-23 00:00,T, 20, 1, 51,-29.3,107.8, 3, 19, , , , , ,990.0, , 6, 8, 1006, , 333, , , , , 222, , , , , , , , , , , , , , , , , , 10, , , ,18.0, , 11, , 25.7, 1, , , , , , , , , , , , , , , , , , , , , , , ,exposed LLCC,2025-01-23 00:00:00,18.0,64.8,A
Sean ,AU202425_11U,2025-01-23 06:00,T, 20, 1, 50,-30.2,108.2, 3, 19, , , , , ,998.0, , 6, 8, 1006, , 333, , , , , , , , , , , , , , , , , , , , , , , , , , ,12.9, , 11, , 23.2, 1, , , , , , , , , , , , , , , , , , , , , , , ,exposed LLCC,2025-01-23 06:00:00,12.9,46.440000000000005,A
Zelia ,AU202425_18U,2025-02-08 00:00,T, 20, 1, 20,-14.1,125.4, 3, 74, , , , , ,998.0, , 6, 8, 1002, , 222, , , , , , , , , , , , , , , , , , , , , , , , , , 10,7.7, , 11, 3, 23.2, 1, , , , , , , , , , , , , , , , , , , , , , , ,,2025-02-08 00:00:00,7.7,27.720000000000002,A
Zelia ,AU202425_18U,2025-02-08 06:00,T, 20, 1, 20,-14.1,125.0, 4, 56, , , , , ,996.0, , 6, 8, 1000, , 148, , , , , , , , , , , , , , , , , , , , , , , , , , 10,10.3, , 11, 3, 23.2, 1, , , , , , , , , , , , , , , , , , , , , , , ,Position confirm with AMSR 0508UTC,2025-02-08 06:00:00,10.3,37.080000000000005,A
Zelia ,AU202425_18U,2025-02-08 12:00,T, 20, 1, 20,-14.1,124.5, 7, 56, , , , , ,996.0, , 6, 8, 1002, , 185, , , , , , , , , , , , , , , , , , , , , , , , , , 10,10.3, , 11, 3, 23.2, 1, , , , , , , , , , , , , , , , , , , , , , , ,,2025-02-08 12:00:00,10.3,37.080000000000005,A
Zelia ,AU202425_18U,2025-02-08 18:00,T, 20, 1, 20,-14.5,123.9, 3, 56, 1, , , 1, 1,995.0, , 6, 8, 1000, , 222, , , , , , , , , , , , , , , , , , , , , , , , , , 10,10.3, , 11, 3, 23.2, 1, , , , , , , , , , , , , , , , , , , , , , , ,,2025-02-08 18:00:00,10.3,37.080000000000005,A
Zelia ,AU202425_18U,2025-02-09 00:00,T, 20, 1, 20,-14.5,123.5, 3, 74, 1, , , 1, 1,998.0, , 6, 8, 1001, , 185, , , , , , , , , , , , , , , , , , , , , , , , , , 10,10.3, , 11, 3, 23.2, 1, , , , , , , , , , , , , , , , , , , , , , , ,Position ASCAT C 0052UTC agrees on very far edge (though elongated),2025-02-09 00:00:00,10.3,37.080000000000005,A
Zelia ,AU202425_18U,2025-02-09 06:00,T, 20, 1, 20,-14.6,123.8, 11, 56, 1, , , 1, 1,998.0, , 6, 8, 1001, , 222, , , , , , , , , , , , , , , , , , , , , , , , , , 10,10.3, , 11, 3, 23.2, 1, , , , , , , , , , , , , , , , , , , , , , , ,Position AMSR2 0551UTC confirm with VIS imagery,2025-02-09 06:00:00,10.3,37.080000000000005,A
Zelia ,AU202425_18U,2025-02-09 12:00,T, 20, 1, 20,-14.9,123.4, 3, 74, 1, , , 1, 1,999.0, , 6, 8, 1002, , 222, , , , , , , , , , , , , , , , , , , , , , , , , , 10,10.3, , 11, 3, 23.2, 1, , , , , , , , , , , , , , , , , , , , , , , ,,2025-02-09 12:00:00,10.3,37.080000000000005,A
Zelia ,AU202425_18U,2025-02-09 18:00,T, 20, 1, 20,-14.7,122.8, 11, 56, 1, 1, 1, 1, 1,997.0, , 6, 8, 1000, , 185, , , , , , , , , , , , , , , , , , , , , , , , , , 10,10.3, , 11, 3, 23.2, 1, , , , , , , , , , , , , , , , , , , , , , , ,Position F16 MW SSMIS 2140UTC,2025-02-09 18:00:00,10.3,37.080000000000005,A
Zelia ,AU202425_18U,2025-02-10 00:00,T, 20, 1, 20,-14.5,121.8, 3, 74, 1.5, 1.5, 1, 1, 1,1000.0, , 6, 8, 1002, , 185, , , , , , , , , , , , , , , , , , , , , , , , , , 10,10.3, , 11, 3, 23.2, 1, , , , , , , , , , , , , , , , , , , , , , , ,Position biasing towards 0117UTC ASCAT-B,2025-02-10 00:00:00,10.3,37.080000000000005,A
Zelia ,AU202425_18U,2025-02-10 06:00,T, 20, 1, 20,-15.1,121.7, 3, 93, 1.5, 1.5, 1, 1, 1,999.0, , 6, 8, 1002, , 185, , , , , , , , , , , , , , , , , , , , , , , , , , 10,10.3, , 11, 3, 23.2, 1, , , , , , , , , , , , , , , , , , , , , , , ,,2025-02-10 06:00:00,10.3,37.080000000000005,A
Zelia ,AU202425_18U,2025-02-10 12:00,T, 20, 1, 20,-15.0,121.1, 3, 111, 1, 1, 1, 1, 1,999.0, , 6, 8, 1002, , 222, , , , , , , , , , , , , , , , , , , , , , , , , , 10,10.3, , 11, 3, 23.2, 1, , , , , , , , , , , , , , , , , , , , , , , ,Position very hard to find fix; used middle of ASCAT and AMSR2,2025-02-10 12:00:00,10.3,37.080000000000005,A
Zelia ,AU202425_18U,2025-02-10 18:00,T, 20, 1, 20,-15.6,120.5, 11, 56, 1.5, 1.5, 1.5, 1.5, 1.5,1001.0, , 6, 8, 1005, , 241, , , , , , , , , , , , , , , , , , , , , , , , , , 10,12.9, , 11, 3, 23.2, 1, , , , , , , , , , , , , , , , , , , , , , , ,Position bias towards AMSR 1730UTC,2025-02-10 18:00:00,12.9,46.440000000000005,A
Zelia ,AU202425_18U,2025-02-11 00:00,T, 20, 1, 21,-16.3,120.1, 3, 74, 2, 2, 1.5, 1.5, 1.5,995.0, , 6, 8, 1002, , 222, , , , , 148, , , , , , , , , , , , , , , , , , 10, , , 10,18.0, , 11, 3, 25.7, 1, , , , , , , , , , , , , , , , , , , , , , , ,Position satellite. Intensity and structure ASCATC 0152UTC,2025-02-11 00:00:00,18.0,64.8,A
Zelia ,AU202425_18U,2025-02-11 06:00,T, 20, 1, 21,-16.7,119.6, 10, 74, 2, 2, 2, 2, 2,989.0, , 6, 8, 1002, , 241, , , , , 148, , , , , , , , , , , , , , , , , , 10, , , 10,20.6, , 11, 3, 28.3, 1, , , , , , , , , , , , , , , , , , , , , , , ,Position satellite. Intensity and structure ASCATB 0539UTC,2025-02-11 06:00:00,20.6,74.16000000000001,A
Zelia ,AU202425_18U,2025-02-11 12:00,T, 20, 1, 21,-17.4,119.6, 3, 74, 2, 2, 2, 2, 2,990.0, , 6, 8, 1000, , 148, , , , , 148, 111, , , , , , , , , , , , , , , , , 10, , , 10,20.6, , 11, 3, 28.3, 1, , , , , , , , , , , , , , , , , , , , , , , ,Position hard to find used scat and microwave passes either side. Intensity and structure ASCATC 1421UTC,2025-02-11 12:00:00,20.6,74.16000000000001,A
Zelia ,AU202425_18U,2025-02-11 18:00,T, 20, 1, 30,-18.1,119.4, 10, 46, 3, 3, 3, 3, 3,989.0, , 6, 8, 1003, , 278, , , 111, 130, 148, 130, , , , , , , , , , , 56, , , , , 10, 10, , , 10,23.2, , 13, 3, 33.4, 1, , , , , , , , , , , , , , , , , , , , , , , ,Position sat image. Intensity and structure SAR 2124UTC,2025-02-11 18:00:00,23.2,83.52,A
Zelia ,AU202425_18U,2025-02-12 00:00,T, 20, 1, 30,-18.5,119.3, 3, 28, 3.5, 3, 3.5, 3.5, 3.5,983.0, , 6, 8, 1002, , 278, , , 111, 130, 185, 148, , , , 83, 93, , , , , , 46, , , , , 10, 10, 10, , 10,25.7, , 13, 3, 36, 1, , , , , , , , , , , , , , , , , , , , , , , ,Position sat; ASCATB 0036UTC. Intensity bias to Dvorak; SAR 2124UTC a bit too high. Structure SAR 2124UTC and ASACTB 0036UTC; mostly agree with PPA obs (10m mast equivalent) but did increase SW gale radius to capture obs.,2025-02-12 00:00:00,25.7,92.52,A
Zelia ,AU202425_18U,2025-02-12 06:00,T, 20, 1, 30,-18.9,118.7, 7, 28, 4, 3.5, 4, 4, 4,980.0, , 6, 8, 1004, , 333, , , 111, 139, 157, 157, , 56, 56, 83, 93, , , , , , 41, , , , , 10, 10, 10, , 10,28.3, , 13, 3, 38.6, 1, , , , , , , , , , , , , , , , , , , , , , , ,Intensity Dvorak and Scat. Structure SMAP 1026UTC and PPA obs increase SW gale radii. Discounted 10 mast minutes of >48kn at Rowley Shoals due to being well removed from the clear ASCAT pass. Likely TS only.,2025-02-12 06:00:00,28.3,101.88000000000001,A
Zelia ,AU202425_18U,2025-02-12 12:00,T, 20, 1, 40,-19.0,118.6, 7, 19, 5, 4, 4.5, 4.5, 4.5,972.0, , 6, 8, 1002, , 278, , , 93, 111, 148, 130, , 56, 46, 65, 65, , , 28, 28, 37, 22, , , , , 10, 10, 10, 10, 10,36.0, , 13, 3, 46.3, 1, 18.5, 4, 3, , , , , , , , , , , , , , , , , , , , ,Intensity Dvorak and ASCATB 1307Z. Structure ASCATB and AMSR2 1026Z mostly agree with PPA obs (10m mast equivalent) and Bedout Island but did increase SW and SE gale radius to capture obs.,2025-02-12 12:00:00,36.0,129.6,A
Zelia ,AU202425_18U,2025-02-12 18:00,T, 20, 1, 40,-19.13,118.4, 7, 19, 6, 5, 5.5, 5.5, 5.5,952.0, , 6, 8, 1004, , 333, , , 93, 111, 157, 130, , 56, 74, 130, 74, , 28, 56, 93, 37, 22, , , , , 4, 10, 2, 10, 10,51.4, , 11, 3, 72, 1, 13, 4, 3, , , , , , , , , , , , , , , , , , , , ,Intensity bias towards Scat and SATCON; Dvorak is constrained for the rapid intensification. SATCON 12Z 101kn (10min); SAR 2133Z 110kn (10min); AMSR2 1714Z 110kn. Structure AMSR2 strong bias to SW but PPA (10m mast equivalent) obs agree.,2025-02-12 18:00:00,51.4,185.04,A
Zelia ,AU202425_18U,2025-02-13 00:00,T, 20, 1, 40,-18.99,118.15, 7, 19, 7, 5.5, 6, 6, 6,941.0, , 6, 8, 1006, , 389, , , 120, 148, 167, 120, , 65, 120, 130, 65, , 46, 93, 93, 46, 15, , , , , 4, 10, 10, 10, 10,56.6, , 11, 3, 79.7, 1, 13, 4, 3, , , , , , , , , , , , , , , , , , , , ,Intensity bias towards Scat and SATCON; Dvorak is constrained for the rapid intensification. SATCON 12Z 110kn (10min); SAR 2133Z 110kn (10min). Structure SAR and obs (10m mast equivalent) obs agree.,2025-02-13 00:00:00,56.6,203.76000000000002,A
Zelia ,AU202425_18U,2025-02-13 06:00,T, 20, 1, 40,-19.13,118.32, 7, 28, 6.5, 5.5, 6, 6.5, 6.5,928.0, , 6, 8, 1004, , 259, , , 102, 139, 148, 120, , 74, 83, 83, 83, , 56, 46, 37, 56, 15, , , , , 4, 10, 10, 10, 10,56.6, , 13, 3, 79.7, 1, 9.3, 2, 3, , , , , , , , , , , , , , , , , , , , ,Intensity based on Dvorak; but also consistent with raw DTs and objective guidence slightly weakening or stalling. AMSR2 0525Z also suggests more 110kn than 115-120kn. Structure based mainly on AMSR2; PPA obs all <48kn (10m mast),2025-02-13 06:00:00,56.6,203.76000000000002,A
Zelia ,AU202425_18U,2025-02-13 12:00,T, 20, 1, 40,-19.31,118.23, 7, 19, 6.5, 6, 6, 6.5, 6.5,928.0, , 6, 8, 1004, , 278, , , 120, 120, 139, 120, , 65, 74, 83, 74, , 46, 46, 56, 37, 15, , , , , 4, 10, 10, 10, 10,59.2, , 13, 3, 82.3, 1, 9.3, 2, 3, , , , , , , , , , , , , , , , , , , , ,Intensity Dvorak and SAR 1030Z 109kn (10min); SATCON 1200Z 115kn (10min). Raw DTs show strengthening again; peak intensity at 115kn. SAR pass but reduced SE radii since inshore PPA (10m mast) obs were not observing gales.,2025-02-13 12:00:00,59.2,213.12,A
Zelia ,AU202425_18U,2025-02-13 18:00,T, 20, 1, 40,-19.25,118.29, 7, 19, 6, 5.5, 6, 6, 6.5,928.0, , 6, 8, 1004, , 278, , , 120, 139, 130, 120, , 74, 74, 83, 74, , 46, 46, 56, 46, 15, , , , , 4, 10, 10, 10, 10,56.6, , 13, 3, 79.7, 1, 11.1, 2, 3, , , , , , , , , , , , , , , , , , , , ,Intensity Dvorak and objective guidance; which both decrease intensity. Structure AMSR2 1757Z and obs for western quadrants; otherwise persistence and SAR 2141Z.,2025-02-13 18:00:00,56.6,203.76000000000002,A
Zelia ,AU202425_18U,2025-02-14 00:00,T, 20, 1, 40,-19.48,118.64, 7, 19, 5, 5, 5.5, 5.5, 6,927.0, , 6, 8, 1004, , 222, , , 120, 130, 130, 120, , 65, 65, 74, 65, , 46, 46, 56, 46, 15, , , , , 4, 10, 10, 10, 10,51.4, , 13, 3, 72, 1, 9.3, 2, 3, , , , , , , , , , , , , , , , , , , , ,Intensity Dvorak; decreasing in line with objective aids; but on the higher side. Structure Obs and SAR 2141Z; ASCATB has smaller radii; but SAR agrees better with obs and previous radii.,2025-02-14 00:00:00,51.4,185.04,A
Zelia ,AU202425_18U,2025-02-14 04:00,T, 20, 3, 40,-19.92,119.08, 7, 19, 5.5, 5.5, 5.5, 5.5, 5.5,935.0, , 6, 8, 1004, , 222, , , 102, 74, 102, 83, , 46, 46, 74, 65, , 28, 28, 37, 28, 11, , , , , 4, 2, 2, 2, 10,48.9, , 13, 3, 69.5, 1, 7.4, 2, 3, , , , , , , , , , , , , , , , , , , , ,Intensity Dvorak; decreasing in line with objective aids; Intensity a combination of persistence; PPA (10 mast) obs and the system moving inland.,2025-02-14 04:00:00,48.9,176.04,A
Zelia ,AU202425_18U,2025-02-14 06:00,T, 20, 2, 40,-20.23,119.13, 7, 19, , , , , ,945.0, , , , 1004, , 204, , , 102, 74, 83, 83, , 46, 46, 56, 65, , 28, 28, 28, 28, 15, , , , , , 2, 2, 2, 10,43.7, , 20, 3, 61.7, 1, 5.6, 2, 3, , , , , , , , , , , , , , , , , , , , ,Intensity base on land decay model. Structure based on obs and AMSR2 0608Z pass.,2025-02-14 06:00:00,43.7,157.32000000000002,A
Zelia ,AU202425_18U,2025-02-14 12:00,T, 20, 2, 30,-20.95,119.55, 7, 28, , , , , ,965.0, , , , 1002, , 148, , , 65, 65, 83, 65, , 46, 28, 28, 37, , , , , , 19, , , , , , 2, 2, , 10,30.9, , 20, 3, 43.7, 1, , , , , , , , , , , , , , , , , , , , , , , ,Position radar and sat. Intensity base on land decay model. Structure inland obs for south quadrants and by 1038UTC SAR had no gales on coast;could use this for northern quadrants. Confirmed by obs on coast with no gales.,2025-02-14 12:00:00,30.9,111.24,A
Zelia ,AU202425_18U,2025-02-14 15:00,T, 20, 2, 81,-21.3,119.6, 7, 56, , , , , ,986.0, , , , 1004, , 130, , , 19, 37, 56, 46, , , , , , , , , , , 19, , , , , , 2, , , 10,23.2, , 20, 3, 33.4, 1, , , , , , , , , , , , , , , , , , , , , , , ,Position radar and sat. Intensity base on land decay model. Structure obs at Marble Bar and Ironbridge Airport.,2025-02-14 15:00:00,23.2,83.52,A
Zelia ,AU202425_18U,2025-02-14 18:00,T, 20, 2, 80,-21.4,119.6, 7, 111, , , , , ,996.0, , , , 1004, , 130, , , , , , , , , , , , , , , , , , , , , , , 2, , , 10,15.4, , 20, 3, 23.2, 1, , , , , , , , , , , , , , , , , , , , , , , ,Position sat. Intensity base on land decay model. Structure obs at Marble Bar and Ironbridge Airport.,2025-02-14 18:00:00,15.4,55.440000000000005,A
Mitchell ,AU202526_21U,2026-01-29 06:00,T, 20, 2, 20,-15.6,136.4, 3, 74, , , , , ,1001.0, , 6, 8, 1005, , 74, , , , , , , , , , , , , , , , , , , , , , , , , , ,10.3, , 20, , 23.2, 1, , , , , , , , , , , , , , , , , , , , , , , ,,2026-01-29 06:00:00,10.3,37.080000000000005,A
Mitchell ,AU202526_21U,2026-01-29 12:00,T, 20, 2, 20,-15.9,136.8, 3, 83, , , , , ,1003.0, , 6, 8, 1006, , 74, , , , , , , , , , , , , , , , , , , , , , , , , , ,7.7, , 20, , 23.2, 1, , , , , , , , , , , , , , , , , , , , , , , ,,2026-01-29 12:00:00,7.7,27.720000000000002,A
Mitchell ,AU202526_21U,2026-01-29 18:00,T, 20, 2, 20,-16.0,137.2, 3, 56, , , , , ,1001.0, , 6, 8, 1005, , 111, , , , , , , , , , , , , , , , , , , , , , , , , , ,7.7, , 20, , 23.2, 1, , , , , , , , , , , , , , , , , , , , , , , ,,2026-01-29 18:00:00,7.7,27.720000000000002,A
Mitchell ,AU202526_21U,2026-01-30 00:00,T, 20, 2, 20,-16.5,137.2, 3, 56, , , , , ,1003.0, , 6, 8, 1008, , 222, , , , , , , , , , , , , , , , , , , , , , , , , , ,7.7, , 20, , 23.2, 1, , , , , , , , , , , , , , , , , , , , , , , ,,2026-01-30 00:00:00,7.7,27.720000000000002,A
Mitchell ,AU202526_21U,2026-01-30 06:00,T, 20, 2, 20,-17.0,136.9, 3, 56, , , , , ,1001.0, , 6, 8, 1005, , 185, , , , , , , , , , , , , , , , , , , , , , , , , , ,7.7, , 20, , 23.2, 1, , , , , , , , , , , , , , , , , , , , , , , ,,2026-01-30 06:00:00,7.7,27.720000000000002,A
Mitchell ,AU202526_21U,2026-01-30 12:00,T, 20, 2, 20,-16.9,136.5, 3, 74, , , , , ,1002.0, , 6, 8, 1005, , 185, , , , , , , , , , , , , , , , , , , , , , , , , , ,7.7, , 20, , 23.2, 1, , , , , , , , , , , , , , , , , , , , , , , ,,2026-01-30 12:00:00,7.7,27.720000000000002,A
Mitchell ,AU202526_21U,2026-01-30 18:00,T, 20, 2, 20,-16.7,135.3, 3, 93, , , , , ,1000.0, , 6, 8, 1004, , 241, , , , , , , , , , , , , , , , , , , , , , , , , , ,5.1, , 20, , 23.2, 1, , , , , , , , , , , , , , , , , , , , , , , ,,2026-01-30 18:00:00,5.1,18.36,A
Mitchell ,AU202526_21U,2026-01-31 00:00,T, 20, 2, 20,-16.8,134.4, 3, 46, , , , , ,999.0, , 7, 8, 1006, , 241, , , , , , , , , , , , , , , , , , , , , , , , , , ,7.7, , 20, , 23.2, 1, , , , , , , , , , , , , , , , , , , , , , , ,,2026-01-31 00:00:00,7.7,27.720000000000002,A
Mitchell ,AU202526_21U,2026-01-31 06:00,T, 20, 2, 20,-16.9,133.4, 3, 56, , , , , ,998.0, , 7, 8, 1002, , 278, , , , , , , , , , , , , , , , , , , , , , , , , , ,7.7, , 20, , 23.2, 1, , , , , , , , , , , , , , , , , , , , , , , ,,2026-01-31 06:00:00,7.7,27.720000000000002,A
Mitchell ,AU202526_21U,2026-01-31 12:00,T, 20, 2, 20,-16.7,132.4, 3, 56, , , , , ,998.0, , 7, 8, 1004, , 148, , , , , , , , , , , , , , , , , , , , , , , , , , ,5.1, , 20, , 23.2, 1, , , , , , , , , , , , , , , , , , , , , , , ,,2026-01-31 12:00:00,5.1,18.36,A
Mitchell ,AU202526_21U,2026-01-31 18:00,T, 20, 2, 20,-16.2,131.7, 3, 56, , , , , ,998.0, , 7, 8, 1004, , 167, , , , , , , , , , , , , , , , , , , , , , , , , , ,5.1, , 6, , 23.2, 1, , , , , , , , , , , , , , , , , , , , , , , ,,2026-01-31 18:00:00,5.1,18.36,A
Mitchell ,AU202526_21U,2026-02-01 00:00,T, 20, 2, 20,-15.7,131.8, 3, 65, , , , , ,996.0, , 7, 8, 1004, , 148, , , , , , , , , , , , , , , , , , , , , , , , , , ,7.7, , 6, , 23.2, 1, , , , , , , , , , , , , , , , , , , , , , , ,,2026-02-01 00:00:00,7.7,27.720000000000002,A
Mitchell ,AU202526_21U,2026-02-01 06:00,T, 20, 2, 20,-16.0,132.2, 3, 46, , , , , ,996.0, , 7, 8, 1002, , 148, , , , , , , , , , , , , , , , , , , , , , , , , , ,7.7, , 6, , 23.2, 1, , , , , , , , , , , , , , , , , , , , , , , ,,2026-02-01 06:00:00,7.7,27.720000000000002,A
Mitchell ,AU202526_21U,2026-02-01 12:00,T, 20, 2, 20,-16.4,132.0, 3, 46, , , , , ,998.0, , 7, 8, 1005, , 139, , , , , , , , , , , , , , , , , , , , , , , , , , ,7.7, , 6, , 23.2, 1, , , , , , , , , , , , , , , , , , , , , , , ,,2026-02-01 12:00:00,7.7,27.720000000000002,A
Mitchell ,AU202526_21U,2026-02-01 18:00,T, 20, 2, 20,-16.7,131.9, 3, 46, , , , , ,998.0, , 7, 8, 1004, , 167, , , , , , , , , , , , , , , , , , , , , , , , , , ,7.7, , 6, , 23.2, 1, , , , , , , , , , , , , , , , , , , , , , , ,,2026-02-01 18:00:00,7.7,27.720000000000002,A
Mitchell ,AU202526_21U,2026-02-02 00:00,T, 20, 2, 20,-17.0,131.6, 3, 56, , , , , ,998.0, , 7, 8, 1006, , 185, , , , , , , , , , , , , , , , , , , , , , , , , , ,7.7, , 6, , 23.2, 1, , , , , , , , , , , , , , , , , , , , , , , ,,2026-02-02 00:00:00,7.7,27.720000000000002,A
Mitchell ,AU202526_21U,2026-02-02 06:00,T, 20, 2, 20,-17.0,131.6, 3, 37, , , , , ,997.0, , 7, 8, 1004, , 185, , , , , , , , , , , , , , , , , , , , , , , , , , ,10.3, , 6, , 23.2, 1, , , , , , , , , , , , , , , , , , , , , , , ,,2026-02-02 06:00:00,10.3,37.080000000000005,A
Mitchell ,AU202526_21U,2026-02-02 12:00,T, 20, 2, 20,-17.2,131.2, 3, 46, , , , , ,999.0, , 7, 8, 1006, , 185, , , , , , , , , , , , , , , , , , , , , , , , , , ,7.7, , 6, , 23.2, 1, , , , , , , , , , , , , , , , , , , , , , , ,,2026-02-02 12:00:00,7.7,27.720000000000002,A
Mitchell ,AU202526_21U,2026-02-02 18:00,T, 20, 2, 20,-16.8,131.4, 3, 56, , , , , ,995.0, , 7, 8, 1005, , 204, , , , , , , , , , , , , , , , , , , , , , , , , , ,10.3, , 6, , 23.2, 1, , , , , , , , , , , , , , , , , , , , , , , ,,2026-02-02 18:00:00,10.3,37.080000000000005,A
Mitchell ,AU202526_21U,2026-02-03 00:00,T, 20, 2, 20,-16.7,131.0, 3, 37, , , , , ,999.0, , 7, 8, 1006, , 204, , , , , , , , , , , , , , , , , , , , , , , , , , ,10.3, , 6, , 23.2, 1, , , , , , , , , , , , , , , , , , , , , , , ,,2026-02-03 00:00:00,10.3,37.080000000000005,A
Mitchell ,AU202526_21U,2026-02-03 06:00,T, 20, 2, 20,-16.9,130.9, 3, 56, , , , , ,998.0, , 7, 8, 1005, , 204, , , , , , , , , , , , , , , , , , , , , , , , , , ,10.3, , 6, , 23.2, 1, , , , , , , , , , , , , , , , , , , , , , , ,,2026-02-03 06:00:00,10.3,37.080000000000005,A
Mitchell ,AU202526_21U,2026-02-03 12:00,T, 20, 2, 20,-16.8,130.8, 3, 65, , , , , ,1000.0, , 7, 8, 1006, , 185, , , , , , , , , , , , , , , , , , , , , , , , , , ,7.7, , 6, , 23.2, 1, , , , , , , , , , , , , , , , , , , , , , , ,,2026-02-03 12:00:00,7.7,27.720000000000002,A
Mitchell ,AU202526_21U,2026-02-03 18:00,T, 20, 2, 20,-17.0,130.4, 3, 56, , , , , ,999.0, , 7, 8, 1004, , 167, , , , , , , , , , , , , , , , , , , , , , , , , , ,7.7, , 6, , 23.2, 1, , , , , , , , , , , , , , , , , , , , , , , ,,2026-02-03 18:00:00,7.7,27.720000000000002,A
Mitchell ,AU202526_21U,2026-02-04 00:00,T, 20, 2, 20,-16.9,129.4, 3, 37, , , , , ,1002.0, , 7, 8, 1007, , 167, , , , , , , , , , , , , , , , , , , , , , , , , , ,7.7, , 6, , 23.2, 1, , , , , , , , , , , , , , , , , , , , , , , ,,2026-02-04 00:00:00,7.7,27.720000000000002,A
Mitchell ,AU202526_21U,2026-02-04 06:00,T, 20, 2, 20,-16.6,129.0, 3, 37, , , , , ,999.0, , 7, 8, 1004, , 222, , , , , , , , , , , , , , , , , , , , , , , , , , ,7.7, , 6, , 23.2, 1, , , , , , , , , , , , , , , , , , , , , , , ,,2026-02-04 06:00:00,7.7,27.720000000000002,A
Mitchell ,AU202526_21U,2026-02-04 12:00,T, 20, 2, 20,-16.7,128.2, 3, 65, , , , , ,1002.0, , 7, 8, 1006, , 204, , , , , , , , , , , , , , , , , , , , , , , , , , ,5.1, , 6, , 23.2, 1, , , , , , , , , , , , , , , , , , , , , , , ,,2026-02-04 12:00:00,5.1,18.36,A
Mitchell ,AU202526_21U,2026-02-04 18:00,T, 20, 2, 20,-16.8,127.0, 3, 74, , , , , ,1000.0, , 7, 8, 1006, , 222, , , , , , , , , , , , , , , , , , , , , , , , , , ,5.1, , 6, , 23.2, 1, , , , , , , , , , , , , , , , , , , , , , , ,,2026-02-04 18:00:00,5.1,18.36,A
Mitchell ,AU202526_21U,2026-02-05 00:00,T, 20, 2, 20,-17.1,125.9, 3, 74, , , , , ,1001.0, , 7, 8, 1006, , 204, , , , , , , , , , , , , , , , , , , , , , , , , , ,7.7, , 6, , 23.2, 1, , , , , , , , , , , , , , , , , , , , , , , ,,2026-02-05 00:00:00,7.7,27.720000000000002,A
Mitchell ,AU202526_21U,2026-02-05 06:00,T, 20, 2, 20,-17.9,124.7, 7, 56, , , , , ,999.0, , 7, 8, 1004, , 148, , , , , , , , , , , , , , , , , , , , , , , , , , ,7.7, , 6, , 23.2, 1, , , , , , , , , , , , , , , , , , , , , , , ,,2026-02-05 06:00:00,7.7,27.720000000000002,A
Mitchell ,AU202526_21U,2026-02-05 12:00,T, 20, 2, 20,-17.7,123.8, 7, 56, , , , , ,999.0, , 7, 8, 1006, , 185, , , , , , , , , , , , , , , , , , , , , , , , , , ,7.7, , 10, , 23.2, 1, , , , , , , , , , , , , , , , , , , , , , , ,,2026-02-05 12:00:00,7.7,27.720000000000002,A
Mitchell ,AU202526_21U,2026-02-05 18:00,T, 20, 2, 20,-17.7,122.8, 7, 37, , , , , ,998.0, , 7, 8, 1006, , 185, , , , , , , , , , , , , , , , , , , , , , , , , , ,10.3, , 10, , 23.2, 1, , , , , , , , , , , , , , , , , , , , , , , ,,2026-02-05 18:00:00,10.3,37.080000000000005,A
Mitchell ,AU202526_21U,2026-02-05 22:00,T, 20, 4, 20,-17.7,122.2, 7, 28, , , , , ,997.0, , 7, 8, 1005, , 185, , , , , , , , , , , , , , , , , , , , , , , , , , ,12.9, , 10, , 23.2, 1, , , , , , , , , , , , , , , , , , , , , , , ,crossing the Kimberley coast; from land to water.,2026-02-05 22:00:00,12.9,46.440000000000005,A
Mitchell ,AU202526_21U,2026-02-06 00:00,T, 20, 1, 20,-17.7,121.85, 7, 19, 2, , , 2, 2,997.0, , 7, 8, 1006, , 222, , , , , , , , , , , , , , , , , , , , , , , , , , ,12.9, , 11, , 23.2, 1, , , , , , , , , , , , , , , , , , , , , , , ,ASCAT-B 0026UTC 25 kn in the SW and distant north,2026-02-06 00:00:00,12.9,46.440000000000005,A
Mitchell ,AU202526_21U,2026-02-06 06:00,T, 20, 1, 20,-18.3,121.1, 7, 28, 2.5, , , 2.5, 2.5,997.0, , 7, 8, 1004, , 222, , , , , , , , , , , , , , , , , , , , , , , , , , ,15.4, , 13, , 23.2, 1, , , , , , , , , , , , , , , , , , , , , , , ,,2026-02-06 06:00:00,15.4,55.440000000000005,A
Mitchell ,AU202526_21U,2026-02-06 12:00,T, 20, 1, 21,-18.5,120.0, 7, 28, 3, , , 3, 3,994.0, , 7, 8, 1003, , 204, , , , 74, 74, , , , , , , , , , , , , , , , , , 10, , , ,18.0, , 11, , 25.7, 1, , , , , , , , , , , , , , , , , , , , , , , ,ASCAT-B 1256UTC 35 kn in southern quadrants,2026-02-06 12:00:00,18.0,64.8,A
Mitchell ,AU202526_21U,2026-02-06 15:00,T, 20, 1, 30,-18.6,119.6, 7, 37, 3, , , 3, 3,990.0, , 7, 8, 1002, , 194, , , , 93, 111, 130, , , , , , , , , , , 43, , , , , 10, 20, , , ,20.6, , 13, , 28.3, 1, , , , , , , , , , , , , , , , , , , , , , , ,,2026-02-06 15:00:00,20.6,74.16000000000001,A
Mitchell ,AU202526_21U,2026-02-06 18:00,T, 20, 1, 30,-18.8,119.2, 7, 37, 3, , , 3, 3,988.0, , 6, 8, 1004, , 148, , , 93, 130, 130, 167, , , , , , , , , , , 41, , , , , 10, 2, , , ,23.2, , 13, , 33.4, 1, , , , , , , , , , , , , , , , , , , , , , , ,OSCAT 1610UTC gales north and south of centre; AMSR2 at 1718 UTC.,2026-02-06 18:00:00,23.2,83.52,A
Mitchell ,AU202526_21U,2026-02-07 00:00,T, 20, 1, 30,-19.0,118.4, 7, 28, 3.5, 3, 3.5, 3.5, 3.5,984.0, , 6, 8, 1004, , 185, , , 130, 130, 130, 130, , 74, , , 74, , , , , , 37, , , , , 8, 20, 20, , ,25.7, , 13, , 36, 1, , , , , , , , , , , , , , , , , , , , , , , ,Microwave WSFM 2137 UTC,2026-02-07 00:00:00,25.7,92.52,A
Mitchell ,AU202526_21U,2026-02-07 06:00,T, 20, 1, 30,-19.5,117.5, 7, 22, 4, 4, 4, 4, 4,974.0, , 6, 8, 1002, , 167, , , 130, 157, 111, 111, , 74, 74, 74, 74, , , , , , 33, , , , , 5, 10, 10, , ,30.9, , 13, , 43.7, 1, 31.5, , 3, , , , , , , , , , , , , , , , , , , , ,Port Hedland brief period of gales 0600-0620UTC; Legendre Is starts gales from 0627UTC,2026-02-07 06:00:00,30.9,111.24,A
Mitchell ,AU202526_21U,2026-02-07 12:00,T, 20, 1, 40,-20.0,116.7, 7, 22, 4.5, 4.5, 4, 4.5, 4.5,963.0, , 6, 8, 1003, , 185, , , 130, 139, 102, 111, , 74, 74, 74, 83, 56, 56, 56, 56, 56, 28, , , , , 4, 10, 10, 10, ,38.6, , 13, , 54, 1, 27.8, , 3, , , , , , , , , , , , , , , , , , , , ,1054 UTC SAR pass -19.9 117; Gales 60nm NW; 55nm SW; Storm: NW 40nm; SW 40-45nm; 64kn NW 25nm; SW 30nm; Karratha starts gales at 1012UTC; LegendreIs hurricane force winds 1042 to 1223UTC peak 71kn 1145-1154UTC.,2026-02-07 12:00:00,38.6,138.96,A
Mitchell ,AU202526_21U,2026-02-07 18:00,T, 20, 1, 40,-20.2,116.1, 7, 22, 5, 4.5, 4, 4.5, 4.5,966.0, , 6, 8, 1003, , 185, , , 130, 120, 102, 111, , 74, 74, 74, 83, 56, 56, 56, 56, 56, 31, , , , , 10, 10, 10, 10, ,36.0, , 13, , 51.4, 1, 31.5, , 3, , , , , , , , , , , , , , , , , , , , ,AMSR2 1802UTC -20.2 116.1; Gales: 70-80nm NW/SW; 50-60nm NE/SE;,2026-02-07 18:00:00,36.0,129.6,A
Mitchell ,AU202526_21U,2026-02-08 00:00,T, 20, 1, 40,-20.6,115.6, 7, 24, 5, 4, 4, 4, 4.5,971.0, , 6, 8, 1004, , 241, , , 139, 130, 120, 111, , 65, 65, 56, 65, , 46, 46, , 46, 31, , , , , 10, 10, 10, 10, ,33.4, , 11, , 46.3, 1, , , , , , , , , , , , , , , , , , , , , , , ,ASCAT-B 0125UTC -20.6 115.36; Gales: 50-60nm SW; 40-50nm NW; 50-60nm NE/SE; no Storm in NW. 25-35 nm NE;SE;SW,2026-02-08 00:00:00,33.4,120.24,A
Mitchell ,AU202526_21U,2026-02-08 06:00,T, 20, 1, 30,-21.3,114.7, 7, 24, 3.5, 3.5, 3.5, 3.5, 4,974.0, , 6, 8, 1002, , 204, , , 120, 102, 111, 111, , 56, 65, 56, 56, , , , , , 35, , , , , 10, 2, 2, , ,30.9, , 13, , 43.7, 1, , , , , , , , , , , , , , , , , , , , , , , ,ASCAT-C 0202UTC -20.6 115.2; Gales: 60nm SW; 50nm NW; 60-70nm NE; 50+nm SE; no Storm in NW. 30nm NE/SW; 40 nm SE,2026-02-08 06:00:00,30.9,111.24,A
Mitchell ,AU202526_21U,2026-02-08 12:00,T, 20, 1, 30,-21.5,114.1, 7, 26, 4, 3.5, 3.5, 3.5, 4,974.0, , 6, 8, 1004, , 222, , , 120, 102, 111, 111, , 56, 65, 56, 56, , , , , , 35, , , , , 10, 10, 10, , ,30.9, , 11, , 43.7, 1, , , , , , , , , , , , , , , , , , , , , , , ,SAR 1102UTC -21.5 114.2; Gales 60-70 NW/SW/SE; 50nm NE. Storm: 40-45 NW/SW/SE; 30 NE; 64: 30nm NW/SE. ASCAT-B 1354UTC -21.6 114; Gales 50-60nm all quadrants.,2026-02-08 12:00:00,30.9,111.24,A
Mitchell ,AU202526_21U,2026-02-08 18:00,T, 20, 1, 30,-22.15,113.7, 7, 19, 3.5, 2.5, 3, 3, 3.5,978.0, , 6, 8, 1004, , 259, , , 120, 93, 102, 111, , 56, 65, 56, 56, , , , , , 39, , , , , 10, 2, 2, , ,28.3, , 13, , 38.6, 1, , , , , , , , , , , , , , , , , , , , , , , ,Learmonth winds below storm-force but likely higher winds over Exmouth Gulf,2026-02-08 18:00:00,28.3,101.88000000000001,A
Mitchell ,AU202526_21U,2026-02-09 00:00,T, 20, 1, 30,-23.2,113.45, 7, 28, 2.5, 2.5, 2.5, 2.5, 3,984.0, , 7, 8, 1004, , 222, , , 65, 65, 74, 83, , , , , , , , , , , 41, , , , , 20, 20, , , ,23.2, , 13, , 33.4, 1, , , , , , , , , , , , , , , , , , , , , , , ,MWI 2238UTC -23.0 113.55; MWR 0201UTC -23.5 113.4,2026-02-09 00:00:00,23.2,83.52,A
Mitchell ,AU202526_21U,2026-02-09 06:00,T, 20, 1, 30,-24.3,113.2, 11, 28, 3, 2.5, 3, 3, 3,984.0, , 6, 8, 1002, , 167, , , 65, 65, 74, 74, , , , , , , , , , , 41, , , , , 20, 20, , , ,23.2, , 13, , 33.4, 1, , , , , , , , , , , , , , , , , , , , , , , ,ATMS 0615UTC -24.2 113.2,2026-02-09 06:00:00,23.2,83.52,A
Mitchell ,AU202526_21U,2026-02-09 12:00,T, 20, 1, 30,-25.2,113.6, 11, 28, 2, 2, 2.5, 2.5, 3,984.0, , 7, 8, 1004, , 167, , , 65, 56, 56, 65, , , , , , , , , , , 43, , , , , 10, 10, , , ,23.2, , 13, , 33.4, 1, , , , , , , , , , , , , , , , , , , , , , , ,SAR 1109UTC -25.1 113.6; Gales: 40-50nm NW/SW/SE; Storm 25nm NW/SW,2026-02-09 12:00:00,23.2,83.52,A
Mitchell ,AU202526_21U,2026-02-09 16:00,T, 20, 3, 21,-26.0,114.2, 3, 37, , , , , ,992.0, , 7, 8, 1004, , 167, , , 37, , , 46, , , , , , , , , , , , , , , , , 20, , , ,18.0, , 20, , 25.7, 1, , , , , , , , , , , , , , , , , , , , , , , ,landfall,2026-02-09 16:00:00,18.0,64.8,A
Mitchell ,AU202526_21U,2026-02-09 18:00,T, 20, 2, 21,-26.3,114.5, 3, 37, , , , , ,994.0, , 7, 8, 1006, , 222, , , 37, , , , , , , , , , , , , , , , , , , , 20, , , ,18.0, , 6, , 25.7, 1, , , , , , , , , , , , , , , , , , , , , , , ,,2026-02-09 18:00:00,18.0,64.8,A
Mitchell ,AU202526_21U,2026-02-10 00:00,T, 20, 2, 20,-27.3,115.5, 3, 46, , , , , ,997.0, , 7, 8, 1006, , 204, , , , , , , , , , , , , , , , , , , , , , , , , , ,15.4, , 6, , 23.2, 1, , , , , , , , , , , , , , , , , , , , , , , ,,2026-02-10 00:00:00,15.4,55.440000000000005,A
Mitchell ,AU202526_21U,2026-02-10 06:00,T, 20, 2, 20,-27.9,116.8, 3, 46, , , , , ,998.0, , 7, 8, 1004, , 130, , , , , , , , , , , , , , , , , , , , , , , , , , ,12.9, , 6, , 23.2, 1, , , , , , , , , , , , , , , , , , , , , , , ,,2026-02-10 06:00:00,12.9,46.440000000000005,A
Mitchell ,AU202526_21U,2026-02-10 12:00,T, 20, 2, 20,-28.5,118.0, 3, 46, , , , , ,1002.0, , 7, 8, 1006, , , , , , , , , , , , , , , , , , , , , , , , , , , , ,10.3, , 6, , 23.2, 1, , , , , , , , , , , , , , , , , , , , , , , ,,2026-02-10 12:00:00,10.3,37.080000000000005,A
noname ,AU202526_30U,2026-03-03 18:00,L, 20, 1, 20,-16.3,121.7, 3, 83, 1, , , 1, 1,998.0, , 7, 8, 1004, , 278, , , , , , , , , , , , , , , , , , , , , , , , , , ,15.4, , 11, , 23.2, 1, , , , , , , , , , , , , , , , , , , , , , , ,,2026-03-03 18:00:00,15.4,55.440000000000005,A
noname ,AU202526_30U,2026-03-04 00:00,L, 20, 1, 20,-16.1,121.0, 3, 74, 1.5, , , 1.5, 1.5,998.0, , 7, 8, 1004, , 278, , , , , , , , , , , , , , , , , , , , , , , , , , ,15.4, , 11, , 23.2, 1, , , , , , , , , , , , , , , , , , , , , , , ,,2026-03-04 00:00:00,15.4,55.440000000000005,A
noname ,AU202526_30U,2026-03-04 06:00,L, 20, 1, 20,-16.0,120.4, 3, 56, 1.5, , , 1.5, 1.5,997.0, , 7, 8, 1002, , 315, , , , , , , , , , , , , , , , , , , , , , , , , , ,15.4, , 11, , 23.2, 1, , , , , , , , , , , , , , , , , , , , , , , ,,2026-03-04 06:00:00,15.4,55.440000000000005,A
noname ,AU202526_30U,2026-03-04 12:00,L, 20, 1, 20,-16.1,120.2, 3, 74, 1.5, , , 1.5, 1.5,996.0, , 7, 8, 1001, , 222, , , , , , , , , , , , , , , , , , , , , , , , , , ,15.4, , 11, , 23.2, 1, , , , , , , , , , , , , , , , , , , , , , , ,,2026-03-04 12:00:00,15.4,55.440000000000005,A
noname ,AU202526_30U,2026-03-04 18:00,L, 20, 1, 20,-16.3,120.1, 11, 28, 1, 1.5, 1.5, 1.5, 1.5,994.0, , 7, 8, 1000, , 222, , , , , , , , , , , , , , , , , , , , , , , , , , ,15.4, , 11, , 23.2, 1, , , , , , , , , , , , , , , , , , , , , , , ,,2026-03-04 18:00:00,15.4,55.440000000000005,A
noname ,AU202526_30U,2026-03-05 00:00,L, 20, 1, 20,-16.7,119.5, 10, 28, , 1, 1, 1, 1.5,993.0, , 7, 8, 1002, , 259, , , , , , , , , , , , , , , , , , , , , , , , , , ,15.4, , 11, , 23.2, 1, , , , , , , , , , , , , , , , , , , , , , , ,,2026-03-05 00:00:00,15.4,55.440000000000005,A
noname ,AU202526_30U,2026-03-05 06:00,L, 20, 1, 20,-17.55,118.4, 3, 28, , 1, 1, 1, 1,992.0, , 7, 8, 1000, , 259, , , , , , , , , , , , , , , , , , , , , , , , , , ,15.4, , 11, , 23.2, 1, , , , , , , , , , , , , , , , , , , , , , , ,,2026-03-05 06:00:00,15.4,55.440000000000005,A
noname ,AU202526_30U,2026-03-05 12:00,L, 20, 1, 20,-17.7,116.7, 10, 56, 1.5, 1.5, 1.5, 1.5, 1.5,992.0, , 7, 8, 1000, , 241, , , , , , , , , , , , , , , , , , , , , , , , , , ,15.4, , 11, , 25.7, 1, , , , , , , , , , , , , , , , , , , , , , , ,,2026-03-05 12:00:00,15.4,55.440000000000005,A
noname ,AU202526_30U,2026-03-05 18:00,L, 20, 1, 21,-16.9,114.8, 3, 56, 1.5, 1.5, 1.5, 1.5, 1.5,993.0, , 6, 8, 1002, , 296, , , , , 167, 130, , , , , , , , , , , , , , , , , 10, , , ,18.0, , 11, , 25.7, 1, , , , , , , , , , , , , , , , , , , , , , , ,Gales based on 1611 UTC OSCAT and 1755 UTC AMSR2,2026-03-05 18:00:00,18.0,64.8,A
noname ,AU202526_30U,2026-03-06 00:00,L, 20, 1, 21,-15.8,113.5, 10, 46, 1.5, 2, 1.5, 1.5, 1.5,994.0, , 6, 8, 1004, , 407, , , , , , 148, , , , , , , , , , , , , , , , , 10, , , ,18.0, , 11, , 25.7, 1, , , , , , , , , , , , , , , , , , , , , , , ,,2026-03-06 00:00:00,18.0,64.8,A
noname ,AU202526_30U,2026-03-06 06:00,L, 20, 1, 21,-15.9,113.3, 4, 28, , 1, 1, 1, 1.5,993.0, , 6, 8, 1002, , 370, , , , , , 148, , , , , , , , , , , , , , , , , 10, , , ,18.0, , 11, , 25.7, 1, , , , , , , , , , , , , , , , , , , , , , , ,,2026-03-06 06:00:00,18.0,64.8,A
noname ,AU202526_30U,2026-03-06 12:00,L, 20, 1, 21,-16.0,112.7, 3, 28, 1.5, 1.5, 1.5, 1.5, 1.5,994.0, , 6, 8, 1004, , 370, , , 74, , , 148, , , , , , , , , , , , , , , , , 10, , , ,18.0, , 11, , 25.7, 1, , , , , , , , , , , , , , , , , , , , , , , ,,2026-03-06 12:00:00,18.0,64.8,A
noname ,AU202526_30U,2026-03-06 18:00,L, 20, 1, 21,-16.1,112.2, 11, 37, 1.5, 1.5, 1.5, 1.5, 1.5,995.0, , 6, 8, 1004, , 407, , , , , , 148, , , , , , , , , , , , , , , , , 10, , , ,18.0, , 11, , 25.7, 1, , , , , , , , , , , , , , , , , , , , , , , ,,2026-03-06 18:00:00,18.0,64.8,A
noname ,AU202526_30U,2026-03-07 00:00,L, 20, 1, 21,-16.6,111.2, 4, 37, 1.5, 2, 1.5, 1.5, 1.5,995.0, , 6, 8, 1006, , 407, , , , , , 167, , , , , , , , , , , , , , , , , 10, , , ,18.0, , 11, , 25.7, 1, , , , , , , , , , , , , , , , , , , , , , , ,,2026-03-07 00:00:00,18.0,64.8,A
noname ,AU202526_30U,2026-03-07 06:00,L, 20, 1, 21,-17.2,110.1, 3, 28, 1.5, 2, 2, 2, 2,993.0, , 6, 8, 1002, , 296, , , , , , 185, , , , , , , , , , , , , , , , , 10, , , ,18.0, , 11, , 25.7, 1, , , , , , , , , , , , , , , , , , , , , , , ,,2026-03-07 06:00:00,18.0,64.8,A
noname ,AU202526_30U,2026-03-07 12:00,L, 20, 1, 21,-17.5,109.1, 3, 37, , 1.5, 1.5, 1.5, 2,993.0, , 6, 8, 1002, , 296, , , , , , 167, , , , , , , , , , , , , , , , , 10, , , ,18.0, , 11, , 25.7, 1, , , , , , , , , , , , , , , , , , , , , , , ,,2026-03-07 12:00:00,18.0,64.8,A
noname ,AU202526_30U,2026-03-07 18:00,L, 20, 1, 21,-17.5,107.7, 10, 37, 1.5, 1.5, 1.5, 1.5, 1.5,993.0, , 6, 8, 1006, , 370, , , , , , 167, , , , , , , , , , , , , , , , , 10, , , ,18.0, , 11, , 25.7, 1, , , , , , , , , , , , , , , , , , , , , , , ,,2026-03-07 18:00:00,18.0,64.8,A
noname ,AU202526_30U,2026-03-08 00:00,L, 20, 1, 21,-17.9,106.7, 3, 37, 1.5, 1, 1, 1, 1.5,995.0, , 6, 8, 1006, , 333, , , , , , 167, , , , , , , , , , , , , , , , , 10, , , ,18.0, , 11, , 25.7, 1, , , , , , , , , , , , , , , , , , , , , , , ,,2026-03-08 00:00:00,18.0,64.8,A
noname ,AU202526_30U,2026-03-08 06:00,L, 20, 1, 20,-18.0,105.4, 11, 37, , 1, 1, 1, 1,997.0, , 6, 8, 1006, , 333, , , , , , , , , , , , , , , , , , , , , , , , , , ,15.4, , 11, , 23.2, 1, , , , , , , , , , , , , , , , , , , , , , , ,No gales on 0638 UTC AMSR2,2026-03-08 06:00:00,15.4,55.440000000000005,A
noname ,AU202526_30U,2026-03-08 12:00,L, 20, 1, 20,-18.2,104.4, 3, 37, , , , , ,999.0, , 6, 8, 1008, , 333, , , , , , , , , , , , , , , , , , , , , , , , , , ,12.9, , 11, , 23.2, 1, , , , , , , , , , , , , , , , , , , , , , , ,,2026-03-08 12:00:00,12.9,46.440000000000005,A
noname ,AU202526_30U,2026-03-08 18:00,L, 20, 1, 20,-18.2,103.6, 4, 28, , , , , ,1000.0, , 6, 8, 1008, , 333, , , , , , , , , , , , , , , , , , , , , , , , , , ,12.9, , 11, , 23.2, 1, , , , , , , , , , , , , , , , , , , , , , , ,,2026-03-08 18:00:00,12.9,46.440000000000005,A
noname ,AU202526_30U,2026-03-09 00:00,L, 20, 1, 20,-18.3,102.9, 4, 28, , , , , ,1000.0, , 6, 8, 1008, , 333, , , , , , , , , , , , , , , , , , , , , , , , , , ,12.9, , 11, , 23.2, 1, , , , , , , , , , , , , , , , , , , , , , , ,,2026-03-09 00:00:00,12.9,46.440000000000005,A
noname ,AU202526_30U,2026-03-09 06:00,L, 20, 1, 20,-18.5,102.3, 4, 19, , , , , ,1000.0, , 6, 8, 1008, , 333, , , , , , , , , , , , , , , , , , , , , , , , , , ,12.9, , 11, , 23.2, 1, , , , , , , , , , , , , , , , , , , , , , , ,,2026-03-09 06:00:00,12.9,46.440000000000005,A
noname ,AU202526_30U,2026-03-09 12:00,L, 20, 1, 20,-18.1,101.8, 4, 19, , , , , ,1002.0, , 6, 8, 1008, , 333, , , , , , , , , , , , , , , , , , , , , , , , , , ,10.3, , 11, , 23.2, 1, , , , , , , , , , , , , , , , , , , , , , , ,,2026-03-09 12:00:00,10.3,37.080000000000005,A
noname ,AU202526_30U,2026-03-09 18:00,L, 20, 1, 20,-18.0,101.5, 4, 19, , , , , ,1004.0, , 6, 8, 1010, , 333, , , , , , , , , , , , , , , , , , , , , , , , , , ,12.9, , 11, , 23.2, 1, , , , , , , , , , , , , , , , , , , , , , , ,,2026-03-09 18:00:00,12.9,46.440000000000005,A
noname ,AU202526_30U,2026-03-10 00:00,L, 20, 1, 20,-17.9,100.6, 4, 19, , , , , ,1004.0, , 6, 8, 1010, , 333, , , , , , , , , , , , , , , , , , , , , , , , , , ,12.9, , 11, , 23.2, 1, , , , , , , , , , , , , , , , , , , , , , , ,,2026-03-10 00:00:00,12.9,46.440000000000005,A
noname ,AU202526_30U,2026-03-10 06:00,L, 20, 1, 20,-17.3,99.9, 4, 28, , , , , ,1005.0, , 6, 8, 1010, , 315, , , , , , , , , , , , , , , , , , , , , , , , , , ,12.9, , 11, , 23.2, 1, , , , , , , , , , , , , , , , , , , , , , , ,,2026-03-10 06:00:00,12.9,46.440000000000005,A
noname ,AU202526_30U,2026-03-10 12:00,L, 20, 1, 20,-17.1,99.6, 4, 28, , , , , ,1006.0, , 6, 8, 1010, , 296, , , , , , , , , , , , , , , , , , , , , , , , , , ,12.9, , 11, , 23.2, 1, , , , , , , , , , , , , , , , , , , , , , , ,,2026-03-10 12:00:00,12.9,46.440000000000005,A
noname ,AU202526_30U,2026-03-10 18:00,L, 20, 1, 20,-16.3,98.5, 3, 46, , , , , ,1006.0, , 6, 8, 1010, , 241, , , , , , , , , , , , , , , , , , , , , , , , , , ,12.9, , 11, , 23.2, 1, , , , , , , , , , , , , , , , , , , , , , , ,,2026-03-10 18:00:00,12.9,46.440000000000005,A
noname ,AU202526_30U,2026-03-11 00:00,L, 20, 1, 20,-16.0,97.3, 3, 46, , , , , ,1006.0, , 6, 8, 1010, , 259, , , , , , , , , , , , , , , , , , , , , , , , , , ,12.9, , 11, , 23.2, 1, , , , , , , , , , , , , , , , , , , , , , , ,,2026-03-11 00:00:00,12.9,46.440000000000005,A
noname ,AU202526_30U,2026-03-11 06:00,L, 20, 1, 20,-15.9,96.1, 3, 56, , , , , ,1005.0, , 6, 8, 1010, , 278, , , , , , , , , , , , , , , , , , , , , , , , , , ,12.9, , 11, , 23.2, 1, , , , , , , , , , , , , , , , , , , , , , , ,,2026-03-11 06:00:00,12.9,46.440000000000005,A
noname ,AU202526_30U,2026-03-11 12:00,L, 20, 1, 20,-15.5,95.4, 3, 56, , , , , ,1005.0, , 6, 8, 1010, , 278, , , , , , , , , , , , , , , , , , , , , , , , , , ,12.9, , 11, , 23.2, 1, , , , , , , , , , , , , , , , , , , , , , , ,,2026-03-11 12:00:00,12.9,46.440000000000005,A
noname ,AU202526_30U,2026-03-11 18:00,L, 20, 1, 20,-15.3,94.7, 3, 46, , , , , ,1006.0, , 6, 8, 1010, , 333, , , , , , , , , , , , , , , , , , , , , , , , , , ,12.9, , 11, , 23.2, 1, , , , , , , , , , , , , , , , , , , , , , , ,,2026-03-11 18:00:00,12.9,46.440000000000005,A
noname ,AU202526_30U,2026-03-12 00:00,L, 20, 1, 20,-15.4,93.6, 3, 46, , , , , ,1006.0, , 6, 8, 1010, , 370, , , , , , , , , , , , , , , , , , , , , , , , , , ,12.9, , 11, , 23.2, 1, , , , , , , , , , , , , , , , , , , , , , , ,,2026-03-12 00:00:00,12.9,46.440000000000005,A
Narelle ,AU202526_34U,2026-03-15 06:00,T, 20, 1, 20,-12.7,159.8, 3, 56, , , , , ,1006.0, , 7, , 1012, , 407, , , , , , , , , , , , , , , , , , , , , , , , , , 10,7.7, , 11, 3, 23.2, 1, , , , , , , , , , , , , , , , , , , , , , , ,,2026-03-15 06:00:00,7.7,27.720000000000002,A
Narelle ,AU202526_34U,2026-03-15 12:00,T, 20, 1, 20,-13.1,159.3, 11, 37, 1, , , 1, 1,1008.0, , 7, , 1012, , 407, , , , , , , , , , , , , , , , , , , , , , , , , , 10,7.7, , 11, 3, 23.2, 1, , , , , , , , , , , , , , , , , , , , , , , ,,2026-03-15 12:00:00,7.7,27.720000000000002,A
Narelle ,AU202526_34U,2026-03-15 18:00,T, 20, 1, 20,-13.0,158.9, 11, 46, 2, , , 1.5, 1.5,1007.0, , 7, , 1011, , 352, , , , , , , , , , , , , , , , , , , , , , , , , , 10,10.3, , 11, 3, 23.2, 1, , , , , , , , , , , , , , , , , , , , , , , ,,2026-03-15 18:00:00,10.3,37.080000000000005,A
Narelle ,AU202526_34U,2026-03-16 00:00,T, 20, 1, 20,-13.2,157.8, 10, 37, 2, , , 2, 2,1005.0, , 7, , 1011, , 333, , , , , , , , , , , , , , , , , , , , , , , , , , 10,12.9, , 11, 3, 23.2, 1, , , , , , , , , , , , , , , , , , , , , , , ,,2026-03-16 00:00:00,12.9,46.440000000000005,A
Narelle ,AU202526_34U,2026-03-16 06:00,T, 20, 1, 20,-13.0,158.0, 11, 37, 1.5, , , 1.5, 2,1003.0, , 7, , 1008, , 333, , , , , , , , , , , , , , , , , , , , , , , , , , 10,12.9, , 13, 3, 23.2, 1, , , , , , , , , , , , , , , , , , , , , , , ,,2026-03-16 06:00:00,12.9,46.440000000000005,A
Narelle ,AU202526_34U,2026-03-16 12:00,T, 20, 1, 20,-12.7,157.5, 10, 56, , 1.5, 2, 2, 2,1005.0, , 6, 8, 1010, , 352, , , , , , , , , , , , , , , , , , , , , , , , , , 10,12.9, , 11, 3, 23.2, 1, , , , , , , , , , , , , , , , , , , , , , , ,,2026-03-16 12:00:00,12.9,46.440000000000005,A
Narelle ,AU202526_34U,2026-03-16 18:00,T, 20, 1, 20,-12.3,157.2, 11, 37, , 2.5, 2, 2, 2,1002.0, , 7, , 1008, , 370, , , , , , , , , , , , , , , , , , , , , , , , , , 10,15.4, , 11, 3, 23.2, 1, , , , , , , , , , , , , , , , , , , , , , , ,,2026-03-16 18:00:00,15.4,55.440000000000005,A
Narelle ,AU202526_34U,2026-03-17 00:00,T, 20, 1, 30,-12.3,156.8, 10, 28, 2.5, 3.5, 3, 2.5, 2.5,997.0, , 6, 8, 1010, , 407, , , 139, 120, 83, , , , , , , , , , , , 83, , , , , 10, 10, , , 10,20.6, , 11, 3, 28.3, 1, , , , , , , , , , , , , , , , , , , , , , , ,,2026-03-17 00:00:00,20.6,74.16000000000001,A
Narelle ,AU202526_34U,2026-03-17 06:00,T, 20, 1, 30,-12.7,156.3, 4, 28, 4, 3, 3.5, 3.5, 3.5,989.0, , 6, 8, 1008, , 370, , , 111, 130, 111, 83, , , 46, , , , , , , , 37, , , , , 10, 10, 10, , 10,25.7, , 13, 3, 36, 1, 40.7, , 1, , , , , , , , , , , , , , , , , , , , ,,2026-03-17 06:00:00,25.7,92.52,A
Narelle ,AU202526_34U,2026-03-17 12:00,T, 20, 1, 30,-12.4,155.3, 10, 37, 3.5, 3.5, 3.5, 3.5, 3.5,988.0, , 6, 8, 1010, , 333, , , 111, 130, 111, 83, , , 46, 56, 46, , , , , , 31, , , , , 10, 10, 10, , 10,28.3, , 13, 3, 38.6, 1, , , , , , , , , , , , , , , , , , , , , , , ,SAR RCM-2 0759UTC,2026-03-17 12:00:00,28.3,101.88000000000001,A
Narelle ,AU202526_34U,2026-03-17 18:00,T, 20, 1, 30,-12.2,154.3, 11, 28, 4, 3, 3.5, 3.5, 3.5,981.0, , 6, 8, 1006, , 296, , , 111, 120, 111, 93, , 46, 46, 46, 46, , , , , , 31, , , , , 10, 10, 10, , 10,30.9, , 11, 3, 43.7, 1, 16.7, , 20, , , , , , , , , , , , , , , , , , , , ,Eye evident on 37GHz microwave,2026-03-17 18:00:00,30.9,111.24,A
Narelle ,AU202526_34U,2026-03-18 00:00,T, 20, 1, 30,-12.2,153.4, 10, 46, 4, 3, 3.5, 4, 4,982.0, , 6, 8, 1007, , 296, , , 111, 120, 111, 93, , 46, 46, 46, 46, , , , , , 31, , , , , 10, 10, 10, , 10,30.9, , 13, 3, 43.7, 1, , , , , , , , , , , , , , , , , , , , , , , ,,2026-03-18 00:00:00,30.9,111.24,A
Narelle ,AU202526_34U,2026-03-18 06:00,T, 20, 1, 40,-12.6,151.8, 11, 28, 5, 4.5, 4.5, 4.5, 4.5,975.0, , 6, 8, 1006, , 315, , , 148, 139, 130, 139, , 65, 65, 65, 56, , 37, 37, 37, 37, 24, , , , , 8, 10, 10, 10, 10,36.0, , 13, 3, 51.4, 1, 27.8, , 1, , , , , , , , , , , , , , , , , , , , ,SSMIS 0619UTC -12.6 151.8. RMW and eye radius estimates from this also.,2026-03-18 06:00:00,36.0,129.6,A
Narelle ,AU202526_34U,2026-03-18 12:00,T, 20, 1, 40,-12.9,150.6, 3, 46, 5, 4.5, 5, 5, 5,968.0, , 6, 8, 1008, , 278, , , 148, 167, 148, 148, , 74, 74, 74, 56, , 56, 56, 46, 46, 24, , , , , 10, 10, 10, 10, 10,41.2, , 13, 3, 56.6, 1, , , , , , , , , , , , , , , , , , , , , , , ,,2026-03-18 12:00:00,41.2,148.32000000000002,A
Narelle ,AU202526_34U,2026-03-18 18:00,T, 20, 1, 40,-13.2,149.3, 4, 28, 5.5, 5, 5.5, 5.5, 5.5,952.0, , 6, 8, 1006, , 315, , , 157, 167, 157, 157, , 93, 83, 83, 74, , 56, 56, 56, 46, 24, , , , , 10, 10, 10, 10, 10,48.9, , 13, 3, 69.5, 1, 16.7, , 1, , , , , , , , , , , , , , , , , , , , ,,2026-03-18 18:00:00,48.9,176.04,A
Narelle ,AU202526_34U,2026-03-19 00:00,T, 20, 1, 40,-13.6,147.7, 4, 28, 6.5, 5.5, 6, 6.5, 6.5,938.0, , 6, 8, 1006, , 296, , , 157, 167, 157, 157, , 93, 83, 83, 74, , 56, 56, 56, 46, 24, , , , , 10, 10, 10, 10, 10,56.6, , 13, 3, 79.7, 1, 11.1, , 1, , , , , , , , , , , , , , , , , , , , ,SAR RCM 1947 UTC,2026-03-19 00:00:00,56.6,203.76000000000002,A
Narelle ,AU202526_34U,2026-03-19 06:00,T, 20, 1, 40,-13.5,146.4, 4, 19, 6.5, 6, 6, 6.5, 6.5,931.0, , 6, 8, 1006, , 315, , , 157, 167, 167, 157, , 102, 93, 93, 83, , 74, 74, 74, 65, 19, , , , , 10, 10, 10, 10, 10,59.2, , 13, 3, 82.3, 1, 16.7, , 1, , , , , , , , , , , , , , , , , , , , ,Lizard Is commences gales,2026-03-19 06:00:00,59.2,213.12,A
Narelle ,AU202526_34U,2026-03-19 12:00,T, 20, 1, 40,-13.6,145.5, 4, 19, 6.5, 6, 6, 6.5, 6.5,931.0, , 6, 8, 1008, , 315, , , 167, 148, 148, 148, , 111, 93, 93, 93, , 74, 74, 74, 74, 17, , , , , 10, 10, 10, 10, 10,59.2, , 13, 3, 82.3, 1, 14.8, , 1, , , , , , , , , , , , , , , , , , , , ,SAR passes RCM-3 128kn 1min and S1 116kn 1min,2026-03-19 12:00:00,59.2,213.12,A
Narelle ,AU202526_34U,2026-03-19 18:00,T, 20, 1, 40,-13.6,144.25, 11, 28, 5.5, 5, 5.5, 5.5, 6.5,931.0, , 6, 8, 1006, , 315, , , 167, 139, 130, 130, , 111, 83, 83, 74, , 65, 56, 56, 56, 13, , , , , 10, 10, 10, 10, 10,59.2, , 11, 3, 82.3, 1, 16.7, , 1, , , , , , , , , , , , , , , , , , , , ,SAR RCM-3 1955UTC 126 kn 1 min similar to 0847UTC estimate. Eye radius from microwave AMSR and SSMIS.,2026-03-19 18:00:00,59.2,213.12,A
Narelle ,AU202526_34U,2026-03-19 21:00,T, 20, 3, 40,-13.4,143.6, 6, 19, 5.5, 5.5, 5.5, 5.5, 6,942.0, , 6, 8, 1006, , 333, , , 148, 130, 120, 93, , 83, 83, 74, 56, , 56, 56, 46, 46, 15, , , , , 10, 2, 10, 10, 10,54.0, 2.6, 13, 3, 74.6, 1, 16.7, , 3, , , , , , , , , , , , , , , , , , , , ,Landfall. SAR RCM-3 1955UTC,2026-03-19 21:00:00,54.0,194.4,A
Narelle ,AU202526_34U,2026-03-20 00:00,T, 20, 2, 40,-13.3,143.2, 6, 28, , , , , ,965.0, , 6, 8, 1006, , 352, , , 130, 120, 102, 83, , 56, 65, 56, 46, , 46, 46, 37, 37, 26, , , , , 5, 2, 2, 2, 10,41.2, 2.6, 20, 3, 56.6, 1, , , , , , , , , , , , , , , , , , , , , , , ,Vm estimated from inland decay model.,2026-03-20 00:00:00,41.2,148.32000000000002,A
Narelle ,AU202526_34U,2026-03-20 03:00,T, 20, 2, 40,-13.2,142.7, 6, 28, , , , , ,978.0, , 6, 8, 1007, , 315, , , 74, 83, 74, 74, , 46, 46, 46, 46, , 28, 28, 28, 28, 26, , , , , 5, 2, 2, 2, 10,33.4, , 20, 3, 51.4, 1, , , , , , , , , , , , , , , , , , , , , , , ,Vm estimated from inland decay model.,2026-03-20 03:00:00,33.4,120.24,A
Narelle ,AU202526_34U,2026-03-20 06:00,T, 20, 2, 30,-13.35,142.25, 6, 28, , , , , ,983.0, , 6, 8, 1004, , 315, , , 83, 83, 74, 93, , 37, 37, 37, 37, , , , , , 28, , , , , 5, 2, 2, , 10,28.3, , 20, 3, 38.6, 1, , , , , , , , , , , , , , , , , , , , , , , ,Vm estimated from inland decay model.,2026-03-20 06:00:00,28.3,101.88000000000001,A
Narelle ,AU202526_34U,2026-03-20 09:00,T, 20, 2, 30,-13.4,141.8, 6, 28, , , , , ,986.0, , 6, 8, 1004, , 296, , , 65, 83, 93, 130, , 37, 37, 37, 46, , , , , , 37, , , , , 5, 10, 10, , 10,25.7, , 20, 3, 36, 1, , , , , , , , , , , , , , , , , , , , , , , ,Vm estimated from inland decay model.,2026-03-20 09:00:00,25.7,92.52,A
Narelle ,AU202526_34U,2026-03-20 12:00,T, 20, 4, 30,-13.3,141.1, 6, 37, 3, , , 3, 3,988.0, , 6, 8, 1006, , 333, , , 83, 93, 111, 130, , 46, , 46, 46, , , , , , 41, , , , , 5, 10, 5, , 10,25.7, , 11, 3, 36, 1, , , , , , , , , , , , , , , , , , , , , , , ,SAR RCM-1 0856UTC,2026-03-20 12:00:00,25.7,92.52,A
Narelle ,AU202526_34U,2026-03-20 18:00,T, 20, 1, 30,-13.1,139.9, 6, 37, 3, , , 3, 3,980.0, , 6, 8, 1004, , 333, , , 111, 130, 130, 130, , 56, 56, 56, 56, , , , , , 48, , , , , 10, 10, 5, , 10,30.9, , 11, 3, 43.7, 1, 27.8, , 3, , , , , , , , , , , , , , , , , , , , ,SAR S1 2015UTC,2026-03-20 18:00:00,30.9,111.24,A
Narelle ,AU202526_34U,2026-03-21 00:00,T, 20, 1, 30,-13.0,138.8, 3, 46, 3.5, , , 3.5, 3.5,982.0, , 6, 8, 1006, , 333, , , 130, 148, 139, 130, , 65, 65, 56, 56, , , , , , 41, , , , , 10, 10, 10, , 10,30.9, , 11, 3, 43.7, 1, 25.9, , 20, , , , , , , , , , , , , , , , , , , , ,Eye radius and Vm biased towards SAR S1 2015UTC,2026-03-21 00:00:00,30.9,111.24,A
Narelle ,AU202526_34U,2026-03-21 06:00,T, 20, 1, 40,-13.0,137.9, 6, 37, 4, , , 4, 4,976.0, , 6, 8, 1005, , 352, , , 157, 139, 157, 148, , 83, 74, 74, 74, , 56, 46, 56, 56, 33, , , , , 4, 10, 10, 10, 10,33.4, , 20, 3, 46.3, 1, 29.6, , 3, , , , , , , , , , , , , , , , , , , , ,Vm based on consensus of objective aids noting 80 knot SAR estimate at 0918UTC,2026-03-21 06:00:00,33.4,120.24,A
Narelle ,AU202526_34U,2026-03-21 12:00,T, 20, 1, 40,-13.15,136.9, 6, 28, 4.5, 4, 4, 4.5, 4.5,974.0, , 6, 8, 1006, , 333, , , 185, 148, 148, 148, , 83, 74, 65, 83, , 65, 46, 46, 56, 26, , , , , 4, 10, 10, 10, 10,36.0, , 13, 3, 51.4, 1, 27.8, , 3, , , , , , , , , , , , , , , , , , , , ,SAR S1 0918UTC and partial RCM-1 0903UTC. ASCAT-B 1128UTC; ASCAT-C 1203UTC,2026-03-21 12:00:00,36.0,129.6,A
Narelle ,AU202526_34U,2026-03-21 15:00,T, 20, 1, 40,-13.3,136.4, 6, 19, 5, 3, 3.5, 4.5, 4.5,973.0, , 6, 8, 1005, , 296, , , 148, 130, 130, 157, , 74, 56, 56, 56, , 46, 37, 37, , 22, , , , , 4, 10, 10, 10, 10,36.0, , 13, 3, 51.4, 1, 27.8, , 3, , , , , , , , , , , , , , , , , , , , ,,2026-03-21 15:00:00,36.0,129.6,A
Narelle ,AU202526_34U,2026-03-21 18:00,T, 20, 3, 40,-13.45,135.9, 6, 28, 4, 4, 4.5, 4.5, 4.5,978.0, , 6, 8, 1006, , 296, , , 148, 130, 120, 176, , 65, 56, 37, 37, , 28, 28, , , 22, , , , , 5, 2, 10, 5, 10,33.4, , 13, 3, 46.3, 1, 18.5, , 3, , , , , , , , , , , , , , , , , , , , ,,2026-03-21 18:00:00,33.4,120.24,A
Narelle ,AU202526_34U,2026-03-21 21:00,T, 20, 2, 30,-13.55,135.3, 6, 37, , , , , ,986.0, , 6, 8, 1004, , 296, , , 148, 111, 74, 102, , 46, 56, , , , , , , , 37, , , , , 5, 2, 5, , 10,25.7, , 20, 3, 36, 1, , , , , , , , , , , , , , , , , , , , , , , ,Vm based on inland decay model.,2026-03-21 21:00:00,25.7,92.52,A
Narelle ,AU202526_34U,2026-03-22 00:00,T, 20, 2, 21,-13.55,134.3, 7, 46, , , , , ,988.0, , 7, , 1004, , 278, , , , 93, 74, , , , , , , , , , , , , , , , , , 20, , , 10,20.6, , 20, 3, 28.3, 1, , , , , , , , , , , , , , , , , , , , , , , ,Vm and structure biased towards inland decay model / NWP.,2026-03-22 00:00:00,20.6,74.16000000000001,A
Narelle ,AU202526_34U,2026-03-22 06:00,T, 20, 2, 20,-13.9,132.4, 3, 37, , , , , ,990.0, , 7, , 1005, , 296, , , , , , , , , , , , , , , , , , , , , , , , , , 10,15.4, , 20, 3, 23.2, 1, , , , , , , , , , , , , , , , , , , , , , , ,,2026-03-22 06:00:00,15.4,55.440000000000005,A
Narelle ,AU202526_34U,2026-03-22 12:00,T, 20, 2, 20,-14.0,131.4, 3, 37, , , , , ,993.0, , 7, , 1003, , 259, , , , , , , , , , , , , , , , , , , , , , , , , , 10,15.4, , 20, 3, 23.2, 1, , , , , , , , , , , , , , , , , , , , , , , ,,2026-03-22 12:00:00,15.4,55.440000000000005,A
Narelle ,AU202526_34U,2026-03-22 18:00,T, 20, 2, 20,-14.3,130.0, 3, 37, , , , , ,993.0, , 7, , 1003, , 241, , , , , , , , , , , , , , , , , , , , , , , , , , 10,15.4, , 20, 3, 23.2, 1, , , , , , , , , , , , , , , , , , , , , , , ,,2026-03-22 18:00:00,15.4,55.440000000000005,A
Narelle ,AU202526_34U,2026-03-23 00:00,T, 20, 4, 20,-14.4,129.4, 3, 37, , , , , ,992.0, , 7, , 1004, , 259, , , , , , , , , , , , , , , , , , , , , , , , , , 10,15.4, , 20, 3, 23.2, 1, , , , , , , , , , , , , , , , , , , , , , , ,moves into Joseph Bonaparte Gulf,2026-03-23 00:00:00,15.4,55.440000000000005,A
Narelle ,AU202526_34U,2026-03-23 06:00,T, 20, 3, 20,-14.7,128.0, 3, 37, , , , , ,994.0, , 6, 8, 1002, , 250, , , , , , , , , , , , , , , , , , , , , , , , , , 10,15.4, , 20, 3, 23.2, 1, , , , , , , , , , , , , , , , , , , , , , , ,,2026-03-23 06:00:00,15.4,55.440000000000005,A
Narelle ,AU202526_34U,2026-03-23 12:00,T, 20, 2, 20,-15.2,126.8, 3, 46, , , , , ,995.0, , 6, 8, 1003, , 222, , , , , , , , , , , , , , , , , , , , , , , , , , 10,15.4, , 20, 3, 23.2, 1, , , , , , , , , , , , , , , , , , , , , , , ,Moving over Kimberley,2026-03-23 12:00:00,15.4,55.440000000000005,A
Narelle ,AU202526_34U,2026-03-23 18:00,T, 20, 2, 20,-15.4,125.3, 11, 37, , , , , ,995.0, , 6, 8, 1003, , 259, , , , , , , , , , , , , , , , , , , , , , , , , , 10,15.4, , 20, 3, 23.2, 1, , , , , , , , , , , , , , , , , , , , , , , ,,2026-03-23 18:00:00,15.4,55.440000000000005,A
Narelle ,AU202526_34U,2026-03-24 00:00,T, 20, 4, 21,-15.4,124.6, 11, 46, 2.5, , , 2.5, 2.5,994.0, , 6, 8, 1004, , 296, , , 56, , , 167, , , , , , , , , , , , , , , , , 10, , , 10,18.0, , 11, 3, 25.7, 1, , , , , , , , , , , , , , , , , , , , , , , ,Moving off west Kimberley coast; gale radii based off OSCAT 0330Z,2026-03-24 00:00:00,18.0,64.8,A
Narelle ,AU202526_34U,2026-03-24 06:00,T, 20, 1, 21,-15.7,123.8, 11, 37, 2.5, , , 2.5, 2.5,993.0, , 6, 8, 1002, , 333, , , 111, , , 167, , , , , , , , , , , , , , , , , 10, , , 10,18.0, , 11, 3, 25.7, 1, , , , , , , , , , , , , , , , , , , , , , , ,Gale radii based off AMSR2 0500Z; Koolan Island observations,2026-03-24 06:00:00,18.0,64.8,A
Narelle ,AU202526_34U,2026-03-24 12:00,T, 20, 1, 21,-16.5,122.7, 6, 28, 2.5, , , 2.5, 2.5,990.0, , 6, 8, 1002, , 296, , , 130, , , 167, , , , , , , , , , , , , , , , , 2, , , 10,18.0, , 11, 3, 25.7, 1, , , , , , , , , , , , , , , , , , , , , , , ,Gale radii interpolated from previous scat passes and Koolan Island observations,2026-03-24 12:00:00,18.0,64.8,A
Narelle ,AU202526_34U,2026-03-24 18:00,T, 20, 1, 30,-16.9,121.4, 6, 28, 3, , , 3, 3,987.0, , 6, 8, 1001, , 278, , , 148, 93, 148, 222, , , , , , , , , , , 46, , , , , 7, 10, , , 10,23.2, , 11, 3, 33.4, 1, , , , , , , , , , , , , , , , , , , , , , , ,OSCAT at 1547Z confirms gales around centre; AMSR2 at 1731Z used for gale radii,2026-03-24 18:00:00,23.2,83.52,A
Narelle ,AU202526_34U,2026-03-25 00:00,T, 20, 1, 30,-17.2,120.2, 11, 37, 3.5, 3.5, 3, 3.5, 3.5,984.0, , 7, , 1001, , 296, , , 204, 222, 93, 222, , 74, , , 56, , , , , , 46, , , , , 7, 10, , , 10,25.7, , 20, 3, 36, 1, , , , , , , , , , , , , , , , , , , , , , , ,Structure based on ASCAT at 0054 25/03; SAR at 2140 24/03; and surface observations from Rowley Shoals indicated it was not in gales,2026-03-25 00:00:00,25.7,92.52,A
Narelle ,AU202526_34U,2026-03-25 06:00,T, 20, 1, 30,-17.55,119.1, 11, 28, 4, 4, 4, 4, 4,973.0, , 4, , 1002, , 296, , , 222, 241, 241, 204, , 111, 148, 148, 111, , , , , , 46, , , , , 7, 2, , , 10,30.9, , 20, 3, 43.7, 1, , , , , , , , , , , , , , , , , , , , , , , ,Passes near Rowley Shoals where pressure falls to 974hPa; Rowley Shoals near storm centre; Bedout Island in gales,2026-03-25 06:00:00,30.9,111.24,A
Narelle ,AU202526_34U,2026-03-25 12:00,T, 20, 1, 40,-17.8,118.0, 11, 28, 4, 3.5, 3.5, 4, 4,970.0, , 6, 8, 1003, , 315, , , 222, 278, 241, 185, , 130, 185, 167, 111, , 74, 111, 130, 83, 46, , , , , 10, 10, , , 10,36.0, , 20, 3, 51.4, 1, , , , , , , , , , , , , , , , , , , , , , , ,SAR RCM-1 1039UTC used for structure; Port Hedland observations constrain SW gale radius,2026-03-25 12:00:00,36.0,129.6,A
Narelle ,AU202526_34U,2026-03-25 18:00,T, 20, 1, 40,-18.3,117.2, 11, 28, 5.5, 4.5, 5, 5, 5,958.0, , 6, 8, 1004, , 352, , , 259, 278, 259, 222, , 130, 204, 167, 130, , 93, 93, 93, 74, 46, , , , , 10, 20, , , 10,41.2, , 20, 3, 56.6, 1, , , , , , , , , , , , , , , , , , , , , , , ,Broad eye; outer bands extend gales to the coast. Structure based on SMAP 2141; SMOS 2217; SAR 2149; in addition to surface observations from Rowley Shoals; Bedout Is; Port Hedland; Karratha; Legendre Is; and North Rankin.DT 5.5 constrained,2026-03-25 18:00:00,41.2,148.32000000000002,A
Narelle ,AU202526_34U,2026-03-26 00:00,T, 20, 1, 40,-18.8,116.2, 6, 28, 4.5, 5, 5, 4.5, 5,958.0, , 6, 8, 1004, , 352, , , 259, 333, 241, 204, , 148, 204, 148, 130, , 111, 111, 93, 74, 46, , , , , 4, 2, , , 10,41.2, , 20, 3, 56.6, 1, 40.7, , 3, , , , , , , , , , , , , , , , , , , , ,SAR RCM-1 2149UTC. Structure started with SAR and ASCAT at 0035. Used observations from Rowley Shoals; Bedout Is; Barrow Is; Varanus Is; Karratha for gale radii; Legendre Is for storm radii; North Rankin for hurricane radii.,2026-03-26 00:00:00,41.2,148.32000000000002,A
Narelle ,AU202526_34U,2026-03-26 06:00,T, 20, 1, 40,-19.5,115.4, 6, 19, 5, 5, 5, 5, 5,945.0, , 4, , 1002, , 315, , , 259, 333, 185, 204, , 148, 204, 148, 130, , 74, 93, 93, 93, 46, , , , , 4, 2, , , 10,43.7, , 20, 3, 61.7, 1, 40.7, , 3, , , , , , , , , , , , , , , , , , , , ,Eye wall replacement starting. Structure from observations from North Rankin; Port Hedland; Legendre Island; Karratha; Barrow Is; Varanus Is; Mardie; thevenard Is; and Onslow. Onslow not in gales; large gale radii for PH beacons. Press Plut,2026-03-26 06:00:00,43.7,157.32000000000002,A
Narelle ,AU202526_34U,2026-03-26 12:00,T, 20, 1, 40,-20.3,114.7, 6, 19, 5, 5, 5, 5, 5,955.0, , 6, 8, 1005, , 333, , , 259, 278, 185, 204, , 130, 139, 111, 130, , 74, 102, 93, 93, 43, , , , , 4, 2, , , 10,43.7, , 20, 3, 61.7, 1, 37, , 3, , , , , , , , , , , , , , , , , , , , ,SAR RCM-2 1046UTC shows double wind max during ERC. Structure is based on ASCAT B at 1304; and constrained using observations from North Rankin; Legendre Is; Karratha; Varanus Is; Barrow Is; Mardie; Thevenard Is; Onslow; and Learmonth.,2026-03-26 12:00:00,43.7,157.32000000000002,A
Narelle ,AU202526_34U,2026-03-26 18:00,T, 20, 1, 40,-21.1,114.1, 6, 19, 5, 6, 5.5, 5, 6,958.0, , 6, 8, 1008, , 370, , , 259, 167, 185, 204, , 148, 130, 93, 130, , 93, 102, 74, 93, 43, , , , , 4, 2, , , 10,43.7, , 20, 3, 61.7, 1, 37, , 3, , , , , , , , , , , , , , , , , , , , ,AMSR2 1720UTC double eye wall. Structure based on 1720 AMSR2; 2157 SAR; and 2219 SMAP; constrained using obs from North Rankin; Legendre Is; Karratha; Varanus Is; Barrow Is; Mardie; Thevenard Is; Onslow; and Learmonth. DT 6.0 at 16z,2026-03-26 18:00:00,43.7,157.32000000000002,A
Narelle ,AU202526_34U,2026-03-27 00:00,T, 20, 1, 40,-22.3,113.65, 10, 28, 4.5, 3.5, 4, 4.5, 5.5,958.0, , 3, , 1004, , 296, , , 241, 167, 204, 185, , 176, 130, 111, 130, , 83, 83, 74, 93, 43, , , , , 10, 2, , , 10,43.7, , 20, 3, 61.7, 1, , , , , , , , , , , , , , , , , , , , , , , ,SAR RCM-1 2157UTC and S1 2157UTC. Learmonth max wind 78kn gust 108kn. Ningaloo 954.8hPa inside eastern eye wall. During BTing; no sat imagery available. Poor radar returns from Carnarvon. Biased to 2157 SAR. Structure SAR/SMAP/ obs,2026-03-27 00:00:00,43.7,157.32000000000002,A
Narelle ,AU202526_34U,2026-03-27 06:00,T, 20, 3, 40,-23.5,113.8, 6, 37, 4.5, 3.5, 3.5, 4.5, 5,965.0, , 6, 8, 1002, , 204, , , 241, 222, 222, 148, , 148, 130, 111, 111, , 74, 74, 56, 74, 46, , , , , 7, 2, , , 10,36.0, , 20, 3, 51.4, 1, , , , , , , , , , , , , , , , , , , , , , , ,Over land,2026-03-27 06:00:00,36.0,129.6,A
Narelle ,AU202526_34U,2026-03-27 12:00,T, 20, 2, 30,-25.2,114.6, 7, 37, , , , , ,974.0, , 6, 8, 1002, , 204, , , 222, 204, 111, 111, , 148, 120, 56, 56, , , , , , 46, , , , , 7, 20, , , 10,30.9, , 20, 3, 43.7, 1, , , , , , , , , , , , , , , , , , , , , , , ,,2026-03-27 12:00:00,30.9,111.24,A
Narelle ,AU202526_34U,2026-03-27 18:00,T, 20, 2, 21,-27.2,115.4, 7, 46, , , , , ,984.0, , 6, 8, 1002, , 222, , , 222, 148, , , , , , , , , , , , , , , , , , , 20, , , 10,23.2, , 20, 3, 33.4, 1, , , , , , , , , , , , , , , , , , , , , , , ,Gales only to east,2026-03-27 18:00:00,23.2,83.52,A
Narelle ,AU202526_34U,2026-03-28 00:00,T, 20, 2, 21,-29.6,116.9, 7, 37, , , , , ,995.0, , 6, 8, 1006, , 222, , , 167, , , , , , , , , , , , , , , , , , , , 20, , , 10,18.0, , 20, 3, 25.7, 1, , , , , , , , , , , , , , , , , , , , , , , ,,2026-03-28 00:00:00,18.0,64.8,A
Narelle ,AU202526_34U,2026-03-28 06:00,T, 20, 2, 20,-32.2,118.5, 7, 37, , , , , ,998.0, , 6, 8, 1003, , 167, , , , , , , , , , , , , , , , , , , , , , , , , , 10,12.9, , 6, 3, 23.2, 1, , , , , , , , , , , , , , , , , , , , , , , ,,2026-03-28 06:00:00,12.9,46.440000000000005,A
